date,gender,gender_label,time_code,time_label,url,row_index,confidence,basis,analysis
1985-12-23,male,男命,1,0-1点,http://mfsm.kvov.com/fx/1985-12-23/mfsmm-1-1.html,1,71%,本命 官禄宫 坐守 巨门,适合自由业、动口生财，以药为业，药剂师、医生，以学术为业，学者、出版、书局，五术、中介，事业有扩充之心，但常适得其反，不宜作大，易招刑杖。
1985-12-23,male,男命,1,0-1点,http://mfsm.kvov.com/fx/1985-12-23/mfsmm-1-1.html,2,71%,本命 坐守 太阳,"慷慨、慈和，气量宽宏，宜白天出生的人，不宜晚上出生的人。
晚上出生的人刑克男性六亲的程度大，白天出生的人刑克男性六亲的程度小。"
1985-12-23,male,男命,1,0-1点,http://mfsm.kvov.com/fx/1985-12-23/mfsmm-1-1.html,3,71%,本命 迁移宫 坐守 化权,外出较能展现才华能干，在外好动，喜掌权，受人器重，易与人有争执、摩擦，应避免锋芒毕露而遭嫉。
1985-12-23,male,男命,1,0-1点,http://mfsm.kvov.com/fx/1985-12-23/mfsmm-1-1.html,4,71%,本命 田宅宫 坐守 禄存,家产多，祖业昌荣。
1985-12-23,male,男命,1,0-1点,http://mfsm.kvov.com/fx/1985-12-23/mfsmm-1-1.html,5,71%,本命 夫妻宫 坐守 天同,"男命得贤内助，聪明美丽，女命得夫温柔体贴，感情和睦。
但天同于辰、戌、丑、未宫配偶年纪较小，易有外遇。"
1985-12-23,male,男命,1,0-1点,http://mfsm.kvov.com/fx/1985-12-23/mfsmm-1-1.html,6,71%,本命 福德宫 坐守 化禄,"有福可享、生活较讲究。
乐善好施，愈布施、愈有财富、食禄、福禄，明去暗来。
头脑聪慧，乃前世修来之聪明，悟性很高。"
1985-12-23,male,男命,1,0-1点,http://mfsm.kvov.com/fx/1985-12-23/mfsmm-1-1.html,7,71%,本命 交友宫 坐守 天相,下属及友人对自己忠诚。
1985-12-23,male,男命,1,0-1点,http://mfsm.kvov.com/fx/1985-12-23/mfsmm-1-1.html,8,71%,本命 田宅宫 坐守 化科,住宅舒适，不喜搬家，居家朴实，家中整洁、舒爽、高雅，相处和睦，家庭温暖，互相关怀。
1985-12-23,male,男命,1,0-1点,http://mfsm.kvov.com/fx/1985-12-23/mfsmm-1-1.html,9,69%,本命 兄弟宫 加会 贪狼 火星,横发。
1985-12-23,male,男命,1,0-1点,http://mfsm.kvov.com/fx/1985-12-23/mfsmm-1-1.html,10,68%,"本命 坐守 右弼
本命 三方四正不见 左辅",即使下属众多，也助力不多，可能仅为代人管理。
1985-12-23,male,男命,1,0-1点,http://mfsm.kvov.com/fx/1985-12-23/mfsmm-1-1.html,11,67%,本命 坐守 天魁,"圆脸、面短，额与地阁(即下巴两侧)均呈圆形，有威仪。
地阁尖方，或尖圆而小，中矮身材，微瘦。"
1985-12-23,male,男命,1,0-1点,http://mfsm.kvov.com/fx/1985-12-23/mfsmm-1-1.html,12,67%,本命 官禄宫 坐守 擎羊,为工程科技人员。
1985-12-23,male,男命,1,0-1点,http://mfsm.kvov.com/fx/1985-12-23/mfsmm-1-1.html,13,67%,本命 夫妻宫 坐守 文昌,"感情随心情之变化大，有文艺气息。
男命有吸引力，有气质，玩弄风情。"
1985-12-23,male,男命,1,0-1点,http://mfsm.kvov.com/fx/1985-12-23/mfsmm-1-1.html,14,67%,本命 福德宫 坐守 陀罗,多忧愁。
1985-12-23,male,男命,1,0-1点,http://mfsm.kvov.com/fx/1985-12-23/mfsmm-1-1.html,15,67%,本命 坐守 右弼,中矮身材，有痣，或有斑点，地阁尖方，或尖圆。
1985-12-23,male,男命,1,0-1点,http://mfsm.kvov.com/fx/1985-12-23/mfsmm-1-1.html,16,67%,本命 夫妻宫 坐守 铃星,感情容易有阻碍，夫妻之间有时争吵不休，有时又会有冷战的场面，所以，在遇到任何问题时，都能平心静气的面对，多些耐心与包容，并培养共同的兴趣及爱好，必可减轻婚姻破裂的危机。
1985-12-23,male,男命,1,0-1点,http://mfsm.kvov.com/fx/1985-12-23/mfsmm-1-1.html,17,66%,本命 财帛宫 加会3个及以上 化忌 火星 铃星 地劫 地空 陀罗 擎羊,钱财必有大破败的情况，纵发一时之财，也会因财致祸，多财务纠纷，财不能久留。
1985-12-23,male,男命,1,0-1点,http://mfsm.kvov.com/fx/1985-12-23/mfsmm-1-1.html,18,66%,乙年出生,感性多情又执着，容易情绪不稳，过于完美主义又爱钻牛角尖，经常吹毛求疵让人受不了。而且还是个夜猫族，喜欢夜不归宿，容易流连灯红酒绿的场合，让人捉摸不定很没安全感，将成为其感情的致命伤。
1985-12-23,male,男命,1,0-1点,http://mfsm.kvov.com/fx/1985-12-23/mfsmm-1-1.html,19,66%,本命 疾病宫 加会3个及以上 化忌 火星 铃星 地劫 地空 陀罗 擎羊,一生多病多灾，或受慢性病的折磨而难以治疗。
1985-12-23,male,男命,1,0-1点,http://mfsm.kvov.com/fx/1985-12-23/mfsmm-1-1.html,20,64%,本命 财帛宫 加会 天魁 天钺,有生财的机会，常常由于曲章制度的改变而带来。
1985-12-23,male,男命,1,0-1点,http://mfsm.kvov.com/fx/1985-12-23/mfsmm-1-1.html,21,64%,本命 夫妻宫 坐守 寡宿,会一相情愿的认定对方应该知道自己在想些什么，只要另一半稍微不注意自己，或是外出时忽略了自己的存在，就很有可能会生闷气，等到另一半终于发现，问说到底为何生气时，他们也会[问你自己啊！]把对方弄得一头雾水的。
1985-12-23,male,男命,1,0-1点,http://mfsm.kvov.com/fx/1985-12-23/mfsmm-1-1.html,22,64%,本命 财帛宫 加会 左辅 右弼,衣禄丰隆，可凭别人助力求财，可考虑独立经营。
1985-12-23,male,男命,1,0-1点,http://mfsm.kvov.com/fx/1985-12-23/mfsmm-1-1.html,23,64%,本命 加会 天魁 天钺,有学识，高学历，端庄，一生多助人，也多得众人相助，能逢凶化吉，遇难呈祥。
1985-12-23,male,男命,1,0-1点,http://mfsm.kvov.com/fx/1985-12-23/mfsmm-1-1.html,24,64%,本命 官禄宫 加会 天魁 天钺,事业上多贵人，特别是上级、尊长的支持，凡遇困难都会逢凶化吉。
1985-12-23,male,男命,1,0-1点,http://mfsm.kvov.com/fx/1985-12-23/mfsmm-1-1.html,25,61%,本命 交友宫 加会2个及以上 火星 铃星 地劫 地空 陀罗 擎羊,多小人、破耗、纠纷、是非，易遭背弃与损害。
1985-12-23,male,男命,1,0-1点,http://mfsm.kvov.com/fx/1985-12-23/mfsmm-1-1.html,26,61%,本命 夫妻宫 加会2个及以上 红鸾 天喜 咸池 天姚 沐浴,有选择较潇洒花俏的对象倾向外，在对异性的感情方面，也会较感性和感情较丰富。
1985-12-23,male,男命,1,0-1点,http://mfsm.kvov.com/fx/1985-12-23/mfsmm-1-1.html,27,61%,本命 迁移宫 加会2个及以上 左辅 右弼 天魁 天钺,工作职业，外出多得贵人扶助，逢凶化吉，而发财。动中每得贵人扶助，逢凶化吉。
1985-12-23,male,男命,1,0-1点,http://mfsm.kvov.com/fx/1985-12-23/mfsmm-1-1.html,28,61%,本命 加会2个及以上 红鸾 天喜 咸池 天姚 沐浴,"长相不赖，举止斯文得体，善于在有意无意间释放魅力，人缘好，能得到异性的青睐，处事的手腕圆滑，能接受新观念，即使不放电，也满容易得到异性的怜爱与包容。
由于思维细腻，第六感敏锐，才华洋溢，好高骛远，对于浪漫的爱情生活十分积极主动，也十分向往，善用智慧及创意才华来赚钱。
偏财运及横财运好，也十分喜欢钱财，会追求高收入以满足自己的生活品味及兴趣爱好。有完美主义的刚烈个性，很有企图心，拼劲十足，韧性很强，能够不畏困难完成使命，努力追求自我成就。"
1985-12-23,male,男命,1,0-1点,http://mfsm.kvov.com/fx/1985-12-23/mfsmm-1-1.html,29,61%,本命 子宫,善机变，喜投机取巧，热情开朗，乐观，多情，事业因有机巧而容易成功，异性缘好。
1985-12-23,male,男命,1,0-1点,http://mfsm.kvov.com/fx/1985-12-23/mfsmm-1-1.html,30,60%,本命 财帛宫 加会 恩光 天贵,能受人提拔而得财。
1985-12-23,male,男命,1,0-1点,http://mfsm.kvov.com/fx/1985-12-23/mfsmm-1-1.html,31,60%,本命 财帛宫 加会 天官 天福,能受人提拔而得财。
1985-12-23,male,男命,1,0-1点,http://mfsm.kvov.com/fx/1985-12-23/mfsmm-1-1.html,32,59%,本命 夫妻宫 坐守1个及以上 火星 铃星 地劫 地空 陀罗 擎羊,配偶往往多有特殊个性或刚强，有主见，有时会增加婚姻的纠纷与争执，多多少少有些困扰。
1985-12-23,male,男命,1,0-1点,http://mfsm.kvov.com/fx/1985-12-23/mfsmm-1-1.html,33,59%,本命 夫妻宫 坐守1个及以上 天梁 天同 天机 太阴,自身会倾向于选择外表和个性属于较温和的人。
1985-12-23,male,男命,1,0-1点,http://mfsm.kvov.com/fx/1985-12-23/mfsmm-1-1.html,34,59%,本命 福德宫 坐守1个及以上 陀罗 天空,不畏挫折，挥霍，灵感佳。
1985-12-23,male,男命,1,0-1点,http://mfsm.kvov.com/fx/1985-12-23/mfsmm-1-1.html,35,59%,本命 坐守1个及以上 地劫 地空 大耗,青少年贫困，破财不聚，多浪费消耗，事业发展艰难。
1985-12-23,male,男命,1,0-1点,http://mfsm.kvov.com/fx/1985-12-23/mfsmm-1-1.html,36,59%,本命 福德宫 坐守1个及以上 化忌 陀罗 擎羊 天刑,多烦恼纠纷，福薄不安。
1985-12-23,male,男命,1,0-1点,http://mfsm.kvov.com/fx/1985-12-23/mfsmm-1-1.html,37,59%,本命 夫妻宫 坐守1个及以上 贪狼 巨门 破军 七杀 文昌 文曲 左辅 右弼 天魁 天钺 咸池 天姚,易有桃花。
1985-12-23,male,男命,1,0-1点,http://mfsm.kvov.com/fx/1985-12-23/mfsmm-1-1.html,38,58%,本命 福德宫 坐守 长生,思想、内涵可以通过不断思考而成长。
1985-12-23,male,男命,1,0-1点,http://mfsm.kvov.com/fx/1985-12-23/mfsmm-1-1.html,39,54%,本命 福德宫 加会1个及以上 孤辰 寡宿,精神空虚，思想独立。
1985-12-23,male,男命,1,0-1点,http://mfsm.kvov.com/fx/1985-12-23/mfsmm-1-1.html,40,54%,本命 加会1个及以上 左辅 右弼 天魁 天钺,能得朋友提携、相助之力。
1985-12-23,male,男命,1,0-1点,http://mfsm.kvov.com/fx/1985-12-23/mfsmm-1-1.html,41,50%,身宫 命宫,"主观强烈，不易受外在环境之影响，讨得这类人的欢心，需要极力讨好，做到对方感觉以自我为中心。
个性强，固执，坦率耿直，口硬心软，行事之功过大都自己承担，命运可能大好也可能大坏，一般来讲，平生较劳碌。
宫吉、三方吉拱，就能大好；宫凶、三方又凶则不稳定。"
1985-12-23,male,男命,3,1-3点,http://mfsm.kvov.com/fx/1985-12-23/mfsmm-3-1.html,1,80%,本命 夫妻宫 坐守 武曲 文昌,配偶才华横溢，能文能武。
1985-12-23,male,男命,3,1-3点,http://mfsm.kvov.com/fx/1985-12-23/mfsmm-3-1.html,2,80%,本命 交友宫 坐守 太阴 火星,小心同事、朋友背叛。
1985-12-23,male,男命,3,1-3点,http://mfsm.kvov.com/fx/1985-12-23/mfsmm-3-1.html,3,80%,"本命 交友宫 坐守 太阴
本命 交友宫 坐守1个及以上 火星 铃星",为友人或下属之事而奔忙。
1985-12-23,male,男命,3,1-3点,http://mfsm.kvov.com/fx/1985-12-23/mfsmm-3-1.html,4,78%,"本命 空宫
本命 加会2个及以上 火星 铃星 地劫 地空 陀罗 擎羊",两姓延生，不然破相。
1985-12-23,male,男命,3,1-3点,http://mfsm.kvov.com/fx/1985-12-23/mfsmm-3-1.html,5,76%,"身宫 加会 文昌 文曲 化科
身宫 不坐守 命宫",在文学功名方面有天赋和成就。
1985-12-23,male,男命,3,1-3点,http://mfsm.kvov.com/fx/1985-12-23/mfsmm-3-1.html,6,76%,"本命 坐守 天马
本命 坐守1个及以上 红鸾 天喜 咸池 天姚 沐浴",自身一生桃花不断。
1985-12-23,male,男命,3,1-3点,http://mfsm.kvov.com/fx/1985-12-23/mfsmm-3-1.html,7,75%,"本命 官禄宫 坐守 天府
本命 官禄宫 加会1个及以上 禄存 化禄",事业亨通。
1985-12-23,male,男命,3,1-3点,http://mfsm.kvov.com/fx/1985-12-23/mfsmm-3-1.html,8,75%,"本命 交友宫 坐守1个及以上 火星 铃星
本命 交友宫 加会 地劫 地空 大耗",朋友成事不足，败事有余，易因朋友而破耗钱财。
1985-12-23,male,男命,3,1-3点,http://mfsm.kvov.com/fx/1985-12-23/mfsmm-3-1.html,9,75%,"本命 迁移宫 坐守 贪狼
本命 迁移宫 加会1个及以上 红鸾 天喜 咸池 天姚 沐浴",因色致祸。
1985-12-23,male,男命,3,1-3点,http://mfsm.kvov.com/fx/1985-12-23/mfsmm-3-1.html,10,74%,本命 命宫 加会 贪狼 廉贞,有色彩感，爱好艺术，喜运动或跳舞。
1985-12-23,male,男命,3,1-3点,http://mfsm.kvov.com/fx/1985-12-23/mfsmm-3-1.html,11,74%,本命 福德宫 加会 贪狼 廉贞,有色彩感，爱好艺术，喜运动或跳舞。
1985-12-23,male,男命,3,1-3点,http://mfsm.kvov.com/fx/1985-12-23/mfsmm-3-1.html,12,71%,本命 福德宫 坐守 破军,喜亲力亲为，劳心劳力而不辞，易生改变之心。
1985-12-23,male,男命,3,1-3点,http://mfsm.kvov.com/fx/1985-12-23/mfsmm-3-1.html,13,71%,本命 福德宫 坐守 化科,享受，有计划，精神开朗，喜助人，有福慧，品德好。
1985-12-23,male,男命,3,1-3点,http://mfsm.kvov.com/fx/1985-12-23/mfsmm-3-1.html,14,71%,本命 交友宫 坐守 化忌,与朋友较重情义，有亏欠朋友之感受。
1985-12-23,male,男命,3,1-3点,http://mfsm.kvov.com/fx/1985-12-23/mfsmm-3-1.html,15,71%,本命 子女宫 坐守 天同,子女白手可以兴家，追随自己的晚辈易脱离自己，另起炉灶。
1985-12-23,male,男命,3,1-3点,http://mfsm.kvov.com/fx/1985-12-23/mfsmm-3-1.html,16,71%,身宫 坐守 破军,"能者多劳，能攻不能守，脾气暴燥，正直刚烈，遇困难能表现出领导才能与开创的魄力。
一生事业变动大，经商者多由旧事业翻出新的局面，多双重事业，或兼差兼职，或经常负担额外的工作。
擅开创而不擅守成的性格，创业安定之际，也时生改变局面之心，常易在转折点受到挫折。
先有破坏而后建设，自身的危难多，每易尾大不掉，陷于困境而不能自拔。"
1985-12-23,male,男命,3,1-3点,http://mfsm.kvov.com/fx/1985-12-23/mfsmm-3-1.html,17,71%,本命 迁移宫 坐守 廉贞,宜离开出生地发展。出外多奇遇、劳碌，宜都市发展，在家日子少。
1985-12-23,male,男命,3,1-3点,http://mfsm.kvov.com/fx/1985-12-23/mfsmm-3-1.html,18,71%,本命 父母宫 坐守 天机,不是［远离父母］，就是［刑克］。
1985-12-23,male,男命,3,1-3点,http://mfsm.kvov.com/fx/1985-12-23/mfsmm-3-1.html,19,71%,本命 福德宫 坐守 紫微,一生福德深厚，能享受崇高富贵之乐。可能会有与另一半缺乏沟通的状况。而且内心深处比较自我，会让另一半觉得自己不够重要，从而影响婚姻。
1985-12-23,male,男命,3,1-3点,http://mfsm.kvov.com/fx/1985-12-23/mfsmm-3-1.html,20,71%,本命 夫妻宫 坐守 七杀,配偶一不高兴脸就拉下来，翻脸像翻书。
1985-12-23,male,男命,3,1-3点,http://mfsm.kvov.com/fx/1985-12-23/mfsmm-3-1.html,21,71%,本命 官禄宫 坐守 天府,凡有经营，以脚踏实地为佳，否则徒自寻烦恼。
1985-12-23,male,男命,3,1-3点,http://mfsm.kvov.com/fx/1985-12-23/mfsmm-3-1.html,22,71%,本命 夫妻宫 坐守 武曲,"刑克，易生离再婚。父母之命，媒约之言，必生悔恨，非克即离。
如果武曲入庙者，迟婚可免，以同年龄者合合格。
如果武曲入庙会吉星及文昌、文曲、化科者，妻子贤能。
如果有禄存、天马者，因妻得财。
如果会天姚星以竹目然相识，自由恋爱者，始能配合。"
1985-12-23,male,男命,3,1-3点,http://mfsm.kvov.com/fx/1985-12-23/mfsmm-3-1.html,23,71%,本命 子女宫 坐守 化权,子女幼年顽皮，叛逆，宜用疏导方式教导，不可用专制或压抑方式管教，避免反弹。
1985-12-23,male,男命,3,1-3点,http://mfsm.kvov.com/fx/1985-12-23/mfsmm-3-1.html,24,71%,本命 迁移宫 坐守 贪狼,社交范围广泛，能接触到各行各业的人士，并能够从他们身上获得信息、资源。
1985-12-23,male,男命,3,1-3点,http://mfsm.kvov.com/fx/1985-12-23/mfsmm-3-1.html,25,71%,本命 父母宫 坐守 化禄,"父母与我有缘、得父母之庇荫、得财禄、头脑聪明。
藉父母、长上之力或服务公家机构得食禄、财禄。
在出生地、血缘地发展，较能得食禄、财禄。"
1985-12-23,male,男命,3,1-3点,http://mfsm.kvov.com/fx/1985-12-23/mfsmm-3-1.html,26,71%,本命 官禄宫 坐守 禄存,一般只宜经营现成事业，或作受薪阶级，不作富论。
1985-12-23,male,男命,3,1-3点,http://mfsm.kvov.com/fx/1985-12-23/mfsmm-3-1.html,27,68%,"本命 父母宫 坐守 右弼
本命 父母宫 三方四正不见 左辅",离宗庶出或两重父母。
1985-12-23,male,男命,3,1-3点,http://mfsm.kvov.com/fx/1985-12-23/mfsmm-3-1.html,28,67%,本命 独坐 铃星,易孤单并弃祖，残伤带疾。僧道多飘荡，还俗定无伦。
1985-12-23,male,男命,3,1-3点,http://mfsm.kvov.com/fx/1985-12-23/mfsmm-3-1.html,29,67%,本命 坐守 铃星,"面色青黄，有奇特怪异之处，说话声音低沉或沙哑，头面手足有伤，或麻面。
顽固，自以为是，刚强出众，急躁胆大。"
1985-12-23,male,男命,3,1-3点,http://mfsm.kvov.com/fx/1985-12-23/mfsmm-3-1.html,30,67%,本命 坐守 天马,中等身材，不瘦，额角高耸饱满。
1985-12-23,male,男命,3,1-3点,http://mfsm.kvov.com/fx/1985-12-23/mfsmm-3-1.html,31,67%,本命 夫妻宫 坐守 文昌,"感情随心情之变化大，有文艺气息。
男命有吸引力，有气质，玩弄风情。"
1985-12-23,male,男命,3,1-3点,http://mfsm.kvov.com/fx/1985-12-23/mfsmm-3-1.html,32,67%,本命 空宫,幼年多病，与双亲感情浅，一生当中会更改自己姓或名，离乡外赴等情形。
1985-12-23,male,男命,3,1-3点,http://mfsm.kvov.com/fx/1985-12-23/mfsmm-3-1.html,33,66%,乙年出生,感性多情又执着，容易情绪不稳，过于完美主义又爱钻牛角尖，经常吹毛求疵让人受不了。而且还是个夜猫族，喜欢夜不归宿，容易流连灯红酒绿的场合，让人捉摸不定很没安全感，将成为其感情的致命伤。
1985-12-23,male,男命,3,1-3点,http://mfsm.kvov.com/fx/1985-12-23/mfsmm-3-1.html,34,66%,本命 加会3个及以上 化忌 火星 铃星 地劫 地空 陀罗 擎羊,兄弟姐妹体弱，或刑克分离，甚至无兄弟姐妹。
1985-12-23,male,男命,3,1-3点,http://mfsm.kvov.com/fx/1985-12-23/mfsmm-3-1.html,35,66%,本命 疾病宫 加会3个及以上 化忌 火星 铃星 地劫 地空 陀罗 擎羊,一生多病多灾，或受慢性病的折磨而难以治疗。
1985-12-23,male,男命,3,1-3点,http://mfsm.kvov.com/fx/1985-12-23/mfsmm-3-1.html,36,66%,本命 交友宫 加会3个及以上 文昌 文曲 左辅 右弼 天魁 天钺,可得朋友帮助。
1985-12-23,male,男命,3,1-3点,http://mfsm.kvov.com/fx/1985-12-23/mfsmm-3-1.html,37,64%,本命 田宅宫 坐守 天巫,能继承家里的产业。
1985-12-23,male,男命,3,1-3点,http://mfsm.kvov.com/fx/1985-12-23/mfsmm-3-1.html,38,64%,本命 迁移宫 加会 文昌 文曲,外出遇贵发达，能以才艺扬名。
1985-12-23,male,男命,3,1-3点,http://mfsm.kvov.com/fx/1985-12-23/mfsmm-3-1.html,39,64%,本命 坐守 天姚,交际广与异性交往之机会多、花钱大方、风流潇洒，较注重仪表，会很自然的散发出吸引异性注目关爱的魅力，可说是天生的放电高手，即使不具备美女、俊男的条件，却能以文采、气质、言行表现等肢体语言来赢得青睐及仰慕！
1985-12-23,male,男命,3,1-3点,http://mfsm.kvov.com/fx/1985-12-23/mfsmm-3-1.html,40,64%,"本命 财帛宫 加会 天马
本命 财帛宫 加会1个及以上 禄存 化禄",钱财流动量大，买进卖出量大，可经商致富。
1985-12-23,male,男命,3,1-3点,http://mfsm.kvov.com/fx/1985-12-23/mfsmm-3-1.html,41,64%,"本命 官禄宫 加会 天马
本命 加会1个及以上 禄存 化禄",富，财运好。
1985-12-23,male,男命,3,1-3点,http://mfsm.kvov.com/fx/1985-12-23/mfsmm-3-1.html,42,64%,本命 夫妻宫 坐守 凤阁,对于另一半的要求会比较高，尤其希望对方能拥有绝佳的气质风范，只要是不符合他们要求的人就会被三振出局，所以最后选择的对象，通常也都会是一时之选。
1985-12-23,male,男命,3,1-3点,http://mfsm.kvov.com/fx/1985-12-23/mfsmm-3-1.html,43,64%,本命 财帛宫 坐守 大耗,财来财去，不能累积，做生意则容易亏蚀。
1985-12-23,male,男命,3,1-3点,http://mfsm.kvov.com/fx/1985-12-23/mfsmm-3-1.html,44,64%,本命 坐守 旬空,多障碍，凡事易节外生枝。
1985-12-23,male,男命,3,1-3点,http://mfsm.kvov.com/fx/1985-12-23/mfsmm-3-1.html,45,64%,本命 加会 地劫 地空,"所学所用较讲求实用，生活单调无趣；
也比较不会说谎，沉不住气藏不住话；
性急又胡思乱想，很容易有预设立场之嫌；
多空想而少实际。想法很多，却常因为种种原因无法放手去做，陷入空想多于实践的窘境。
故有半空折翅，浪里行舟的说法。"
1985-12-23,male,男命,3,1-3点,http://mfsm.kvov.com/fx/1985-12-23/mfsmm-3-1.html,46,64%,"本命 加会 天马
本命 加会1个及以上 地劫 地空",再富也终贫。
1985-12-23,male,男命,3,1-3点,http://mfsm.kvov.com/fx/1985-12-23/mfsmm-3-1.html,47,64%,"本命 加会1个及以上 禄存 化禄
本命 加会 天马",无往而不利，尤利于赚外部的钱财，或迁移外部而得财运，但这种财运要本人努力然后才能获得，故属于自力。
1985-12-23,male,男命,3,1-3点,http://mfsm.kvov.com/fx/1985-12-23/mfsmm-3-1.html,48,64%,本命 疾病宫 坐守 咸池,易得妇女暗病，男子生殖系统疾病，轻则为湿热。
1985-12-23,male,男命,3,1-3点,http://mfsm.kvov.com/fx/1985-12-23/mfsmm-3-1.html,49,63%,"本命 坐守1个及以上 贪狼 廉贞 红鸾 天喜 咸池 天姚 沐浴
本命 加会1个及以上 禄存 化禄",有创造力，可以拥有独特的创意，可通过从事艺术类的工作而发达。
1985-12-23,male,男命,3,1-3点,http://mfsm.kvov.com/fx/1985-12-23/mfsmm-3-1.html,50,61%,本命 交友宫 加会2个及以上 左辅 右弼 天魁 天钺 化禄 化权 化科,得正直之友，助力大，并得下属拥护。
1985-12-23,male,男命,3,1-3点,http://mfsm.kvov.com/fx/1985-12-23/mfsmm-3-1.html,51,61%,本命 加会2个及以上 化忌 地劫 地空 陀罗 擎羊,秀而不实福泽有损（富不全），或富贵只得其一，或富不很富，贵不很贵，或因富贵致祸，或人生有其他缺憾。
1985-12-23,male,男命,3,1-3点,http://mfsm.kvov.com/fx/1985-12-23/mfsmm-3-1.html,52,61%,本命 交友宫 加会2个及以上 火星 铃星 地劫 地空 陀罗 擎羊,多小人、破耗、纠纷、是非，易遭背弃与损害。
1985-12-23,male,男命,3,1-3点,http://mfsm.kvov.com/fx/1985-12-23/mfsmm-3-1.html,53,60%,本命 官禄宫 加会 台辅 封诰,有荣誉。
1985-12-23,male,男命,3,1-3点,http://mfsm.kvov.com/fx/1985-12-23/mfsmm-3-1.html,54,60%,本命 财帛宫 加会 台辅 封诰,因荣誉或商誉而得财。
1985-12-23,male,男命,3,1-3点,http://mfsm.kvov.com/fx/1985-12-23/mfsmm-3-1.html,55,60%,本命 加会 恩光 天贵,有殊荣，爵禄，受奖励，可带来实际利益，如帮助竞争得利，典试中奖等。
1985-12-23,male,男命,3,1-3点,http://mfsm.kvov.com/fx/1985-12-23/mfsmm-3-1.html,56,60%,本命 财帛宫 加会 恩光 天贵,能受人提拔而得财。
1985-12-23,male,男命,3,1-3点,http://mfsm.kvov.com/fx/1985-12-23/mfsmm-3-1.html,57,59%,本命 父母宫 坐守1个及以上 地劫 地空 天空,性格受双亲影响小，自己对双亲的教育有抗拒性，会孝养父母，与父母缘份不深，与父母分居少于住在一起。
1985-12-23,male,男命,3,1-3点,http://mfsm.kvov.com/fx/1985-12-23/mfsmm-3-1.html,58,59%,本命 夫妻宫 坐守1个及以上 贪狼 破军 七杀,自身会倾向于选择比较有个性和较活跃型的人。
1985-12-23,male,男命,3,1-3点,http://mfsm.kvov.com/fx/1985-12-23/mfsmm-3-1.html,59,59%,本命 福德宫 坐守1个及以上 天魁 天钺 化禄 化权 化科,一生常与富贵之人为友，多受助力，终身福厚得享，生活富裕，精神愉快，婚姻运强。
1985-12-23,male,男命,3,1-3点,http://mfsm.kvov.com/fx/1985-12-23/mfsmm-3-1.html,60,59%,本命 坐守1个及以上 咸池 天姚 沐浴,自身必有桃花的困扰。
1985-12-23,male,男命,3,1-3点,http://mfsm.kvov.com/fx/1985-12-23/mfsmm-3-1.html,61,59%,本命 坐守1个及以上 红鸾 天喜 咸池 天姚 沐浴,自身易有异性缘。
1985-12-23,male,男命,3,1-3点,http://mfsm.kvov.com/fx/1985-12-23/mfsmm-3-1.html,62,59%,本命 夫妻宫 坐守1个及以上 龙池 凤阁,配偶较讲究情调，精神面需求较高。
1985-12-23,male,男命,3,1-3点,http://mfsm.kvov.com/fx/1985-12-23/mfsmm-3-1.html,63,59%,本命 夫妻宫 坐守1个及以上 贪狼 巨门 破军 七杀 文昌 文曲 左辅 右弼 天魁 天钺 咸池 天姚,易有桃花。
1985-12-23,male,男命,3,1-3点,http://mfsm.kvov.com/fx/1985-12-23/mfsmm-3-1.html,64,59%,本命 子女宫 坐守1个及以上 红鸾 天喜,女多子少。
1985-12-23,male,男命,3,1-3点,http://mfsm.kvov.com/fx/1985-12-23/mfsmm-3-1.html,65,58%,本命 财帛宫 坐守 天刑,宜以刑法是非相关求财。
1985-12-23,male,男命,3,1-3点,http://mfsm.kvov.com/fx/1985-12-23/mfsmm-3-1.html,66,57%,"身宫 加会1个及以上 龙池 凤阁
身宫 不坐守 命宫",有骄傲、高洁、不随俗的特性。
1985-12-23,male,男命,3,1-3点,http://mfsm.kvov.com/fx/1985-12-23/mfsmm-3-1.html,67,54%,本命 加会1个及以上 龙池 凤阁,有骄傲、高洁、不随俗的特性。
1985-12-23,male,男命,3,1-3点,http://mfsm.kvov.com/fx/1985-12-23/mfsmm-3-1.html,68,51%,本命 夫妻宫 三方四正不见 化忌 火星 铃星 地劫 地空 陀罗 擎羊,只要结婚对象不太离谱，通常婚姻比较能得美满和谐。
1985-12-23,male,男命,3,1-3点,http://mfsm.kvov.com/fx/1985-12-23/mfsmm-3-1.html,69,50%,身宫 福德宫,"有钱花在自己身上，满足于娱乐，比较爱享受，享福，注重生活品质，可能会有些缺乏积极进取，努力奋斗的精神，可能会承袭祖上余荫之生活方式，不愿去做改变。
或一生辛劳，过着闷闷不乐的生活；或有钱不会花，为守财奴；或能知足常乐。"
1985-12-23,male,男命,5,3-5点,http://mfsm.kvov.com/fx/1985-12-23/mfsmm-5-1.html,1,71%,本命 财帛宫 坐守 巨门,劳心费神以求财，或以口舌求财。且不宜心高气傲，否则必生破败。财不过一代，注意子女是否散财。
1985-12-23,male,男命,5,3-5点,http://mfsm.kvov.com/fx/1985-12-23/mfsmm-5-1.html,2,71%,本命 交友宫 坐守 禄存,劳碌。一生只是较辛苦、奔波。
1985-12-23,male,男命,5,3-5点,http://mfsm.kvov.com/fx/1985-12-23/mfsmm-5-1.html,3,70%,"本命 财帛宫 坐守1个及以上 贪狼 巨门 破军 天梁 七杀 天机
本命 财帛宫 加会2个及以上 化忌 火星 铃星 地劫 地空 陀罗 擎羊",多为好赌之辈，可能血本无归。
1985-12-23,male,男命,5,3-5点,http://mfsm.kvov.com/fx/1985-12-23/mfsmm-5-1.html,4,70%,"身宫 坐守 陀罗
身宫 不坐守 命宫",自身多是天生孤独命。
1985-12-23,male,男命,5,3-5点,http://mfsm.kvov.com/fx/1985-12-23/mfsmm-5-1.html,5,69%,本命 兄弟宫 加会 贪狼 火星,横发。
1985-12-23,male,男命,5,3-5点,http://mfsm.kvov.com/fx/1985-12-23/mfsmm-5-1.html,6,69%,本命 子女宫 加会 天马 禄存,子女多远离膝下。
1985-12-23,male,男命,5,3-5点,http://mfsm.kvov.com/fx/1985-12-23/mfsmm-5-1.html,7,67%,"身宫 坐守 孤辰
身宫 不坐守 命宫",天生孤独命。
1985-12-23,male,男命,5,3-5点,http://mfsm.kvov.com/fx/1985-12-23/mfsmm-5-1.html,8,67%,本命 官禄宫 坐守 陀罗,宜从事工艺、工程，不宜经商，常陷于胶着状态，不但事业发展缓慢，而且往往有名无实，权力被挂空，有时也代表事业反覆，难安居、坐享其成。
1985-12-23,male,男命,5,3-5点,http://mfsm.kvov.com/fx/1985-12-23/mfsmm-5-1.html,9,67%,本命 夫妻宫 坐守 文昌,"感情随心情之变化大，有文艺气息。
男命有吸引力，有气质，玩弄风情。"
1985-12-23,male,男命,5,3-5点,http://mfsm.kvov.com/fx/1985-12-23/mfsmm-5-1.html,10,67%,本命 夫妻宫 坐守 天钺,配偶长相不错，体贴有责任感，人际关系好，外缘佳，常受到贵人的帮助。不过，中晚年后夫妻容易有隔阂，因而感情受到波折。自身异性缘佳，易有桃花、外遇，常常受到异性或配偶的帮助。
1985-12-23,male,男命,5,3-5点,http://mfsm.kvov.com/fx/1985-12-23/mfsmm-5-1.html,11,67%,本命 迁移宫 坐守 擎羊,为人直爽，但会得罪人，必然遭到他人的记恨。
1985-12-23,male,男命,5,3-5点,http://mfsm.kvov.com/fx/1985-12-23/mfsmm-5-1.html,12,67%,本命 福德宫 坐守 铃星,内心经常焦虑。忙碌少清闲，精神生活不安，少乐多忧，易压抑情绪。在婚姻中，容易一言不合就生气，需要注意情绪控制。
1985-12-23,male,男命,5,3-5点,http://mfsm.kvov.com/fx/1985-12-23/mfsmm-5-1.html,13,67%,本命 财帛宫 坐守 文曲,文艺之财，细水长流，不断之财。
1985-12-23,male,男命,5,3-5点,http://mfsm.kvov.com/fx/1985-12-23/mfsmm-5-1.html,14,66%,本命 加会3个及以上 化忌 火星 铃星 地劫 地空 陀罗 擎羊,兄弟姐妹体弱，或刑克分离，甚至无兄弟姐妹。
1985-12-23,male,男命,5,3-5点,http://mfsm.kvov.com/fx/1985-12-23/mfsmm-5-1.html,15,66%,乙年出生,感性多情又执着，容易情绪不稳，过于完美主义又爱钻牛角尖，经常吹毛求疵让人受不了。而且还是个夜猫族，喜欢夜不归宿，容易流连灯红酒绿的场合，让人捉摸不定很没安全感，将成为其感情的致命伤。
1985-12-23,male,男命,5,3-5点,http://mfsm.kvov.com/fx/1985-12-23/mfsmm-5-1.html,16,66%,本命 疾病宫 加会3个及以上 化忌 火星 铃星 地劫 地空 陀罗 擎羊,一生多病多灾，或受慢性病的折磨而难以治疗。
1985-12-23,male,男命,5,3-5点,http://mfsm.kvov.com/fx/1985-12-23/mfsmm-5-1.html,17,64%,本命 坐守 寡宿,宅头小。
1985-12-23,male,男命,5,3-5点,http://mfsm.kvov.com/fx/1985-12-23/mfsmm-5-1.html,18,64%,本命 财帛宫 坐守 天厨,宜从事食品业以求财。
1985-12-23,male,男命,5,3-5点,http://mfsm.kvov.com/fx/1985-12-23/mfsmm-5-1.html,19,64%,本命 夫妻宫 坐守 台辅,配偶有荣誉与声望。
1985-12-23,male,男命,5,3-5点,http://mfsm.kvov.com/fx/1985-12-23/mfsmm-5-1.html,20,64%,本命 财帛宫 加会 左辅 右弼,衣禄丰隆，可凭别人助力求财，可考虑独立经营。
1985-12-23,male,男命,5,3-5点,http://mfsm.kvov.com/fx/1985-12-23/mfsmm-5-1.html,21,64%,本命 坐守 旬空,多障碍，凡事易节外生枝。
1985-12-23,male,男命,5,3-5点,http://mfsm.kvov.com/fx/1985-12-23/mfsmm-5-1.html,22,64%,本命 田宅宫 加会 左辅 右弼,住所附近多服务性机构，或多友好人群。
1985-12-23,male,男命,5,3-5点,http://mfsm.kvov.com/fx/1985-12-23/mfsmm-5-1.html,23,64%,本命 坐守 天月,不喜欢与人争，安份守己，但有时过于消极没有活力，容易无病呻吟，要特别留意。
1985-12-23,male,男命,5,3-5点,http://mfsm.kvov.com/fx/1985-12-23/mfsmm-5-1.html,24,61%,本命 戌宫,你的婚姻必须要有啦啦队、媒人婆或是顾问团，有三种可能情形会在你身上发生:1.成为感情路上的迷途羔羊。2.经历千辛万苦而刻骨铭心。3.与伴侣难以心灵相通或有难言之隐!
1985-12-23,male,男命,5,3-5点,http://mfsm.kvov.com/fx/1985-12-23/mfsmm-5-1.html,25,61%,本命 加会2个及以上 红鸾 天喜 咸池 天姚 沐浴,"长相不赖，举止斯文得体，善于在有意无意间释放魅力，人缘好，能得到异性的青睐，处事的手腕圆滑，能接受新观念，即使不放电，也满容易得到异性的怜爱与包容。
由于思维细腻，第六感敏锐，才华洋溢，好高骛远，对于浪漫的爱情生活十分积极主动，也十分向往，善用智慧及创意才华来赚钱。
偏财运及横财运好，也十分喜欢钱财，会追求高收入以满足自己的生活品味及兴趣爱好。有完美主义的刚烈个性，很有企图心，拼劲十足，韧性很强，能够不畏困难完成使命，努力追求自我成就。"
1985-12-23,male,男命,5,3-5点,http://mfsm.kvov.com/fx/1985-12-23/mfsmm-5-1.html,26,61%,本命 迁移宫 加会2个及以上 左辅 右弼 天魁 天钺,工作职业，外出多得贵人扶助，逢凶化吉，而发财。动中每得贵人扶助，逢凶化吉。
1985-12-23,male,男命,5,3-5点,http://mfsm.kvov.com/fx/1985-12-23/mfsmm-5-1.html,27,61%,本命 夫妻宫 加会2个及以上 红鸾 天喜 咸池 天姚 沐浴,有选择较潇洒花俏的对象倾向外，在对异性的感情方面，也会较感性和感情较丰富。
1985-12-23,male,男命,5,3-5点,http://mfsm.kvov.com/fx/1985-12-23/mfsmm-5-1.html,28,60%,本命 加会 恩光 天贵,有殊荣，爵禄，受奖励，可带来实际利益，如帮助竞争得利，典试中奖等。
1985-12-23,male,男命,5,3-5点,http://mfsm.kvov.com/fx/1985-12-23/mfsmm-5-1.html,29,60%,本命 田宅宫 加会 龙池 凤阁,房屋美观、清洁。
1985-12-23,male,男命,5,3-5点,http://mfsm.kvov.com/fx/1985-12-23/mfsmm-5-1.html,30,59%,本命 财帛宫 坐守1个及以上 巨门 天梁 天机,财多由口舌竞争而得。
1985-12-23,male,男命,5,3-5点,http://mfsm.kvov.com/fx/1985-12-23/mfsmm-5-1.html,31,59%,本命 福德宫 坐守1个及以上 天魁 天钺 化禄 化权 化科,一生常与富贵之人为友，多受助力，终身福厚得享，生活富裕，精神愉快，婚姻运强。
1985-12-23,male,男命,5,3-5点,http://mfsm.kvov.com/fx/1985-12-23/mfsmm-5-1.html,32,59%,本命 夫妻宫 坐守1个及以上 贪狼 巨门 破军 七杀 文昌 文曲 左辅 右弼 天魁 天钺 咸池 天姚,易有桃花。
1985-12-23,male,男命,5,3-5点,http://mfsm.kvov.com/fx/1985-12-23/mfsmm-5-1.html,33,59%,本命 夫妻宫 坐守1个及以上 天梁 天同 天机 太阴,自身会倾向于选择外表和个性属于较温和的人。
1985-12-23,male,男命,5,3-5点,http://mfsm.kvov.com/fx/1985-12-23/mfsmm-5-1.html,34,58%,本命 加会 天官,既具有领导才能，也拥有不俗的口才。能大大加强一个人的管理能力。
1985-12-23,male,男命,5,3-5点,http://mfsm.kvov.com/fx/1985-12-23/mfsmm-5-1.html,35,54%,本命 加会1个及以上 左辅 右弼 天魁 天钺,能得朋友提携、相助之力。
1985-12-23,male,男命,5,3-5点,http://mfsm.kvov.com/fx/1985-12-23/mfsmm-5-1.html,36,50%,身宫 官禄宫,事业心较重之人，一生行事以追求事业成就为目标，热衷于名位，对事业执着，有责任心、事业心，重视荣誉，有野心，做事能力强。
1985-12-23,male,男命,7,5-7点,http://mfsm.kvov.com/fx/1985-12-23/mfsmm-7-1.html,1,75%,"本命 交友宫 坐守 天同
本命 交友宫 加会1个及以上 陀罗 擎羊",友人或下属惹是非。
1985-12-23,male,男命,7,5-7点,http://mfsm.kvov.com/fx/1985-12-23/mfsmm-7-1.html,2,75%,"本命 交友宫 坐守 天同
本命 交友宫 加会1个及以上 火星 铃星",友人或下属招怨，或关系疏离。
1985-12-23,male,男命,7,5-7点,http://mfsm.kvov.com/fx/1985-12-23/mfsmm-7-1.html,3,75%,"本命 坐守 天府
本命 加会1个及以上 禄存 化禄",富贵。
1985-12-23,male,男命,7,5-7点,http://mfsm.kvov.com/fx/1985-12-23/mfsmm-7-1.html,4,75%,"本命 福德宫 坐守 贪狼
本命 福德宫 加会1个及以上 红鸾 天喜 咸池 天姚 沐浴",一生风流自赏，有特别才艺，往往会令异性为之倾到。
1985-12-23,male,男命,7,5-7点,http://mfsm.kvov.com/fx/1985-12-23/mfsmm-7-1.html,5,75%,"本命 福德宫 坐守 贪狼
本命 福德宫 加会1个及以上 地劫 地空 天刑 天空",思想端正。
1985-12-23,male,男命,7,5-7点,http://mfsm.kvov.com/fx/1985-12-23/mfsmm-7-1.html,6,75%,"本命 夫妻宫 坐守 破军
本命 夫妻宫 加会1个及以上 文昌 文曲",多为理想之主义者，而不切实际。
1985-12-23,male,男命,7,5-7点,http://mfsm.kvov.com/fx/1985-12-23/mfsmm-7-1.html,7,75%,"本命 疾病宫 坐守 天寿
本命 酉宫",长寿，而且一生无灾病，且能大病化小，重症也转危为安。
1985-12-23,male,男命,7,5-7点,http://mfsm.kvov.com/fx/1985-12-23/mfsmm-7-1.html,8,75%,"本命 交友宫 坐守 天同
本命 交友宫 加会1个及以上 地劫 地空",因友人或下属受损失，受背弃。
1985-12-23,male,男命,7,5-7点,http://mfsm.kvov.com/fx/1985-12-23/mfsmm-7-1.html,9,74%,本命 父母宫 加会 太阳 太阴,祖产败退，克父母。
1985-12-23,male,男命,7,5-7点,http://mfsm.kvov.com/fx/1985-12-23/mfsmm-7-1.html,10,74%,本命 福德宫 加会 贪狼 廉贞,有色彩感，爱好艺术，喜运动或跳舞。
1985-12-23,male,男命,7,5-7点,http://mfsm.kvov.com/fx/1985-12-23/mfsmm-7-1.html,11,72%,"本命 迁移宫 坐守 禄存
本命 迁移宫 三方四正不见 化忌 火星 铃星 地劫 地空",出门得利，可以在外地发财，如果在出生地工作，则最好从事多出门、多往外面走、多结交人的工作，不宜长期坐在办公室。
1985-12-23,male,男命,7,5-7点,http://mfsm.kvov.com/fx/1985-12-23/mfsmm-7-1.html,12,71%,身宫 坐守 七杀,"多白手兴家，崛起于草莽，或身无分文转瞬却腰缠万贯，或功成名就之中却又一朝暴败，钱财散尽。
经商从公皆可，经商宜以经营实业，若投机有倾家荡产之危险。
多从事开创性的行业具危险性之工作，如建筑业、重工业、生产业、机械、车辆、运输、医师、格斗武术、运动员、警察、军人、证券、金融、外销、公司老板、实业家等。"
1985-12-23,male,男命,7,5-7点,http://mfsm.kvov.com/fx/1985-12-23/mfsmm-7-1.html,13,71%,本命 福德宫 坐守 贪狼,一生忙碌奔波，为人享乐好吃喝，嗜酒或好赌博色欲，易有艳遇。在感情中，不利稳定，自身容易有桃花、外遇。
1985-12-23,male,男命,7,5-7点,http://mfsm.kvov.com/fx/1985-12-23/mfsmm-7-1.html,14,71%,本命 夫妻宫 坐守 化科,"配偶温柔、体贴、善解风情，往往为自己的贵人，夫妻感情好。
姻缘较属介绍型，如同事、同学、兄弟姊妹介绍。"
1985-12-23,male,男命,7,5-7点,http://mfsm.kvov.com/fx/1985-12-23/mfsmm-7-1.html,15,71%,本命 坐守 天府,"具有领导能力，可是这种领导力却倾向于守成，缺乏开创性，比较爱惜金钱，谨慎、稳重，极力寻求安定。
宜就原有的局面发展，欠缺卓尔不群的表现，亦无独特的见解，较为随波逐流，其领导力只表现为一个称职的主管。"
1985-12-23,male,男命,7,5-7点,http://mfsm.kvov.com/fx/1985-12-23/mfsmm-7-1.html,16,71%,本命 父母宫 坐守 化忌,与父母观念有代沟，心意表达孝顺，较无钱财孝意，不能为人做担保。
1985-12-23,male,男命,7,5-7点,http://mfsm.kvov.com/fx/1985-12-23/mfsmm-7-1.html,17,71%,本命 交友宫 坐守 天梁,一般朋友不多，但是得力。
1985-12-23,male,男命,7,5-7点,http://mfsm.kvov.com/fx/1985-12-23/mfsmm-7-1.html,18,71%,本命 夫妻宫 坐守 破军,男女都有驾御配偶的倾向，婚姻易不美，起伏大且欠理智。
1985-12-23,male,男命,7,5-7点,http://mfsm.kvov.com/fx/1985-12-23/mfsmm-7-1.html,19,71%,本命 交友宫 坐守 化权,朋友比我较能干、有才华，与朋友较易有争执、摩擦之象。
1985-12-23,male,男命,7,5-7点,http://mfsm.kvov.com/fx/1985-12-23/mfsmm-7-1.html,20,71%,本命 官禄宫 坐守 天相,无论处何地位，均不宜在名义上占取最高位置，以居老二为宜，否则必受人攻击，排挤。
1985-12-23,male,男命,7,5-7点,http://mfsm.kvov.com/fx/1985-12-23/mfsmm-7-1.html,21,71%,身宫 坐守 禄存,"慈祥厚道，和蔼可亲，品貌持重，信义卓著，聪明耿直，有机变，多学多能，行事稳健沉着，却稍有被动的倾向。
肥胖，有很强的经济观念，生性节俭，不喜浪费，一生财运颇佳。"
1985-12-23,male,男命,7,5-7点,http://mfsm.kvov.com/fx/1985-12-23/mfsmm-7-1.html,22,71%,本命 交友宫 坐守 天同,交游广阔，易结交朋友，与下属关系也佳。
1985-12-23,male,男命,7,5-7点,http://mfsm.kvov.com/fx/1985-12-23/mfsmm-7-1.html,23,71%,本命 子女宫 坐守 化禄,"会因子女带财来，生子后，财富、食禄较显彰。
在外人缘好，异性缘佳。可借合作之力得财富。
自身比较花心。"
1985-12-23,male,男命,7,5-7点,http://mfsm.kvov.com/fx/1985-12-23/mfsmm-7-1.html,24,71%,本命 迁移宫 坐守 武曲,利经商。迁移异地后必多忙碌。
1985-12-23,male,男命,7,5-7点,http://mfsm.kvov.com/fx/1985-12-23/mfsmm-7-1.html,25,71%,本命 夫妻宫 坐守 紫微,另一半具有主导欲望，特质是对家庭的责任感很强，即使婚姻生活不如对方的心意也不会轻言离婚，对其而言，婚姻是很有意义，很庄重的。
1985-12-23,male,男命,7,5-7点,http://mfsm.kvov.com/fx/1985-12-23/mfsmm-7-1.html,26,71%,本命 田宅宫 坐守 巨门,田宅对风水极为敏感。
1985-12-23,male,男命,7,5-7点,http://mfsm.kvov.com/fx/1985-12-23/mfsmm-7-1.html,27,71%,本命 迁移宫 坐守 七杀,利外出发展，在外有权，令人敬畏。
1985-12-23,male,男命,7,5-7点,http://mfsm.kvov.com/fx/1985-12-23/mfsmm-7-1.html,28,71%,本命 福德宫 坐守 廉贞,注重精神上的愉悦。
1985-12-23,male,男命,7,5-7点,http://mfsm.kvov.com/fx/1985-12-23/mfsmm-7-1.html,29,69%,"本命 迁移宫 天梁 太阳
本命 坐守 酉宫",适宜学术研究、法律工作，社会地位高。富贵。
1985-12-23,male,男命,7,5-7点,http://mfsm.kvov.com/fx/1985-12-23/mfsmm-7-1.html,30,67%,本命 独坐 天府,"心性温和忠厚，有毅力，但欠冲击力，为人多学多能，保守谨慎。
面色黄白，面型以方形为主，或方脸，或长方脸，或略带圆形之扁方脸。
眼神秀俊，但不流为艳丽，五官端正，身多微胖，老年则发胖，中高身材。"
1985-12-23,male,男命,7,5-7点,http://mfsm.kvov.com/fx/1985-12-23/mfsmm-7-1.html,31,67%,本命 夫妻宫 坐守 文昌,"感情随心情之变化大，有文艺气息。
男命有吸引力，有气质，玩弄风情。"
1985-12-23,male,男命,7,5-7点,http://mfsm.kvov.com/fx/1985-12-23/mfsmm-7-1.html,32,67%,本命 夫妻宫 坐守 文曲,感情初期甜蜜，易情绪化。敏感细腻，容易一见钟情。
1985-12-23,male,男命,7,5-7点,http://mfsm.kvov.com/fx/1985-12-23/mfsmm-7-1.html,33,67%,本命 疾病宫 坐守 擎羊,一生多皮肉之痛，外伤、骨折、开刀。
1985-12-23,male,男命,7,5-7点,http://mfsm.kvov.com/fx/1985-12-23/mfsmm-7-1.html,34,67%,本命 官禄宫 坐守 铃星,工作有权威，带头，能掌握重点，易泄漏机密。
1985-12-23,male,男命,7,5-7点,http://mfsm.kvov.com/fx/1985-12-23/mfsmm-7-1.html,35,66%,乙年出生,感性多情又执着，容易情绪不稳，过于完美主义又爱钻牛角尖，经常吹毛求疵让人受不了。而且还是个夜猫族，喜欢夜不归宿，容易流连灯红酒绿的场合，让人捉摸不定很没安全感，将成为其感情的致命伤。
1985-12-23,male,男命,7,5-7点,http://mfsm.kvov.com/fx/1985-12-23/mfsmm-7-1.html,36,66%,本命 疾病宫 加会3个及以上 化忌 火星 铃星 地劫 地空 陀罗 擎羊,一生多病多灾，或受慢性病的折磨而难以治疗。
1985-12-23,male,男命,7,5-7点,http://mfsm.kvov.com/fx/1985-12-23/mfsmm-7-1.html,37,64%,本命 田宅宫 坐守 大耗,不继祖业。
1985-12-23,male,男命,7,5-7点,http://mfsm.kvov.com/fx/1985-12-23/mfsmm-7-1.html,38,64%,本命 坐守 台辅,有声望。
1985-12-23,male,男命,7,5-7点,http://mfsm.kvov.com/fx/1985-12-23/mfsmm-7-1.html,39,64%,本命 迁移宫 加会 文昌 文曲,外出遇贵发达，能以才艺扬名。
1985-12-23,male,男命,7,5-7点,http://mfsm.kvov.com/fx/1985-12-23/mfsmm-7-1.html,40,64%,本命 坐守 凤阁,属于外型长相漂亮、聪明口才好、体贴善解人意、喜欢美食、偏好享受生活。
1985-12-23,male,男命,7,5-7点,http://mfsm.kvov.com/fx/1985-12-23/mfsmm-7-1.html,41,64%,本命 坐守 蜚廉,嘴形不佳，财富损耗，失意。
1985-12-23,male,男命,7,5-7点,http://mfsm.kvov.com/fx/1985-12-23/mfsmm-7-1.html,42,64%,"本命 迁移宫 加会 天马
本命 迁移宫 加会1个及以上 禄存 化禄",经商，劳碌，运气好，被人赏识的机会多。
1985-12-23,male,男命,7,5-7点,http://mfsm.kvov.com/fx/1985-12-23/mfsmm-7-1.html,43,61%,本命 夫妻宫 加会2个及以上 红鸾 天喜 咸池 天姚 沐浴,有选择较潇洒花俏的对象倾向外，在对异性的感情方面，也会较感性和感情较丰富。
1985-12-23,male,男命,7,5-7点,http://mfsm.kvov.com/fx/1985-12-23/mfsmm-7-1.html,44,61%,本命 交友宫 加会2个及以上 左辅 右弼 天魁 天钺 化禄 化权 化科,得正直之友，助力大，并得下属拥护。
1985-12-23,male,男命,7,5-7点,http://mfsm.kvov.com/fx/1985-12-23/mfsmm-7-1.html,45,60%,本命 官禄宫 加会 台辅 封诰,有荣誉。
1985-12-23,male,男命,7,5-7点,http://mfsm.kvov.com/fx/1985-12-23/mfsmm-7-1.html,46,60%,本命 加会 龙池 凤阁,聪明，易学习才艺。
1985-12-23,male,男命,7,5-7点,http://mfsm.kvov.com/fx/1985-12-23/mfsmm-7-1.html,47,60%,本命 财帛宫 加会 龙池 凤阁,拥有技艺的优点，故主［由艺术技巧起家］，可从事和艺术有关的工作，如绘画、陶瓷、摄影等。可以凭专门技艺以求财。
1985-12-23,male,男命,7,5-7点,http://mfsm.kvov.com/fx/1985-12-23/mfsmm-7-1.html,48,60%,本命 官禄宫 加会 龙池 凤阁,有专业才能。
1985-12-23,male,男命,7,5-7点,http://mfsm.kvov.com/fx/1985-12-23/mfsmm-7-1.html,49,60%,本命 财帛宫 加会 恩光 天贵,能受人提拔而得财。
1985-12-23,male,男命,7,5-7点,http://mfsm.kvov.com/fx/1985-12-23/mfsmm-7-1.html,50,60%,本命 财帛宫 加会 台辅 封诰,因荣誉或商誉而得财。
1985-12-23,male,男命,7,5-7点,http://mfsm.kvov.com/fx/1985-12-23/mfsmm-7-1.html,51,59%,本命 官禄宫 坐守1个及以上 火星 铃星,多波折，往往经艰苦而才能底定事业。
1985-12-23,male,男命,7,5-7点,http://mfsm.kvov.com/fx/1985-12-23/mfsmm-7-1.html,52,59%,本命 子女宫 坐守1个及以上 化忌 火星 铃星 地劫 地空 陀罗 擎羊,易与子女孤单刑克，时起争端。
1985-12-23,male,男命,7,5-7点,http://mfsm.kvov.com/fx/1985-12-23/mfsmm-7-1.html,53,59%,本命 交友宫 坐守1个及以上 化禄 化权,“权禄吉星奴仆位，纵然官贵也奔驰”，下属多不得力者。
1985-12-23,male,男命,7,5-7点,http://mfsm.kvov.com/fx/1985-12-23/mfsmm-7-1.html,54,59%,本命 夫妻宫 坐守1个及以上 贪狼 巨门 破军 七杀 文昌 文曲 左辅 右弼 天魁 天钺 咸池 天姚,易有桃花。
1985-12-23,male,男命,7,5-7点,http://mfsm.kvov.com/fx/1985-12-23/mfsmm-7-1.html,55,59%,本命 夫妻宫 坐守1个及以上 贪狼 破军 七杀,自身会倾向于选择比较有个性和较活跃型的人。
1985-12-23,male,男命,7,5-7点,http://mfsm.kvov.com/fx/1985-12-23/mfsmm-7-1.html,56,59%,本命 田宅宫 坐守1个及以上 左辅 右弼,住所附近多服务性机构，或多友好人群。
1985-12-23,male,男命,7,5-7点,http://mfsm.kvov.com/fx/1985-12-23/mfsmm-7-1.html,57,59%,本命 子女宫 坐守1个及以上 火星 铃星,子女多远离膝下。
1985-12-23,male,男命,7,5-7点,http://mfsm.kvov.com/fx/1985-12-23/mfsmm-7-1.html,58,58%,本命 夫妻宫 坐守 天刑,常常会为了另一半担忧烦恼，双方难以沟通，常常造成误会或是意见上的冲突，如果能够聚少离多，可以化解不必要的对峙场面。
1985-12-23,male,男命,7,5-7点,http://mfsm.kvov.com/fx/1985-12-23/mfsmm-7-1.html,59,57%,"身宫 加会1个及以上 龙池 凤阁
身宫 不坐守 命宫",有骄傲、高洁、不随俗的特性。
1985-12-23,male,男命,7,5-7点,http://mfsm.kvov.com/fx/1985-12-23/mfsmm-7-1.html,60,54%,本命 加会1个及以上 龙池 凤阁,有骄傲、高洁、不随俗的特性。
1985-12-23,male,男命,7,5-7点,http://mfsm.kvov.com/fx/1985-12-23/mfsmm-7-1.html,61,54%,本命 加会1个及以上 火星 铃星,一生容易从事体力、劳力的工作，自身体能也较佳，具爆发力。
1985-12-23,male,男命,7,5-7点,http://mfsm.kvov.com/fx/1985-12-23/mfsmm-7-1.html,62,50%,身宫 迁移宫,"易受环境变化的影响，容易有职业或居住环境的变动。
社会活动空间、交游广，能适应多变的环境，一生命运变化大，身心较忙碌，难得清闲，喜外出游荡。"
1985-12-23,male,男命,9,7-9点,http://mfsm.kvov.com/fx/1985-12-23/mfsmm-9-1.html,1,75%,"本命 交友宫 坐守 天相
本命 交友宫 加会1个及以上 禄存 化禄 化权 化科",交游多助力，并藉此创业兴家，下属也能忠心襄助。
1985-12-23,male,男命,9,7-9点,http://mfsm.kvov.com/fx/1985-12-23/mfsmm-9-1.html,2,75%,"本命 迁移宫 坐守 天同
本命 迁移宫 加会1个及以上 红鸾 天喜 咸池 天姚 沐浴",出外发展多感情困扰。
1985-12-23,male,男命,9,7-9点,http://mfsm.kvov.com/fx/1985-12-23/mfsmm-9-1.html,3,75%,"本命 田宅宫 坐守 贪狼
本命 田宅宫 加会1个及以上 火星 铃星",有突然自置田宅的机会。
1985-12-23,male,男命,9,7-9点,http://mfsm.kvov.com/fx/1985-12-23/mfsmm-9-1.html,4,74%,"本命 交友宫 坐守 天相
本命 交友宫 不坐守 紫微",无论下属如何忠诚得力，终非大将之材，自身辛劳主持大局。
1985-12-23,male,男命,9,7-9点,http://mfsm.kvov.com/fx/1985-12-23/mfsmm-9-1.html,5,74%,"本命 迁移宫 坐守 天同
本命 迁移宫 不坐守 化忌",外出发展得福。
1985-12-23,male,男命,9,7-9点,http://mfsm.kvov.com/fx/1985-12-23/mfsmm-9-1.html,6,72%,本命 加会 左辅 右弼 天魁 天钺,贵多于代表富。
1985-12-23,male,男命,9,7-9点,http://mfsm.kvov.com/fx/1985-12-23/mfsmm-9-1.html,7,71%,本命 兄弟宫 坐守 破军,与人合作，帮人开创而不一定有收成。
1985-12-23,male,男命,9,7-9点,http://mfsm.kvov.com/fx/1985-12-23/mfsmm-9-1.html,8,71%,本命 官禄宫 坐守 巨门,适合自由业、动口生财，以药为业，药剂师、医生，以学术为业，学者、出版、书局，五术、中介，事业有扩充之心，但常适得其反，不宜作大，易招刑杖。
1985-12-23,male,男命,9,7-9点,http://mfsm.kvov.com/fx/1985-12-23/mfsmm-9-1.html,9,71%,本命 福德宫 坐守 化忌,有福较不会享，较劳心、劳碌，难得清闲，有祖荫。
1985-12-23,male,男命,9,7-9点,http://mfsm.kvov.com/fx/1985-12-23/mfsmm-9-1.html,10,71%,本命 疾病宫 坐守 禄存,"可能会有结石病，应改正不良的饮食习惯。
“少年多灾”，意思是二十岁前身体不好，易得病，年龄增大后会好很多。
适合上班受薪，表示可以由领导、上级给自己发薪水。
如果命宫的格局较大，或者其余宫位的组合非常吉利，也能够创业致富。"
1985-12-23,male,男命,9,7-9点,http://mfsm.kvov.com/fx/1985-12-23/mfsmm-9-1.html,11,71%,本命 兄弟宫 坐守 紫微,必须甘心处于副手地位，才可与人合作共事。
1985-12-23,male,男命,9,7-9点,http://mfsm.kvov.com/fx/1985-12-23/mfsmm-9-1.html,12,71%,本命 兄弟宫 坐守 化科,与兄弟姊妹有缘，相处和睦，兄弟姊妹可为自己的贵人。一生贵人多，异性缘佳。
1985-12-23,male,男命,9,7-9点,http://mfsm.kvov.com/fx/1985-12-23/mfsmm-9-1.html,13,71%,本命 交友宫 坐守 天相,下属及友人对自己忠诚。
1985-12-23,male,男命,9,7-9点,http://mfsm.kvov.com/fx/1985-12-23/mfsmm-9-1.html,14,71%,本命 夫妻宫 坐守 化禄,"夫妇感情丰富、情深义重。
结婚后有食禄、财富更显彰。
借助配偶之力较能得食禄、财富。
姻缘早发，未必早婚，喜自由恋爱结婚。
与配偶缘深，配偶人缘好，只是未必貌美。"
1985-12-23,male,男命,9,7-9点,http://mfsm.kvov.com/fx/1985-12-23/mfsmm-9-1.html,15,71%,本命 田宅宫 坐守 廉贞,破祖，自己创业时必带困扰、纠纷以致破败，宜选择服务机构，田宅宜注意风水。
1985-12-23,male,男命,9,7-9点,http://mfsm.kvov.com/fx/1985-12-23/mfsmm-9-1.html,16,71%,本命 迁移宫 坐守 化权,外出较能展现才华能干，在外好动，喜掌权，受人器重，易与人有争执、摩擦，应避免锋芒毕露而遭嫉。
1985-12-23,male,男命,9,7-9点,http://mfsm.kvov.com/fx/1985-12-23/mfsmm-9-1.html,17,71%,本命 财帛宫 坐守 太阳,财凭社会地位而来，因此必须争取地位，如学术者应追求较高学位，经商者应追求代理名牌商品、或自行创造商标商誉，任职者应积极进修，争取声誉，或凭人际关系创造升职条件。
1985-12-23,male,男命,9,7-9点,http://mfsm.kvov.com/fx/1985-12-23/mfsmm-9-1.html,18,71%,本命 迁移宫 坐守 天同,在外可得长辈提携，在外口福多，不好动，出门由不得自己，人缘好。
1985-12-23,male,男命,9,7-9点,http://mfsm.kvov.com/fx/1985-12-23/mfsmm-9-1.html,19,71%,本命 迁移宫 坐守 天梁,在外得人帮助。
1985-12-23,male,男命,9,7-9点,http://mfsm.kvov.com/fx/1985-12-23/mfsmm-9-1.html,20,71%,本命 福德宫 坐守 太阴,"自身易有桃花、外遇。喜静明理，不好竞争，思想流漫、注重精神生活。
男命较有异性缘，自我感觉很有魅力，会犯桃花，有人爱他爱得死去活来。
在婚姻中，比较期待另一半开朗有主见，也会注重两人的精神交流。"
1985-12-23,male,男命,9,7-9点,http://mfsm.kvov.com/fx/1985-12-23/mfsmm-9-1.html,21,71%,本命 夫妻宫 坐守 天机,另一半聪明机智，企划力强，有事多可与其商量，也善于照顾人，但个性不免”机”动，可能高朝低潮迭起，彼此感情需多协调、包容，以防变数或静极思动。
1985-12-23,male,男命,9,7-9点,http://mfsm.kvov.com/fx/1985-12-23/mfsmm-9-1.html,22,70%,"本命 坐守 文曲
本命 不坐守 化忌","性情温和，外向，观察力强，能干，略带孤僻，多情感，注重仪表，风雅浪漫，光明磊落，聪明俊秀，口舌伶利。
有口才和舌辩之能，博学多能，精打细算，有创造力，学识丰富，多才多艺，有文学才华，思想敏锐。
不喜乱说他人的闲话，也不喜出风头，但一旦受到轻视，则一改平常温和的态度，恶言恶语相向。
有很强的文学语言表达能力和领导才能，一生有一技之能，喜出谋划策，为文臣谋士。"
1985-12-23,male,男命,9,7-9点,http://mfsm.kvov.com/fx/1985-12-23/mfsmm-9-1.html,23,70%,"本命 申宫
本命 夫妻宫 坐守1个及以上 破军 禄存 化禄 化权 化科",夫妻免刑克。
1985-12-23,male,男命,9,7-9点,http://mfsm.kvov.com/fx/1985-12-23/mfsmm-9-1.html,24,69%,本命 兄弟宫 加会 贪狼 火星,横发。
1985-12-23,male,男命,9,7-9点,http://mfsm.kvov.com/fx/1985-12-23/mfsmm-9-1.html,25,67%,本命 迁移宫 坐守 铃星,出外爱表现，多显耀，易成名，喜欢声光场所。
1985-12-23,male,男命,9,7-9点,http://mfsm.kvov.com/fx/1985-12-23/mfsmm-9-1.html,26,67%,本命 夫妻宫 坐守 文昌,"感情随心情之变化大，有文艺气息。
男命有吸引力，有气质，玩弄风情。"
1985-12-23,male,男命,9,7-9点,http://mfsm.kvov.com/fx/1985-12-23/mfsmm-9-1.html,27,67%,本命 田宅宫 坐守 天马,多移居、搬家，或居无定所，或买卖房屋较频。
1985-12-23,male,男命,9,7-9点,http://mfsm.kvov.com/fx/1985-12-23/mfsmm-9-1.html,28,67%,本命 空宫,幼年多病，与双亲感情浅，一生当中会更改自己姓或名，离乡外赴等情形。
1985-12-23,male,男命,9,7-9点,http://mfsm.kvov.com/fx/1985-12-23/mfsmm-9-1.html,29,67%,身宫 坐守 擎羊,易有伤残，带刑煞之气，宜军警、法律、外科医生，工程技术人员，不宜经商，文职，从政。
1985-12-23,male,男命,9,7-9点,http://mfsm.kvov.com/fx/1985-12-23/mfsmm-9-1.html,30,67%,本命 迁移宫 坐守 陀罗,出外发展不得力，不得人缘，懒散，不爱外出。
1985-12-23,male,男命,9,7-9点,http://mfsm.kvov.com/fx/1985-12-23/mfsmm-9-1.html,31,67%,本命 坐守 天钺,方脸，额部与地阁均呈方型，有威仪。
1985-12-23,male,男命,9,7-9点,http://mfsm.kvov.com/fx/1985-12-23/mfsmm-9-1.html,32,67%,本命 财帛宫 坐守 擎羊,求财，竞争大。
1985-12-23,male,男命,9,7-9点,http://mfsm.kvov.com/fx/1985-12-23/mfsmm-9-1.html,33,67%,本命 坐守 文曲,多墨痣，嘴有棱角，青黄或青黄色，磊落大方。
1985-12-23,male,男命,9,7-9点,http://mfsm.kvov.com/fx/1985-12-23/mfsmm-9-1.html,34,66%,乙年出生,感性多情又执着，容易情绪不稳，过于完美主义又爱钻牛角尖，经常吹毛求疵让人受不了。而且还是个夜猫族，喜欢夜不归宿，容易流连灯红酒绿的场合，让人捉摸不定很没安全感，将成为其感情的致命伤。
1985-12-23,male,男命,9,7-9点,http://mfsm.kvov.com/fx/1985-12-23/mfsmm-9-1.html,35,66%,本命 疾病宫 加会3个及以上 化忌 火星 铃星 地劫 地空 陀罗 擎羊,一生多病多灾，或受慢性病的折磨而难以治疗。
1985-12-23,male,男命,9,7-9点,http://mfsm.kvov.com/fx/1985-12-23/mfsmm-9-1.html,36,66%,本命 双夹 紫微 天府,多得长辈提拔，也可得同事拥戴。
1985-12-23,male,男命,9,7-9点,http://mfsm.kvov.com/fx/1985-12-23/mfsmm-9-1.html,37,66%,本命 加会3个及以上 化忌 火星 铃星 地劫 地空 陀罗 擎羊,兄弟姐妹体弱，或刑克分离，甚至无兄弟姐妹。
1985-12-23,male,男命,9,7-9点,http://mfsm.kvov.com/fx/1985-12-23/mfsmm-9-1.html,38,65%,"本命 申宫
本命 加会1个及以上 文昌 文曲",做事多虚少实，为豪门常客。
1985-12-23,male,男命,9,7-9点,http://mfsm.kvov.com/fx/1985-12-23/mfsmm-9-1.html,39,64%,本命 夫妻宫 坐守 解神,夫妻双方的心电感应强，相当有默契，很适合培养共同的兴趣及爱好，其配偶本身思虑缜密，聪明反应快，能预先了解问题在哪，进而解决困难。
1985-12-23,male,男命,9,7-9点,http://mfsm.kvov.com/fx/1985-12-23/mfsmm-9-1.html,40,64%,本命 夫妻宫 坐守 天贵,夫妻双方互重互信，并能得到配偶的助力，其另一半有气质，风度佳，本身也相当有才能，人际关系好互动佳。
1985-12-23,male,男命,9,7-9点,http://mfsm.kvov.com/fx/1985-12-23/mfsmm-9-1.html,41,64%,本命 加会 天魁 天钺,有学识，高学历，端庄，一生多助人，也多得众人相助，能逢凶化吉，遇难呈祥。
1985-12-23,male,男命,9,7-9点,http://mfsm.kvov.com/fx/1985-12-23/mfsmm-9-1.html,42,64%,本命 官禄宫 加会 天魁 天钺,事业上多贵人，特别是上级、尊长的支持，凡遇困难都会逢凶化吉。
1985-12-23,male,男命,9,7-9点,http://mfsm.kvov.com/fx/1985-12-23/mfsmm-9-1.html,43,64%,本命 坐守 天福,福寿。
1985-12-23,male,男命,9,7-9点,http://mfsm.kvov.com/fx/1985-12-23/mfsmm-9-1.html,44,64%,本命 福德宫 坐守 旬空,度量大。
1985-12-23,male,男命,9,7-9点,http://mfsm.kvov.com/fx/1985-12-23/mfsmm-9-1.html,45,64%,本命 加会 左辅 右弼,有先天助力，如易结交益友，易得下属助力，无须刻意寻找。
1985-12-23,male,男命,9,7-9点,http://mfsm.kvov.com/fx/1985-12-23/mfsmm-9-1.html,46,64%,本命 财帛宫 加会 天魁 天钺,有生财的机会，常常由于曲章制度的改变而带来。
1985-12-23,male,男命,9,7-9点,http://mfsm.kvov.com/fx/1985-12-23/mfsmm-9-1.html,47,64%,本命 迁移宫 加会 文昌 文曲,外出遇贵发达，能以才艺扬名。
1985-12-23,male,男命,9,7-9点,http://mfsm.kvov.com/fx/1985-12-23/mfsmm-9-1.html,48,61%,本命 加会2个及以上 化忌 地劫 地空 陀罗 擎羊,秀而不实福泽有损（富不全），或富贵只得其一，或富不很富，贵不很贵，或因富贵致祸，或人生有其他缺憾。
1985-12-23,male,男命,9,7-9点,http://mfsm.kvov.com/fx/1985-12-23/mfsmm-9-1.html,49,61%,本命 夫妻宫 加会2个及以上 红鸾 天喜 咸池 天姚 沐浴,有选择较潇洒花俏的对象倾向外，在对异性的感情方面，也会较感性和感情较丰富。
1985-12-23,male,男命,9,7-9点,http://mfsm.kvov.com/fx/1985-12-23/mfsmm-9-1.html,50,61%,本命 交友宫 加会2个及以上 左辅 右弼 天魁 天钺 化禄 化权 化科,得正直之友，助力大，并得下属拥护。
1985-12-23,male,男命,9,7-9点,http://mfsm.kvov.com/fx/1985-12-23/mfsmm-9-1.html,51,61%,本命 夫妻宫 加会2个及以上 火星 铃星 地劫 地空 陀罗 擎羊,夫妻关系多半不佳，多口舌是非、争吵、冷战甚至会离异。
1985-12-23,male,男命,9,7-9点,http://mfsm.kvov.com/fx/1985-12-23/mfsmm-9-1.html,52,61%,本命 加会2个及以上 红鸾 天喜 咸池 天姚 沐浴,"长相不赖，举止斯文得体，善于在有意无意间释放魅力，人缘好，能得到异性的青睐，处事的手腕圆滑，能接受新观念，即使不放电，也满容易得到异性的怜爱与包容。
由于思维细腻，第六感敏锐，才华洋溢，好高骛远，对于浪漫的爱情生活十分积极主动，也十分向往，善用智慧及创意才华来赚钱。
偏财运及横财运好，也十分喜欢钱财，会追求高收入以满足自己的生活品味及兴趣爱好。有完美主义的刚烈个性，很有企图心，拼劲十足，韧性很强，能够不畏困难完成使命，努力追求自我成就。"
1985-12-23,male,男命,9,7-9点,http://mfsm.kvov.com/fx/1985-12-23/mfsmm-9-1.html,53,61%,本命 交友宫 加会2个及以上 火星 铃星 地劫 地空 陀罗 擎羊,多小人、破耗、纠纷、是非，易遭背弃与损害。
1985-12-23,male,男命,9,7-9点,http://mfsm.kvov.com/fx/1985-12-23/mfsmm-9-1.html,54,60%,本命 财帛宫 加会 天官 天福,能受人提拔而得财。
1985-12-23,male,男命,9,7-9点,http://mfsm.kvov.com/fx/1985-12-23/mfsmm-9-1.html,55,59%,本命 迁移宫 坐守1个及以上 化忌 陀罗 擎羊,一般表示本人社交能力不强，也无法通过社交获得好处。
1985-12-23,male,男命,9,7-9点,http://mfsm.kvov.com/fx/1985-12-23/mfsmm-9-1.html,56,59%,本命 夫妻宫 坐守1个及以上 贪狼 巨门 破军 七杀 文昌 文曲 左辅 右弼 天魁 天钺 咸池 天姚,易有桃花。
1985-12-23,male,男命,9,7-9点,http://mfsm.kvov.com/fx/1985-12-23/mfsmm-9-1.html,57,59%,本命 坐守1个及以上 红鸾 天喜 咸池 天姚 沐浴,自身易有异性缘。
1985-12-23,male,男命,9,7-9点,http://mfsm.kvov.com/fx/1985-12-23/mfsmm-9-1.html,58,59%,本命 福德宫 坐守1个及以上 化忌 陀罗 擎羊 天刑,多烦恼纠纷，福薄不安。
1985-12-23,male,男命,9,7-9点,http://mfsm.kvov.com/fx/1985-12-23/mfsmm-9-1.html,59,59%,本命 官禄宫 坐守1个及以上 天魁 天钺,事业上多贵人，特别是上级、尊长的支持，凡遇困难都会逢凶化吉。
1985-12-23,male,男命,9,7-9点,http://mfsm.kvov.com/fx/1985-12-23/mfsmm-9-1.html,60,58%,本命 加会 天官,既具有领导才能，也拥有不俗的口才。能大大加强一个人的管理能力。
1985-12-23,male,男命,9,7-9点,http://mfsm.kvov.com/fx/1985-12-23/mfsmm-9-1.html,61,58%,本命 坐守 奏书,必擅文字。
1985-12-23,male,男命,9,7-9点,http://mfsm.kvov.com/fx/1985-12-23/mfsmm-9-1.html,62,55%,"本命 加会1个及以上 火星 铃星
本命 三方四正不见 贪狼",秀而不实福泽有损（富不全），或富贵只得其一，或富不很富，贵不很贵，或因富贵致祸，或人生有其他缺憾。
1985-12-23,male,男命,9,7-9点,http://mfsm.kvov.com/fx/1985-12-23/mfsmm-9-1.html,63,54%,本命 加会1个及以上 左辅 右弼 天魁 天钺,能得朋友提携、相助之力。
1985-12-23,male,男命,9,7-9点,http://mfsm.kvov.com/fx/1985-12-23/mfsmm-9-1.html,64,54%,本命 加会1个及以上 火星 铃星,一生容易从事体力、劳力的工作，自身体能也较佳，具爆发力。
1985-12-23,male,男命,9,7-9点,http://mfsm.kvov.com/fx/1985-12-23/mfsmm-9-1.html,65,50%,身宫 财帛宫,"价值观偏重钱财，重视金钱的运用，具有经济头脑，精打细算，善于理财，行事以赚钱为目标，有受经济左右行为的现象。讨得这类人的欢心，需要多给使用钱的权利。
一般不缺钱用，从商者居多，或成大富翁，或一生为钱财奔劳过着艰辛的生活。"
1985-12-23,male,男命,11,9-11点,http://mfsm.kvov.com/fx/1985-12-23/mfsmm-11-1.html,1,72%,"本命 未宫 坐守 天刑
身宫 不坐守 命宫",宜僧道，否则孤刑，或父母兄弟不得全。
1985-12-23,male,男命,11,9-11点,http://mfsm.kvov.com/fx/1985-12-23/mfsmm-11-1.html,2,71%,本命 子女宫 坐守 化禄,"会因子女带财来，生子后，财富、食禄较显彰。
在外人缘好，异性缘佳。可借合作之力得财富。
自身比较花心。"
1985-12-23,male,男命,11,9-11点,http://mfsm.kvov.com/fx/1985-12-23/mfsmm-11-1.html,3,71%,本命 夫妻宫 坐守 化科,"配偶温柔、体贴、善解风情，往往为自己的贵人，夫妻感情好。
姻缘较属介绍型，如同事、同学、兄弟姊妹介绍。"
1985-12-23,male,男命,11,9-11点,http://mfsm.kvov.com/fx/1985-12-23/mfsmm-11-1.html,4,71%,本命 福德宫 坐守 廉贞,注重精神上的愉悦。
1985-12-23,male,男命,11,9-11点,http://mfsm.kvov.com/fx/1985-12-23/mfsmm-11-1.html,5,71%,本命 福德宫 坐守 破军,喜亲力亲为，劳心劳力而不辞，易生改变之心。
1985-12-23,male,男命,11,9-11点,http://mfsm.kvov.com/fx/1985-12-23/mfsmm-11-1.html,6,71%,本命 交友宫 坐守 天同,交游广阔，易结交朋友，与下属关系也佳。
1985-12-23,male,男命,11,9-11点,http://mfsm.kvov.com/fx/1985-12-23/mfsmm-11-1.html,7,71%,本命 迁移宫 坐守 贪狼,社交范围广泛，能接触到各行各业的人士，并能够从他们身上获得信息、资源。
1985-12-23,male,男命,11,9-11点,http://mfsm.kvov.com/fx/1985-12-23/mfsmm-11-1.html,8,71%,本命 官禄宫 坐守 天府,凡有经营，以脚踏实地为佳，否则徒自寻烦恼。
1985-12-23,male,男命,11,9-11点,http://mfsm.kvov.com/fx/1985-12-23/mfsmm-11-1.html,9,71%,本命 迁移宫 坐守 武曲,利经商。迁移异地后必多忙碌。
1985-12-23,male,男命,11,9-11点,http://mfsm.kvov.com/fx/1985-12-23/mfsmm-11-1.html,10,71%,本命 交友宫 坐守 化忌,与朋友较重情义，有亏欠朋友之感受。
1985-12-23,male,男命,11,9-11点,http://mfsm.kvov.com/fx/1985-12-23/mfsmm-11-1.html,11,71%,身宫 坐守 七杀,"多白手兴家，崛起于草莽，或身无分文转瞬却腰缠万贯，或功成名就之中却又一朝暴败，钱财散尽。
经商从公皆可，经商宜以经营实业，若投机有倾家荡产之危险。
多从事开创性的行业具危险性之工作，如建筑业、重工业、生产业、机械、车辆、运输、医师、格斗武术、运动员、警察、军人、证券、金融、外销、公司老板、实业家等。"
1985-12-23,male,男命,11,9-11点,http://mfsm.kvov.com/fx/1985-12-23/mfsmm-11-1.html,12,71%,本命 夫妻宫 坐守 七杀,配偶一不高兴脸就拉下来，翻脸像翻书。
1985-12-23,male,男命,11,9-11点,http://mfsm.kvov.com/fx/1985-12-23/mfsmm-11-1.html,13,71%,本命 夫妻宫 坐守 紫微,另一半具有主导欲望，特质是对家庭的责任感很强，即使婚姻生活不如对方的心意也不会轻言离婚，对其而言，婚姻是很有意义，很庄重的。
1985-12-23,male,男命,11,9-11点,http://mfsm.kvov.com/fx/1985-12-23/mfsmm-11-1.html,14,71%,本命 子女宫 坐守 化权,子女幼年顽皮，叛逆，宜用疏导方式教导，不可用专制或压抑方式管教，避免反弹。
1985-12-23,male,男命,11,9-11点,http://mfsm.kvov.com/fx/1985-12-23/mfsmm-11-1.html,15,69%,"身宫 双夹 地劫 地空
身宫 不坐守 命宫",一生多坎坷，父母兄弟无助，可研究冷门学问。
1985-12-23,male,男命,11,9-11点,http://mfsm.kvov.com/fx/1985-12-23/mfsmm-11-1.html,16,67%,本命 空宫,幼年多病，与双亲感情浅，一生当中会更改自己姓或名，离乡外赴等情形。
1985-12-23,male,男命,11,9-11点,http://mfsm.kvov.com/fx/1985-12-23/mfsmm-11-1.html,17,67%,本命 夫妻宫 坐守 文昌,"感情随心情之变化大，有文艺气息。
男命有吸引力，有气质，玩弄风情。"
1985-12-23,male,男命,11,9-11点,http://mfsm.kvov.com/fx/1985-12-23/mfsmm-11-1.html,18,67%,本命 福德宫 坐守 文曲,会比一般人显得浪漫。
1985-12-23,male,男命,11,9-11点,http://mfsm.kvov.com/fx/1985-12-23/mfsmm-11-1.html,19,67%,本命 财帛宫 坐守 铃星,有偏财运，常有意外之得。但易横成横破。
1985-12-23,male,男命,11,9-11点,http://mfsm.kvov.com/fx/1985-12-23/mfsmm-11-1.html,20,66%,本命 夫妻宫 双夹 地劫 地空,虽然不乏恋爱机会，但婚事却往往难成定局，两人会因观念落差大而渐行渐远，当初的热情会急速冷却，感觉有点后继无力或欠缺临门一脚。
1985-12-23,male,男命,11,9-11点,http://mfsm.kvov.com/fx/1985-12-23/mfsmm-11-1.html,21,66%,本命 交友宫 加会3个及以上 文昌 文曲 左辅 右弼 天魁 天钺,可得朋友帮助。
1985-12-23,male,男命,11,9-11点,http://mfsm.kvov.com/fx/1985-12-23/mfsmm-11-1.html,22,66%,乙年出生,感性多情又执着，容易情绪不稳，过于完美主义又爱钻牛角尖，经常吹毛求疵让人受不了。而且还是个夜猫族，喜欢夜不归宿，容易流连灯红酒绿的场合，让人捉摸不定很没安全感，将成为其感情的致命伤。
1985-12-23,male,男命,11,9-11点,http://mfsm.kvov.com/fx/1985-12-23/mfsmm-11-1.html,23,66%,本命 疾病宫 加会3个及以上 化忌 火星 铃星 地劫 地空 陀罗 擎羊,一生多病多灾，或受慢性病的折磨而难以治疗。
1985-12-23,male,男命,11,9-11点,http://mfsm.kvov.com/fx/1985-12-23/mfsmm-11-1.html,24,64%,本命 夫妻宫 加会 地劫 地空,夫妻或因为周遭因素不能常相聚。
1985-12-23,male,男命,11,9-11点,http://mfsm.kvov.com/fx/1985-12-23/mfsmm-11-1.html,25,64%,本命 坐守 天贵,本身举止优雅，乐观进取，重视诚信，很喜欢帮助他人，考试的成绩很优秀，进而能受到他人的帮助及重用，因此，事业能够平步青云。
1985-12-23,male,男命,11,9-11点,http://mfsm.kvov.com/fx/1985-12-23/mfsmm-11-1.html,26,64%,本命 坐守 天虚,尖下巴。
1985-12-23,male,男命,11,9-11点,http://mfsm.kvov.com/fx/1985-12-23/mfsmm-11-1.html,27,64%,"本命 财帛宫 加会 天马
本命 财帛宫 加会1个及以上 禄存 化禄",钱财流动量大，买进卖出量大，可经商致富。
1985-12-23,male,男命,11,9-11点,http://mfsm.kvov.com/fx/1985-12-23/mfsmm-11-1.html,28,64%,本命 坐守 天刑 大耗,防破败。
1985-12-23,male,男命,11,9-11点,http://mfsm.kvov.com/fx/1985-12-23/mfsmm-11-1.html,29,64%,本命 迁移宫 加会 文昌 文曲,外出遇贵发达，能以才艺扬名。
1985-12-23,male,男命,11,9-11点,http://mfsm.kvov.com/fx/1985-12-23/mfsmm-11-1.html,30,64%,"本命 官禄宫 加会 天马
本命 加会1个及以上 禄存 化禄",富，财运好。
1985-12-23,male,男命,11,9-11点,http://mfsm.kvov.com/fx/1985-12-23/mfsmm-11-1.html,31,64%,本命 坐守 封诰,贵主封赠。
1985-12-23,male,男命,11,9-11点,http://mfsm.kvov.com/fx/1985-12-23/mfsmm-11-1.html,32,64%,"本命 官禄宫 加会 天马
本命 官禄宫 加会1个及以上 禄存 化禄",事业规模广，到手的钱财不一定多，工作劳累。
1985-12-23,male,男命,11,9-11点,http://mfsm.kvov.com/fx/1985-12-23/mfsmm-11-1.html,33,64%,本命 夫妻宫 坐守 龙池,配偶较讲究情调，精神面需求较高。
1985-12-23,male,男命,11,9-11点,http://mfsm.kvov.com/fx/1985-12-23/mfsmm-11-1.html,34,61%,本命 夫妻宫 加会2个及以上 火星 铃星 地劫 地空 陀罗 擎羊,夫妻关系多半不佳，多口舌是非、争吵、冷战甚至会离异。
1985-12-23,male,男命,11,9-11点,http://mfsm.kvov.com/fx/1985-12-23/mfsmm-11-1.html,35,61%,本命 迁移宫 加会2个及以上 左辅 右弼 天魁 天钺,工作职业，外出多得贵人扶助，逢凶化吉，而发财。动中每得贵人扶助，逢凶化吉。
1985-12-23,male,男命,11,9-11点,http://mfsm.kvov.com/fx/1985-12-23/mfsmm-11-1.html,36,61%,本命 交友宫 加会2个及以上 左辅 右弼 天魁 天钺 化禄 化权 化科,得正直之友，助力大，并得下属拥护。
1985-12-23,male,男命,11,9-11点,http://mfsm.kvov.com/fx/1985-12-23/mfsmm-11-1.html,37,60%,本命 官禄宫 加会 台辅 封诰,有荣誉。
1985-12-23,male,男命,11,9-11点,http://mfsm.kvov.com/fx/1985-12-23/mfsmm-11-1.html,38,60%,本命 加会 恩光 天贵,有殊荣，爵禄，受奖励，可带来实际利益，如帮助竞争得利，典试中奖等。
1985-12-23,male,男命,11,9-11点,http://mfsm.kvov.com/fx/1985-12-23/mfsmm-11-1.html,39,60%,本命 财帛宫 加会 恩光 天贵,能受人提拔而得财。
1985-12-23,male,男命,11,9-11点,http://mfsm.kvov.com/fx/1985-12-23/mfsmm-11-1.html,40,59%,本命 父母宫 坐守1个及以上 火星 铃星 陀罗 擎羊,父母之一有疾病在身。
1985-12-23,male,男命,11,9-11点,http://mfsm.kvov.com/fx/1985-12-23/mfsmm-11-1.html,41,59%,本命 坐守1个及以上 地劫 地空 大耗,青少年贫困，破财不聚，多浪费消耗，事业发展艰难。
1985-12-23,male,男命,11,9-11点,http://mfsm.kvov.com/fx/1985-12-23/mfsmm-11-1.html,42,59%,本命 夫妻宫 坐守1个及以上 龙池 凤阁,配偶较讲究情调，精神面需求较高。
1985-12-23,male,男命,11,9-11点,http://mfsm.kvov.com/fx/1985-12-23/mfsmm-11-1.html,43,59%,本命 夫妻宫 坐守1个及以上 贪狼 巨门 破军 七杀 文昌 文曲 左辅 右弼 天魁 天钺 咸池 天姚,易有桃花。
1985-12-23,male,男命,11,9-11点,http://mfsm.kvov.com/fx/1985-12-23/mfsmm-11-1.html,44,59%,本命 子女宫 坐守1个及以上 化忌 火星 铃星 地劫 地空 陀罗 擎羊,易与子女孤单刑克，时起争端。
1985-12-23,male,男命,11,9-11点,http://mfsm.kvov.com/fx/1985-12-23/mfsmm-11-1.html,45,59%,本命 福德宫 坐守1个及以上 龙池 凤阁,有骄傲、高洁、不随俗的特性。
1985-12-23,male,男命,11,9-11点,http://mfsm.kvov.com/fx/1985-12-23/mfsmm-11-1.html,46,58%,本命 坐守 天刑,"一般中晚年(尤其是在遇到坎坷时)会信奉宗教五术。如果不入宗教，最好不要太热衷於追求名利，多做奉献，少求回报。
祖业会破败，而且若不从政从武则身体多灾疾，会有肢体灾伤等事情发生；但若从武或律师、外科医生反吉。
少年顽皮、爱顶牛，常遭父母打罚；晚年孤独，易入空门五术。
女命易有孤克。"
1985-12-23,male,男命,11,9-11点,http://mfsm.kvov.com/fx/1985-12-23/mfsmm-11-1.html,47,57%,"身宫 加会1个及以上 龙池 凤阁
身宫 不坐守 命宫",有骄傲、高洁、不随俗的特性。
1985-12-23,male,男命,11,9-11点,http://mfsm.kvov.com/fx/1985-12-23/mfsmm-11-1.html,48,54%,本命 加会1个及以上 火星 铃星,一生容易从事体力、劳力的工作，自身体能也较佳，具爆发力。
1985-12-23,male,男命,11,9-11点,http://mfsm.kvov.com/fx/1985-12-23/mfsmm-11-1.html,49,50%,身宫 夫妻宫,家庭观念较重，对爱情敏感。星系组合吉者，夫妻感情好，对配偶非常关怀，体贴入微，可因婚姻获益；星系组合不好者，易被感情所困，易陷于单相思，感情苦恼，婚姻不美满。女命对夫家和娘家均关心。
1985-12-23,male,男命,13,11-13点,http://mfsm.kvov.com/fx/1985-12-23/mfsmm-13-1.html,1,71%,本命 兄弟宫 坐守 化科,与兄弟姊妹有缘，相处和睦，兄弟姊妹可为自己的贵人。一生贵人多，异性缘佳。
1985-12-23,male,男命,13,11-13点,http://mfsm.kvov.com/fx/1985-12-23/mfsmm-13-1.html,2,71%,本命 夫妻宫 坐守 天机,另一半聪明机智，企划力强，有事多可与其商量，也善于照顾人，但个性不免”机”动，可能高朝低潮迭起，彼此感情需多协调、包容，以防变数或静极思动。
1985-12-23,male,男命,13,11-13点,http://mfsm.kvov.com/fx/1985-12-23/mfsmm-13-1.html,3,71%,本命 夫妻宫 坐守 天梁,多为女命年龄大于男命，家庭主权操持在女命手中，感情和睦，为相敬如宾型婚姻。
1985-12-23,male,男命,13,11-13点,http://mfsm.kvov.com/fx/1985-12-23/mfsmm-13-1.html,4,71%,本命 财帛宫 坐守 巨门,劳心费神以求财，或以口舌求财。且不宜心高气傲，否则必生破败。财不过一代，注意子女是否散财。
1985-12-23,male,男命,13,11-13点,http://mfsm.kvov.com/fx/1985-12-23/mfsmm-13-1.html,5,71%,本命 夫妻宫 坐守 化权,配偶比自己能干，夫妻间易有争执、摩擦，姻缘来自父母或儿女之命而结化倾向，男易惧内、女易怕夫、多配偶掌权。
1985-12-23,male,男命,13,11-13点,http://mfsm.kvov.com/fx/1985-12-23/mfsmm-13-1.html,6,71%,本命 迁移宫 坐守 天同,在外可得长辈提携，在外口福多，不好动，出门由不得自己，人缘好。
1985-12-23,male,男命,13,11-13点,http://mfsm.kvov.com/fx/1985-12-23/mfsmm-13-1.html,7,71%,本命 子女宫 坐守 天相,对象略年长，或是结过婚之人，或是娱乐场所之人。
1985-12-23,male,男命,13,11-13点,http://mfsm.kvov.com/fx/1985-12-23/mfsmm-13-1.html,8,69%,本命 子女宫 加会 天马 禄存,子女多远离膝下。
1985-12-23,male,男命,13,11-13点,http://mfsm.kvov.com/fx/1985-12-23/mfsmm-13-1.html,9,69%,本命 兄弟宫 加会 贪狼 火星,横发。
1985-12-23,male,男命,13,11-13点,http://mfsm.kvov.com/fx/1985-12-23/mfsmm-13-1.html,10,67%,本命 夫妻宫 坐守 擎羊,两人很容易为了小事情而剑拔弩张，爱情来得快也很浓烈，两人的独占性强，往往会给彼此种种压力及限制，容易有感情外鹜。
1985-12-23,male,男命,13,11-13点,http://mfsm.kvov.com/fx/1985-12-23/mfsmm-13-1.html,11,67%,本命 交友宫 坐守 天马,朋友下属助力极短。
1985-12-23,male,男命,13,11-13点,http://mfsm.kvov.com/fx/1985-12-23/mfsmm-13-1.html,12,67%,本命 夫妻宫 坐守 力士 擎羊,会迟婚，或有不想结婚的倾向。
1985-12-23,male,男命,13,11-13点,http://mfsm.kvov.com/fx/1985-12-23/mfsmm-13-1.html,13,67%,本命 夫妻宫 坐守 文昌,"感情随心情之变化大，有文艺气息。
男命有吸引力，有气质，玩弄风情。"
1985-12-23,male,男命,13,11-13点,http://mfsm.kvov.com/fx/1985-12-23/mfsmm-13-1.html,14,67%,本命 福德宫 空宫,希望能有段美好的婚姻感情，但是通常难以如愿，往往婚姻感情都需要付出很大的努力。
1985-12-23,male,男命,13,11-13点,http://mfsm.kvov.com/fx/1985-12-23/mfsmm-13-1.html,15,67%,本命 空宫,幼年多病，与双亲感情浅，一生当中会更改自己姓或名，离乡外赴等情形。
1985-12-23,male,男命,13,11-13点,http://mfsm.kvov.com/fx/1985-12-23/mfsmm-13-1.html,16,67%,本命 财帛宫 坐守 陀罗,宜从事工艺、工程，不宜经商，常陷于胶着状态。
1985-12-23,male,男命,13,11-13点,http://mfsm.kvov.com/fx/1985-12-23/mfsmm-13-1.html,17,67%,本命 夫妻宫 坐守 铃星,感情容易有阻碍，夫妻之间有时争吵不休，有时又会有冷战的场面，所以，在遇到任何问题时，都能平心静气的面对，多些耐心与包容，并培养共同的兴趣及爱好，必可减轻婚姻破裂的危机。
1985-12-23,male,男命,13,11-13点,http://mfsm.kvov.com/fx/1985-12-23/mfsmm-13-1.html,18,66%,本命 疾病宫 加会3个及以上 化忌 火星 铃星 地劫 地空 陀罗 擎羊,一生多病多灾，或受慢性病的折磨而难以治疗。
1985-12-23,male,男命,13,11-13点,http://mfsm.kvov.com/fx/1985-12-23/mfsmm-13-1.html,19,66%,乙年出生,感性多情又执着，容易情绪不稳，过于完美主义又爱钻牛角尖，经常吹毛求疵让人受不了。而且还是个夜猫族，喜欢夜不归宿，容易流连灯红酒绿的场合，让人捉摸不定很没安全感，将成为其感情的致命伤。
1985-12-23,male,男命,13,11-13点,http://mfsm.kvov.com/fx/1985-12-23/mfsmm-13-1.html,20,64%,本命 加会 左辅 右弼,有先天助力，如易结交益友，易得下属助力，无须刻意寻找。
1985-12-23,male,男命,13,11-13点,http://mfsm.kvov.com/fx/1985-12-23/mfsmm-13-1.html,21,64%,本命 坐守 阴煞,潜在的、不明显的小人及隐忧，初期较难发现问题的所在，往往会在不经意时，发生一些莫名其妙的事情，令人措手不及。其本身个性猜疑及嫉妒心重，常怀疑东怀疑西，内心难以平静，因此可以多接触宗教，让自己的心灵有所寄托。
1985-12-23,male,男命,13,11-13点,http://mfsm.kvov.com/fx/1985-12-23/mfsmm-13-1.html,22,64%,本命 田宅宫 坐守 蜚廉,家有白蚁，或蛇鼠蚁之类昆虫。
1985-12-23,male,男命,13,11-13点,http://mfsm.kvov.com/fx/1985-12-23/mfsmm-13-1.html,23,64%,本命 坐守 咸池,自身感情很丰富，比较风流，重视物质上的生活，贪图美色，最爱吃喝玩乐的事情，因此容易挥霍钱财，又不思进取，而坐吃山空。会因为色而带来问题、烦恼，甚至是破财。
1985-12-23,male,男命,13,11-13点,http://mfsm.kvov.com/fx/1985-12-23/mfsmm-13-1.html,24,64%,本命 福德宫 坐守 天福,精神享受以及物质生活皆佳美。
1985-12-23,male,男命,13,11-13点,http://mfsm.kvov.com/fx/1985-12-23/mfsmm-13-1.html,25,64%,本命 坐守 天厨,得政府或企业之恩惠、津贴。
1985-12-23,male,男命,13,11-13点,http://mfsm.kvov.com/fx/1985-12-23/mfsmm-13-1.html,26,64%,本命 坐守 解神,相当的聪明，而且认真努力，心思细腻，对待他人相当的体贴及温柔，能逢凶化吉。本身具有消灾解厄，化险为夷的功能，意即当可能将要面临到无法预知的困难或危险时，突然会有一种心电感应，或是特殊的意念，因此逃过一场劫难。
1985-12-23,male,男命,13,11-13点,http://mfsm.kvov.com/fx/1985-12-23/mfsmm-13-1.html,27,61%,本命 加会2个及以上 红鸾 天喜 咸池 天姚 沐浴,"长相不赖，举止斯文得体，善于在有意无意间释放魅力，人缘好，能得到异性的青睐，处事的手腕圆滑，能接受新观念，即使不放电，也满容易得到异性的怜爱与包容。
由于思维细腻，第六感敏锐，才华洋溢，好高骛远，对于浪漫的爱情生活十分积极主动，也十分向往，善用智慧及创意才华来赚钱。
偏财运及横财运好，也十分喜欢钱财，会追求高收入以满足自己的生活品味及兴趣爱好。有完美主义的刚烈个性，很有企图心，拼劲十足，韧性很强，能够不畏困难完成使命，努力追求自我成就。"
1985-12-23,male,男命,13,11-13点,http://mfsm.kvov.com/fx/1985-12-23/mfsmm-13-1.html,28,61%,本命 迁移宫 加会2个及以上 左辅 右弼 天魁 天钺,工作职业，外出多得贵人扶助，逢凶化吉，而发财。动中每得贵人扶助，逢凶化吉。
1985-12-23,male,男命,13,11-13点,http://mfsm.kvov.com/fx/1985-12-23/mfsmm-13-1.html,29,61%,本命 交友宫 加会2个及以上 火星 铃星 地劫 地空 陀罗 擎羊,多小人、破耗、纠纷、是非，易遭背弃与损害。
1985-12-23,male,男命,13,11-13点,http://mfsm.kvov.com/fx/1985-12-23/mfsmm-13-1.html,30,61%,本命 加会2个及以上 化忌 地劫 地空 陀罗 擎羊,秀而不实福泽有损（富不全），或富贵只得其一，或富不很富，贵不很贵，或因富贵致祸，或人生有其他缺憾。
1985-12-23,male,男命,13,11-13点,http://mfsm.kvov.com/fx/1985-12-23/mfsmm-13-1.html,31,61%,本命 夫妻宫 加会2个及以上 红鸾 天喜 咸池 天姚 沐浴,有选择较潇洒花俏的对象倾向外，在对异性的感情方面，也会较感性和感情较丰富。
1985-12-23,male,男命,13,11-13点,http://mfsm.kvov.com/fx/1985-12-23/mfsmm-13-1.html,32,60%,本命 田宅宫 加会 龙池 凤阁,房屋美观、清洁。
1985-12-23,male,男命,13,11-13点,http://mfsm.kvov.com/fx/1985-12-23/mfsmm-13-1.html,33,60%,本命 财帛宫 加会 恩光 天贵,能受人提拔而得财。
1985-12-23,male,男命,13,11-13点,http://mfsm.kvov.com/fx/1985-12-23/mfsmm-13-1.html,34,60%,本命 财帛宫 加会 红鸾 天喜,宜经营以异性为顾客的有关行业求财。
1985-12-23,male,男命,13,11-13点,http://mfsm.kvov.com/fx/1985-12-23/mfsmm-13-1.html,35,59%,本命 财帛宫 坐守1个及以上 地劫 地空 天空 旬空,不适合做生意，容易资金短缺。在网上开店做生意反而合适，因为网店在卖出货物之后，要等到买家确认收货才能收到钱，这本身就是一种“资金拖延”。
1985-12-23,male,男命,13,11-13点,http://mfsm.kvov.com/fx/1985-12-23/mfsmm-13-1.html,36,59%,本命 坐守1个及以上 红鸾 天喜 咸池 天姚 沐浴,自身易有异性缘。
1985-12-23,male,男命,13,11-13点,http://mfsm.kvov.com/fx/1985-12-23/mfsmm-13-1.html,37,59%,本命 夫妻宫 坐守1个及以上 地劫 地空 陀罗 擎羊,家庭生活单调，夫妻关系较为冷漠。
1985-12-23,male,男命,13,11-13点,http://mfsm.kvov.com/fx/1985-12-23/mfsmm-13-1.html,38,59%,身宫 坐守1个及以上 咸池 天姚 沐浴,自身有桃花的困扰。
1985-12-23,male,男命,13,11-13点,http://mfsm.kvov.com/fx/1985-12-23/mfsmm-13-1.html,39,59%,本命 夫妻宫 坐守1个及以上 火星 铃星 地劫 地空 陀罗 擎羊,配偶往往多有特殊个性或刚强，有主见，有时会增加婚姻的纠纷与争执，多多少少有些困扰。
1985-12-23,male,男命,13,11-13点,http://mfsm.kvov.com/fx/1985-12-23/mfsmm-13-1.html,40,59%,本命 福德宫 坐守1个及以上 天魁 天钺 化禄 化权 化科,一生常与富贵之人为友，多受助力，终身福厚得享，生活富裕，精神愉快，婚姻运强。
1985-12-23,male,男命,13,11-13点,http://mfsm.kvov.com/fx/1985-12-23/mfsmm-13-1.html,41,59%,本命 坐守1个及以上 咸池 天姚 沐浴,自身必有桃花的困扰。
1985-12-23,male,男命,13,11-13点,http://mfsm.kvov.com/fx/1985-12-23/mfsmm-13-1.html,42,59%,本命 夫妻宫 坐守1个及以上 贪狼 巨门 破军 七杀 文昌 文曲 左辅 右弼 天魁 天钺 咸池 天姚,易有桃花。
1985-12-23,male,男命,13,11-13点,http://mfsm.kvov.com/fx/1985-12-23/mfsmm-13-1.html,43,59%,本命 夫妻宫 坐守1个及以上 天梁 天同 天机 太阴,自身会倾向于选择外表和个性属于较温和的人。
1985-12-23,male,男命,13,11-13点,http://mfsm.kvov.com/fx/1985-12-23/mfsmm-13-1.html,44,58%,本命 交友宫 坐守 长生,易得下属、朋友，源源不断。
1985-12-23,male,男命,13,11-13点,http://mfsm.kvov.com/fx/1985-12-23/mfsmm-13-1.html,45,54%,本命 加会1个及以上 左辅 右弼 天魁 天钺,能得朋友提携、相助之力。
1985-12-23,male,男命,13,11-13点,http://mfsm.kvov.com/fx/1985-12-23/mfsmm-13-1.html,46,54%,本命 福德宫 加会1个及以上 孤辰 寡宿,精神空虚，思想独立。
1985-12-23,male,男命,13,11-13点,http://mfsm.kvov.com/fx/1985-12-23/mfsmm-13-1.html,47,50%,身宫 命宫,"主观强烈，不易受外在环境之影响，讨得这类人的欢心，需要极力讨好，做到对方感觉以自我为中心。
个性强，固执，坦率耿直，口硬心软，行事之功过大都自己承担，命运可能大好也可能大坏，一般来讲，平生较劳碌。
宫吉、三方吉拱，就能大好；宫凶、三方又凶则不稳定。"
1985-12-23,male,男命,15,13-15点,http://mfsm.kvov.com/fx/1985-12-23/mfsmm-15-1.html,1,79%,"本命 田宅宫 坐守 廉贞
本命 田宅宫 加会1个及以上 陀罗 擎羊
本命 田宅宫 加会1个及以上 化忌 火星 铃星 地劫 地空",只需服务于产科、外科、肉食、刑法纪律部队，即可有所发挥。
1985-12-23,male,男命,15,13-15点,http://mfsm.kvov.com/fx/1985-12-23/mfsmm-15-1.html,2,78%,"本命 巳宫 不坐守 武曲 天府 太阴 禄存 化禄
本命 加会 地劫 地空",才华洋溢。
1985-12-23,male,男命,15,13-15点,http://mfsm.kvov.com/fx/1985-12-23/mfsmm-15-1.html,3,75%,"本命 子女宫 坐守 贪狼
本命 子女宫 加会1个及以上 火星 铃星",两代感情起初融洽，至后来却冷如冰炭，子女不一定会暴发。
1985-12-23,male,男命,15,13-15点,http://mfsm.kvov.com/fx/1985-12-23/mfsmm-15-1.html,4,75%,"本命 坐守 天梁
本命 加会1个及以上 化忌 擎羊 陀罗 火星 铃星 天刑","人生有不平凡的际遇。
有灾难，能凭本身的力量去加以化解，不过危险重重。"
1985-12-23,male,男命,15,13-15点,http://mfsm.kvov.com/fx/1985-12-23/mfsmm-15-1.html,5,75%,"本命 迁移宫 坐守 天同
本命 迁移宫 加会1个及以上 红鸾 天喜 咸池 天姚 沐浴",出外发展多感情困扰。
1985-12-23,male,男命,15,13-15点,http://mfsm.kvov.com/fx/1985-12-23/mfsmm-15-1.html,6,75%,"身宫 坐守 天刑
身宫 加会 文昌 文曲
身宫 不坐守 命宫",献策到王庭。
1985-12-23,male,男命,15,13-15点,http://mfsm.kvov.com/fx/1985-12-23/mfsmm-15-1.html,7,74%,本命 加会 太阳 太阴,刚柔相济，大度，豪迈。
1985-12-23,male,男命,15,13-15点,http://mfsm.kvov.com/fx/1985-12-23/mfsmm-15-1.html,8,74%,"本命 迁移宫 坐守 天同
本命 迁移宫 不坐守 化忌",外出发展得福。
1985-12-23,male,男命,15,13-15点,http://mfsm.kvov.com/fx/1985-12-23/mfsmm-15-1.html,9,73%,"本命 财帛宫 坐守 破碎
本命 财帛宫 坐守1个及以上 武曲 天府 太阴 禄存 化禄",削弱财气，得一笔钱财的同时，也必损耗一部分。
1985-12-23,male,男命,15,13-15点,http://mfsm.kvov.com/fx/1985-12-23/mfsmm-15-1.html,10,72%,"本命 交友宫 坐守 破军
本命 交友宫 三方四正不见 禄存 化禄",友人或下属基本不利。
1985-12-23,male,男命,15,13-15点,http://mfsm.kvov.com/fx/1985-12-23/mfsmm-15-1.html,11,72%,"身宫 未宫 坐守 天刑
身宫 不坐守 命宫",宜僧道，否则孤刑，或父母兄弟不得全。
1985-12-23,male,男命,15,13-15点,http://mfsm.kvov.com/fx/1985-12-23/mfsmm-15-1.html,12,71%,本命 兄弟宫 坐守 化科,与兄弟姊妹有缘，相处和睦，兄弟姊妹可为自己的贵人。一生贵人多，异性缘佳。
1985-12-23,male,男命,15,13-15点,http://mfsm.kvov.com/fx/1985-12-23/mfsmm-15-1.html,13,71%,本命 兄弟宫 坐守 紫微,必须甘心处于副手地位，才可与人合作共事。
1985-12-23,male,男命,15,13-15点,http://mfsm.kvov.com/fx/1985-12-23/mfsmm-15-1.html,14,71%,本命 迁移宫 坐守 天同,在外可得长辈提携，在外口福多，不好动，出门由不得自己，人缘好。
1985-12-23,male,男命,15,13-15点,http://mfsm.kvov.com/fx/1985-12-23/mfsmm-15-1.html,15,71%,本命 命宫 坐守 化权,"性刚、自负、任性、霸道，主观意识较强，处事有原则性。
喜欢掌权，有才华、专业技能、具领导格局。"
1985-12-23,male,男命,15,13-15点,http://mfsm.kvov.com/fx/1985-12-23/mfsmm-15-1.html,16,71%,本命 田宅宫 坐守 廉贞,破祖，自己创业时必带困扰、纠纷以致破败，宜选择服务机构，田宅宜注意风水。
1985-12-23,male,男命,15,13-15点,http://mfsm.kvov.com/fx/1985-12-23/mfsmm-15-1.html,17,71%,本命 命宫 坐守 天梁,"有点孤克、懒散、随便、拖延，人生欠积极，有佛道信仰。
宜从事哲学方面的研究。"
1985-12-23,male,男命,15,13-15点,http://mfsm.kvov.com/fx/1985-12-23/mfsmm-15-1.html,18,71%,本命 财帛宫 坐守 化忌,主有财，但不多，得财较辛苦，钱看的较重，较节俭，(心系於财富)。
1985-12-23,male,男命,15,13-15点,http://mfsm.kvov.com/fx/1985-12-23/mfsmm-15-1.html,19,71%,本命 交友宫 坐守 破军,容易结交小人，不仅朋友无助力，还会因友破财，或事业钱财因下属不忠而遭破败。
1985-12-23,male,男命,15,13-15点,http://mfsm.kvov.com/fx/1985-12-23/mfsmm-15-1.html,20,71%,本命 夫妻宫 坐守 化禄,"夫妇感情丰富、情深义重。
结婚后有食禄、财富更显彰。
借助配偶之力较能得食禄、财富。
姻缘早发，未必早婚，喜自由恋爱结婚。
与配偶缘深，配偶人缘好，只是未必貌美。"
1985-12-23,male,男命,15,13-15点,http://mfsm.kvov.com/fx/1985-12-23/mfsmm-15-1.html,21,71%,本命 财帛宫 坐守 太阳,财凭社会地位而来，因此必须争取地位，如学术者应追求较高学位，经商者应追求代理名牌商品、或自行创造商标商誉，任职者应积极进修，争取声誉，或凭人际关系创造升职条件。
1985-12-23,male,男命,15,13-15点,http://mfsm.kvov.com/fx/1985-12-23/mfsmm-15-1.html,22,71%,本命 夫妻宫 坐守 天机,另一半聪明机智，企划力强，有事多可与其商量，也善于照顾人，但个性不免”机”动，可能高朝低潮迭起，彼此感情需多协调、包容，以防变数或静极思动。
1985-12-23,male,男命,15,13-15点,http://mfsm.kvov.com/fx/1985-12-23/mfsmm-15-1.html,23,71%,本命 夫妻宫 坐守 禄存,姻缘运过门不入的遗憾常可能发生，墙外的人很难找到登配的人，以进入婚姻的窄门，而墙内之人想往外逃也难以找到门道。
1985-12-23,male,男命,15,13-15点,http://mfsm.kvov.com/fx/1985-12-23/mfsmm-15-1.html,24,71%,本命 夫妻宫 坐守 巨门,配偶疑心重，较优柔寡断，因为对方而感到辛苦。占有欲强，常易因嫉妒生口角，故年龄差距宜大。女命以配年长之夫为宜，男命也宜与比自己大一两年之妻，则夫妻易于彼此迁就，此为趋避之道。如果婚姻对象是自己比对方年长，则易相克不和。
1985-12-23,male,男命,15,13-15点,http://mfsm.kvov.com/fx/1985-12-23/mfsmm-15-1.html,25,71%,本命 坐守 天梁,"体态虽不算丰厚圆满，但行藏举止自然有一段厚重之气，稳重大方。
不宜经商，自身有消灾解难的性质，所以终能雨过天晴。"
1985-12-23,male,男命,15,13-15点,http://mfsm.kvov.com/fx/1985-12-23/mfsmm-15-1.html,26,67%,本命 子女宫 坐守 陀罗,会迟得子女。
1985-12-23,male,男命,15,13-15点,http://mfsm.kvov.com/fx/1985-12-23/mfsmm-15-1.html,27,67%,本命 夫妻宫 坐守 文昌,"感情随心情之变化大，有文艺气息。
男命有吸引力，有气质，玩弄风情。"
1985-12-23,male,男命,15,13-15点,http://mfsm.kvov.com/fx/1985-12-23/mfsmm-15-1.html,28,67%,本命 坐守 铃星,"面色青黄，有奇特怪异之处，说话声音低沉或沙哑，头面手足有伤，或麻面。
顽固，自以为是，刚强出众，急躁胆大。"
1985-12-23,male,男命,15,13-15点,http://mfsm.kvov.com/fx/1985-12-23/mfsmm-15-1.html,29,67%,本命 独坐 天梁,"面色黄白，面型长方，鼻直、颧高，多身躯微胖，中矮身材。
相貌稳重，洒脱大方，性情耿直无私，临事果敢決断，眼神明朗。"
1985-12-23,male,男命,15,13-15点,http://mfsm.kvov.com/fx/1985-12-23/mfsmm-15-1.html,30,67%,本命 兄弟宫 坐守 擎羊,与兄弟姐妹缘份平淡，无助力，或在关键时刻被兄弟或朋友出买。
1985-12-23,male,男命,15,13-15点,http://mfsm.kvov.com/fx/1985-12-23/mfsmm-15-1.html,31,67%,本命 福德宫 空宫,希望能有段美好的婚姻感情，但是通常难以如愿，往往婚姻感情都需要付出很大的努力。
1985-12-23,male,男命,15,13-15点,http://mfsm.kvov.com/fx/1985-12-23/mfsmm-15-1.html,32,66%,本命 财帛宫 双夹 左辅 右弼,衣禄丰盛。
1985-12-23,male,男命,15,13-15点,http://mfsm.kvov.com/fx/1985-12-23/mfsmm-15-1.html,33,66%,本命 疾病宫 加会3个及以上 化忌 火星 铃星 地劫 地空 陀罗 擎羊,一生多病多灾，或受慢性病的折磨而难以治疗。
1985-12-23,male,男命,15,13-15点,http://mfsm.kvov.com/fx/1985-12-23/mfsmm-15-1.html,34,66%,本命 加会3个及以上 化忌 火星 铃星 地劫 地空 陀罗 擎羊,兄弟姐妹体弱，或刑克分离，甚至无兄弟姐妹。
1985-12-23,male,男命,15,13-15点,http://mfsm.kvov.com/fx/1985-12-23/mfsmm-15-1.html,35,66%,乙年出生,感性多情又执着，容易情绪不稳，过于完美主义又爱钻牛角尖，经常吹毛求疵让人受不了。而且还是个夜猫族，喜欢夜不归宿，容易流连灯红酒绿的场合，让人捉摸不定很没安全感，将成为其感情的致命伤。
1985-12-23,male,男命,15,13-15点,http://mfsm.kvov.com/fx/1985-12-23/mfsmm-15-1.html,36,64%,本命 加会 地劫 地空,"所学所用较讲求实用，生活单调无趣；
也比较不会说谎，沉不住气藏不住话；
性急又胡思乱想，很容易有预设立场之嫌；
多空想而少实际。想法很多，却常因为种种原因无法放手去做，陷入空想多于实践的窘境。
故有半空折翅，浪里行舟的说法。"
1985-12-23,male,男命,15,13-15点,http://mfsm.kvov.com/fx/1985-12-23/mfsmm-15-1.html,37,64%,"本命 迁移宫 加会 天马
本命 迁移宫 加会1个及以上 禄存 化禄",经商，劳碌，运气好，被人赏识的机会多。
1985-12-23,male,男命,15,13-15点,http://mfsm.kvov.com/fx/1985-12-23/mfsmm-15-1.html,38,64%,本命 田宅宫 加会 左辅 右弼,住所附近多服务性机构，或多友好人群。
1985-12-23,male,男命,15,13-15点,http://mfsm.kvov.com/fx/1985-12-23/mfsmm-15-1.html,39,64%,本命 坐守 天哭,尖下巴。
1985-12-23,male,男命,15,13-15点,http://mfsm.kvov.com/fx/1985-12-23/mfsmm-15-1.html,40,64%,本命 坐守 龙池,有才华、能力好、乐观聪明、重视物质上的生活、容易自傲自满。
1985-12-23,male,男命,15,13-15点,http://mfsm.kvov.com/fx/1985-12-23/mfsmm-15-1.html,41,64%,"本命 加会 天马
本命 加会1个及以上 地劫 地空",再富也终贫。
1985-12-23,male,男命,15,13-15点,http://mfsm.kvov.com/fx/1985-12-23/mfsmm-15-1.html,42,64%,本命 迁移宫 加会 文昌 文曲,外出遇贵发达，能以才艺扬名。
1985-12-23,male,男命,15,13-15点,http://mfsm.kvov.com/fx/1985-12-23/mfsmm-15-1.html,43,64%,本命 财帛宫 加会 左辅 右弼,衣禄丰隆，可凭别人助力求财，可考虑独立经营。
1985-12-23,male,男命,15,13-15点,http://mfsm.kvov.com/fx/1985-12-23/mfsmm-15-1.html,44,61%,本命 巳宫,爱动脑，聪明勤劳，一生奔波，喜动不喜静，身心都动，喜行中庸之道，做事须经计谋劳心而获成功。
1985-12-23,male,男命,15,13-15点,http://mfsm.kvov.com/fx/1985-12-23/mfsmm-15-1.html,45,61%,本命 加会2个及以上 化忌 地劫 地空 陀罗 擎羊,秀而不实福泽有损（富不全），或富贵只得其一，或富不很富，贵不很贵，或因富贵致祸，或人生有其他缺憾。
1985-12-23,male,男命,15,13-15点,http://mfsm.kvov.com/fx/1985-12-23/mfsmm-15-1.html,46,61%,本命 交友宫 加会2个及以上 火星 铃星 地劫 地空 陀罗 擎羊,多小人、破耗、纠纷、是非，易遭背弃与损害。
1985-12-23,male,男命,15,13-15点,http://mfsm.kvov.com/fx/1985-12-23/mfsmm-15-1.html,47,60%,本命 加会 恩光 天贵,有殊荣，爵禄，受奖励，可带来实际利益，如帮助竞争得利，典试中奖等。
1985-12-23,male,男命,15,13-15点,http://mfsm.kvov.com/fx/1985-12-23/mfsmm-15-1.html,48,60%,本命 财帛宫 加会 台辅 封诰,因荣誉或商誉而得财。
1985-12-23,male,男命,15,13-15点,http://mfsm.kvov.com/fx/1985-12-23/mfsmm-15-1.html,49,60%,本命 官禄宫 加会 台辅 封诰,有荣誉。
1985-12-23,male,男命,15,13-15点,http://mfsm.kvov.com/fx/1985-12-23/mfsmm-15-1.html,50,60%,本命 财帛宫 加会 恩光 天贵,能受人提拔而得财。
1985-12-23,male,男命,15,13-15点,http://mfsm.kvov.com/fx/1985-12-23/mfsmm-15-1.html,51,60%,本命 官禄宫 加会 龙池 凤阁,有专业才能。
1985-12-23,male,男命,15,13-15点,http://mfsm.kvov.com/fx/1985-12-23/mfsmm-15-1.html,52,60%,本命 加会 龙池 凤阁,聪明，易学习才艺。
1985-12-23,male,男命,15,13-15点,http://mfsm.kvov.com/fx/1985-12-23/mfsmm-15-1.html,53,59%,本命 夫妻宫 坐守1个及以上 贪狼 巨门 破军 七杀 文昌 文曲 左辅 右弼 天魁 天钺 咸池 天姚,易有桃花。
1985-12-23,male,男命,15,13-15点,http://mfsm.kvov.com/fx/1985-12-23/mfsmm-15-1.html,54,59%,本命 交友宫 坐守1个及以上 火星 铃星,多争斗、气恼。
1985-12-23,male,男命,15,13-15点,http://mfsm.kvov.com/fx/1985-12-23/mfsmm-15-1.html,55,59%,本命 父母宫 坐守1个及以上 地劫 地空 天空,性格受双亲影响小，自己对双亲的教育有抗拒性，会孝养父母，与父母缘份不深，与父母分居少于住在一起。
1985-12-23,male,男命,15,13-15点,http://mfsm.kvov.com/fx/1985-12-23/mfsmm-15-1.html,56,59%,本命 夫妻宫 坐守1个及以上 天梁 天同 天机 太阴,自身会倾向于选择外表和个性属于较温和的人。
1985-12-23,male,男命,15,13-15点,http://mfsm.kvov.com/fx/1985-12-23/mfsmm-15-1.html,57,59%,本命 子女宫 坐守1个及以上 化忌 火星 铃星 地劫 地空 陀罗 擎羊,易与子女孤单刑克，时起争端。
1985-12-23,male,男命,15,13-15点,http://mfsm.kvov.com/fx/1985-12-23/mfsmm-15-1.html,58,59%,本命 福德宫 坐守1个及以上 化忌 陀罗 擎羊 天刑,多烦恼纠纷，福薄不安。
1985-12-23,male,男命,15,13-15点,http://mfsm.kvov.com/fx/1985-12-23/mfsmm-15-1.html,59,55%,"本命 加会1个及以上 火星 铃星
本命 三方四正不见 贪狼",秀而不实福泽有损（富不全），或富贵只得其一，或富不很富，贵不很贵，或因富贵致祸，或人生有其他缺憾。
1985-12-23,male,男命,15,13-15点,http://mfsm.kvov.com/fx/1985-12-23/mfsmm-15-1.html,60,54%,本命 加会1个及以上 火星 铃星,一生容易从事体力、劳力的工作，自身体能也较佳，具爆发力。
1985-12-23,male,男命,15,13-15点,http://mfsm.kvov.com/fx/1985-12-23/mfsmm-15-1.html,61,51%,本命 夫妻宫 三方四正不见 化忌 火星 铃星 地劫 地空 陀罗 擎羊,只要结婚对象不太离谱，通常婚姻比较能得美满和谐。
1985-12-23,male,男命,15,13-15点,http://mfsm.kvov.com/fx/1985-12-23/mfsmm-15-1.html,62,50%,身宫 福德宫,"有钱花在自己身上，满足于娱乐，比较爱享受，享福，注重生活品质，可能会有些缺乏积极进取，努力奋斗的精神，可能会承袭祖上余荫之生活方式，不愿去做改变。
或一生辛劳，过着闷闷不乐的生活；或有钱不会花，为守财奴；或能知足常乐。"
1985-12-23,male,男命,17,15-17点,http://mfsm.kvov.com/fx/1985-12-23/mfsmm-17-1.html,1,84%,本命 子女宫 坐守 太阳 太阴,子女众多，并有干儿干女。
1985-12-23,male,男命,17,15-17点,http://mfsm.kvov.com/fx/1985-12-23/mfsmm-17-1.html,2,83%,"本命 坐守 紫微
本命 加会2个及以上 大耗 沐浴 红鸾 天喜 咸池 天姚
本命 三方四正不见 天刑",自身多好色。
1985-12-23,male,男命,17,15-17点,http://mfsm.kvov.com/fx/1985-12-23/mfsmm-17-1.html,3,82%,"本命 坐守 紫微
本命 加会2个及以上 大耗 沐浴 红鸾 天喜 咸池 天姚",能自律。
1985-12-23,male,男命,17,15-17点,http://mfsm.kvov.com/fx/1985-12-23/mfsmm-17-1.html,4,82%,"本命 辰宫
本命 官禄宫 坐守 廉贞","宜从商，带投机性质。
从商最宜投身财经金融行业、或基金投资，负买卖之责。
从政易为各党派集团的调和折衷人物，易成为傀儡。"
1985-12-23,male,男命,17,15-17点,http://mfsm.kvov.com/fx/1985-12-23/mfsmm-17-1.html,5,81%,"本命 坐守 紫微
本命 加会 恩光 天贵",受人欢迎。
1985-12-23,male,男命,17,15-17点,http://mfsm.kvov.com/fx/1985-12-23/mfsmm-17-1.html,6,80%,本命 坐守 紫微 擎羊,易经商。
1985-12-23,male,男命,17,15-17点,http://mfsm.kvov.com/fx/1985-12-23/mfsmm-17-1.html,7,80%,本命 坐守 天相 擎羊,易有桃花事件，防小人、刀伤。
1985-12-23,male,男命,17,15-17点,http://mfsm.kvov.com/fx/1985-12-23/mfsmm-17-1.html,8,79%,"本命 坐守 紫微
本命 加会 天官",事业稳定。
1985-12-23,male,男命,17,15-17点,http://mfsm.kvov.com/fx/1985-12-23/mfsmm-17-1.html,9,79%,"本命 坐守 紫微
本命 加会 天福",能享福。
1985-12-23,male,男命,17,15-17点,http://mfsm.kvov.com/fx/1985-12-23/mfsmm-17-1.html,10,78%,本命 辰宫 坐守 擎羊,【擎羊入庙】权威出众、富贵声扬，具有领导统御能力。仍具有相当程度的凶性，所以亦可能为灾为祸。有惊人的冲劲与毅力，可以披荆斩棘、开山辟地，也能为自己开创出奇迹。
1985-12-23,male,男命,17,15-17点,http://mfsm.kvov.com/fx/1985-12-23/mfsmm-17-1.html,11,78%,"本命 坐守 紫微
本命 加会2个及以下 文昌 文曲 左辅 右弼 天魁 天钺 禄存 化禄
本命 三方四正不见 地劫 地空 天空",[在野孤君]进退失据，不肯低头服小，因而造成自己的坎坷。
1985-12-23,male,男命,17,15-17点,http://mfsm.kvov.com/fx/1985-12-23/mfsmm-17-1.html,12,77%,"本命 坐守 天相
本命 加会2个及以下 文昌 文曲 左辅 右弼 天魁 天钺",没什么大作为。
1985-12-23,male,男命,17,15-17点,http://mfsm.kvov.com/fx/1985-12-23/mfsmm-17-1.html,13,76%,"身宫 加会 文昌 文曲 化科
身宫 不坐守 命宫",在文学功名方面有天赋和成就。
1985-12-23,male,男命,17,15-17点,http://mfsm.kvov.com/fx/1985-12-23/mfsmm-17-1.html,14,76%,"本命 财帛宫 坐守 武曲
本命 财帛宫 加会1个及以上 火星 铃星
本命 财帛宫 三方四正不见 贪狼",必因财而生事端。
1985-12-23,male,男命,17,15-17点,http://mfsm.kvov.com/fx/1985-12-23/mfsmm-17-1.html,15,76%,"本命 财帛宫 坐守 天府
本命 财帛宫 三方四正不见 禄存 化禄
本命 财帛宫 加会1个及以上 天姚 阴煞",机关巧计以谋财。
1985-12-23,male,男命,17,15-17点,http://mfsm.kvov.com/fx/1985-12-23/mfsmm-17-1.html,16,76%,"本命 财帛宫 坐守 武曲
本命 财帛宫 加会1个及以上 禄存 化禄 化权 化科
本命 三方四正不见 地劫 地空",大富。
1985-12-23,male,男命,17,15-17点,http://mfsm.kvov.com/fx/1985-12-23/mfsmm-17-1.html,17,75%,"本命 夫妻宫 坐守 贪狼
本命 夫妻宫 加会1个及以上 化忌 火星 铃星 地劫 地空 陀罗 擎羊",夫妻一般会有刑克，或离婚，或配偶死亡，需迟婚，且婚前曾经波折，然后才可以避免。
1985-12-23,male,男命,17,15-17点,http://mfsm.kvov.com/fx/1985-12-23/mfsmm-17-1.html,18,75%,"本命 财帛宫 坐守 武曲
本命 财帛宫 加会1个及以上 陀罗 擎羊",白手成家，需防败光。
1985-12-23,male,男命,17,15-17点,http://mfsm.kvov.com/fx/1985-12-23/mfsmm-17-1.html,19,75%,"本命 辰宫
本命 夫妻宫 坐守 红鸾",可得很不错的另一伴，其配偶本身很有魅力，也注重生活上的情趣，人际关系好，受大家的喜爱。
1985-12-23,male,男命,17,15-17点,http://mfsm.kvov.com/fx/1985-12-23/mfsmm-17-1.html,20,74%,本命 父母宫 加会 太阳 太阴,祖产败退，克父母。
1985-12-23,male,男命,17,15-17点,http://mfsm.kvov.com/fx/1985-12-23/mfsmm-17-1.html,21,72%,"本命 迁移宫 坐守 破军
本命 迁移宫 三方四正不见 禄存 化禄",不利迁居异地生根，但却利流动各地以生财。
1985-12-23,male,男命,17,15-17点,http://mfsm.kvov.com/fx/1985-12-23/mfsmm-17-1.html,22,71%,本命 父母宫 坐守 天梁,双亲有责任感，能够照顾自己，愿意为自己付出，同时也表示上级、长辈、老师对自己的提拔之力甚大。
1985-12-23,male,男命,17,15-17点,http://mfsm.kvov.com/fx/1985-12-23/mfsmm-17-1.html,23,71%,本命 命宫 坐守 天相,"最佳僚幕人才。
有正义感，但可能较软弱。终身多从事一行职业，不见异思迁。"
1985-12-23,male,男命,17,15-17点,http://mfsm.kvov.com/fx/1985-12-23/mfsmm-17-1.html,24,71%,本命 财帛宫 坐守 武曲,求财，必先有事业然后有钱财，利经商，从事专业，缺少父荫，须藉一己之力开创，擅长以钱赚钱，一般很少会安于任职。
1985-12-23,male,男命,17,15-17点,http://mfsm.kvov.com/fx/1985-12-23/mfsmm-17-1.html,25,71%,本命 命宫 坐守 化科,"聪明、博学，一学即知，重声誉、爱面子、肯助人，乐善好施，男有风度、女有风情，与人相处和睦。
一生主平顺，做事较有计划性，有科甲、功名。"
1985-12-23,male,男命,17,15-17点,http://mfsm.kvov.com/fx/1985-12-23/mfsmm-17-1.html,26,71%,本命 兄弟宫 坐守 化禄,"兄弟姊妹之间，彼此有缘、手足情深。
借兄弟姊妹之力较易得食禄、财富。
在私人机构或经营、买卖不动产，得食禄、财富。"
1985-12-23,male,男命,17,15-17点,http://mfsm.kvov.com/fx/1985-12-23/mfsmm-17-1.html,27,71%,本命 夫妻宫 坐守 贪狼,配偶多才多艺，贤能有助，情欲较浓。
1985-12-23,male,男命,17,15-17点,http://mfsm.kvov.com/fx/1985-12-23/mfsmm-17-1.html,28,71%,本命 坐守 紫微,"有气派，有领导力，爱发号施令。有调解力，有竞争力。有自尊心，而且性格强烈。
性格上便容易表现得恃才傲物，好恶随心，倘若所会照的是煞曜而非吉曜，则有爱之欲其生、恶之欲其死的偏激。但处于逆境之吋，却能忍受内心的痛苦，不肯表露。"
1985-12-23,male,男命,17,15-17点,http://mfsm.kvov.com/fx/1985-12-23/mfsmm-17-1.html,29,71%,本命 福德宫 坐守 七杀,心态上容易偏激，其理想多偏重于个人的利益，人生福气不重，内心无法平静。
1985-12-23,male,男命,17,15-17点,http://mfsm.kvov.com/fx/1985-12-23/mfsmm-17-1.html,30,71%,本命 父母宫 坐守 化权,得父母之庇荫，与父母意见较有代沟，较难沟通，父母威严，幼年有外来伤害，如外伤。
1985-12-23,male,男命,17,15-17点,http://mfsm.kvov.com/fx/1985-12-23/mfsmm-17-1.html,31,71%,本命 子女宫 坐守 化忌,有亏欠子女的感受，有溺爱子女之象，与子女缘份较薄或得子较晚，或生产较不顺之象，较不宜合作，需注意意外。
1985-12-23,male,男命,17,15-17点,http://mfsm.kvov.com/fx/1985-12-23/mfsmm-17-1.html,32,71%,本命 财帛宫 坐守 天府,用钱非常有计划。
1985-12-23,male,男命,17,15-17点,http://mfsm.kvov.com/fx/1985-12-23/mfsmm-17-1.html,33,71%,本命 坐守 天相,"虽多正义感，但也可能流为软弱。
性情持重温和，眼神正大而清和。
终身从事一行职业，不易见异思迁，为最佳僚幕人才。"
1985-12-23,male,男命,17,15-17点,http://mfsm.kvov.com/fx/1985-12-23/mfsmm-17-1.html,34,71%,本命 迁移宫 坐守 破军,必须靠专门技能起家。
1985-12-23,male,男命,17,15-17点,http://mfsm.kvov.com/fx/1985-12-23/mfsmm-17-1.html,35,71%,本命 兄弟宫 坐守 巨门,貌和神离，口舌纷争，兄弟四散各方，一般不宜与人合作事业。场面上朋友多，一深交即易涉及阴私，或竟因此致祸。
1985-12-23,male,男命,17,15-17点,http://mfsm.kvov.com/fx/1985-12-23/mfsmm-17-1.html,36,71%,本命 官禄宫 坐守 廉贞,"较重视事业，在任何环境中都较易执掌权威（多室内职务），工作性质、地点、环境较复杂。
宜公职，军警、司法等，民企则偏于电器业。"
1985-12-23,male,男命,17,15-17点,http://mfsm.kvov.com/fx/1985-12-23/mfsmm-17-1.html,37,67%,本命 夫妻宫 坐守 陀罗,天生孤独命，易迟婚，或夫妻貌合神离。
1985-12-23,male,男命,17,15-17点,http://mfsm.kvov.com/fx/1985-12-23/mfsmm-17-1.html,38,67%,本命 夫妻宫 坐守 左辅,能成为伴侣的往往是人生的某个阶段中，对你有助力的人，但两人的观念有颇多待磨合之处，容易背道而驰，很容易有第三者介入，也很可能会二婚。
1985-12-23,male,男命,17,15-17点,http://mfsm.kvov.com/fx/1985-12-23/mfsmm-17-1.html,39,67%,本命 财帛宫 坐守 文曲,文艺之财，细水长流，不断之财。
1985-12-23,male,男命,17,15-17点,http://mfsm.kvov.com/fx/1985-12-23/mfsmm-17-1.html,40,67%,本命 坐守 擎羊,"带刑煞之气，易有伤残，所以宜军警、法律、外科医生，或为工程技术人员。
不宜经商，亦不宜文职、从政。"
1985-12-23,male,男命,17,15-17点,http://mfsm.kvov.com/fx/1985-12-23/mfsmm-17-1.html,41,67%,本命 夫妻宫 独坐 贪狼 七杀,自身性格大多相当的强势且主观，颇具挑战精神，会不顾众人的反对，去追求或执着于自己心中那份美好的期盼。容易一见钟情，闪电成婚的可能性颇高，也说明他对爱情或婚姻比较冲动，往往感情热得快也冷得快，由于两人在很多方面有不甚契合之处，未必真的很登对，必需持之以恒的费心经营，否则很有可能以分手收场，或难免会有难以言喻的落寞和遗憾。
1985-12-23,male,男命,17,15-17点,http://mfsm.kvov.com/fx/1985-12-23/mfsmm-17-1.html,42,67%,本命 福德宫 坐守 铃星,内心经常焦虑。忙碌少清闲，精神生活不安，少乐多忧，易压抑情绪。在婚姻中，容易一言不合就生气，需要注意情绪控制。
1985-12-23,male,男命,17,15-17点,http://mfsm.kvov.com/fx/1985-12-23/mfsmm-17-1.html,43,67%,本命 夫妻宫 坐守 文昌,"感情随心情之变化大，有文艺气息。
男命有吸引力，有气质，玩弄风情。"
1985-12-23,male,男命,17,15-17点,http://mfsm.kvov.com/fx/1985-12-23/mfsmm-17-1.html,44,66%,本命 疾病宫 加会3个及以上 化忌 火星 铃星 地劫 地空 陀罗 擎羊,一生多病多灾，或受慢性病的折磨而难以治疗。
1985-12-23,male,男命,17,15-17点,http://mfsm.kvov.com/fx/1985-12-23/mfsmm-17-1.html,45,66%,乙年出生,感性多情又执着，容易情绪不稳，过于完美主义又爱钻牛角尖，经常吹毛求疵让人受不了。而且还是个夜猫族，喜欢夜不归宿，容易流连灯红酒绿的场合，让人捉摸不定很没安全感，将成为其感情的致命伤。
1985-12-23,male,男命,17,15-17点,http://mfsm.kvov.com/fx/1985-12-23/mfsmm-17-1.html,46,64%,本命 官禄宫 加会 天魁 天钺,事业上多贵人，特别是上级、尊长的支持，凡遇困难都会逢凶化吉。
1985-12-23,male,男命,17,15-17点,http://mfsm.kvov.com/fx/1985-12-23/mfsmm-17-1.html,47,64%,本命 夫妻宫 坐守 台辅,配偶有荣誉与声望。
1985-12-23,male,男命,17,15-17点,http://mfsm.kvov.com/fx/1985-12-23/mfsmm-17-1.html,48,64%,本命 加会 天魁 天钺,有学识，高学历，端庄，一生多助人，也多得众人相助，能逢凶化吉，遇难呈祥。
1985-12-23,male,男命,17,15-17点,http://mfsm.kvov.com/fx/1985-12-23/mfsmm-17-1.html,49,64%,本命 迁移宫 坐守 天月,易患水土不服。
1985-12-23,male,男命,17,15-17点,http://mfsm.kvov.com/fx/1985-12-23/mfsmm-17-1.html,50,64%,本命 夫妻宫 坐守 天巫,夫妻关系良好，遇到问题困难，都能相互帮助解决，另一半的工作能力强，有不错的成就。
1985-12-23,male,男命,17,15-17点,http://mfsm.kvov.com/fx/1985-12-23/mfsmm-17-1.html,51,64%,本命 财帛宫 加会 天魁 天钺,有生财的机会，常常由于曲章制度的改变而带来。
1985-12-23,male,男命,17,15-17点,http://mfsm.kvov.com/fx/1985-12-23/mfsmm-17-1.html,52,64%,本命 夫妻宫 坐守 天空,晚婚。配偶本身想法有创意，往往可得到不错的见解。
1985-12-23,male,男命,17,15-17点,http://mfsm.kvov.com/fx/1985-12-23/mfsmm-17-1.html,53,64%,本命 财帛宫 坐守 大耗,财来财去，不能累积，做生意则容易亏蚀。
1985-12-23,male,男命,17,15-17点,http://mfsm.kvov.com/fx/1985-12-23/mfsmm-17-1.html,54,64%,本命 夫妻宫 坐守 孤辰,另一伴的观念理念容易有出入，常造成彼此互相不谅解，也容易因工作或其他因素而分隔两地。配偶本身不容易敞开自己的心房，而造成沟通不良。
1985-12-23,male,男命,17,15-17点,http://mfsm.kvov.com/fx/1985-12-23/mfsmm-17-1.html,55,64%,本命 田宅宫 坐守 大耗,不继祖业。
1985-12-23,male,男命,17,15-17点,http://mfsm.kvov.com/fx/1985-12-23/mfsmm-17-1.html,56,61%,本命 加会2个及以上 红鸾 天喜 咸池 天姚 沐浴,"长相不赖，举止斯文得体，善于在有意无意间释放魅力，人缘好，能得到异性的青睐，处事的手腕圆滑，能接受新观念，即使不放电，也满容易得到异性的怜爱与包容。
由于思维细腻，第六感敏锐，才华洋溢，好高骛远，对于浪漫的爱情生活十分积极主动，也十分向往，善用智慧及创意才华来赚钱。
偏财运及横财运好，也十分喜欢钱财，会追求高收入以满足自己的生活品味及兴趣爱好。有完美主义的刚烈个性，很有企图心，拼劲十足，韧性很强，能够不畏困难完成使命，努力追求自我成就。"
1985-12-23,male,男命,17,15-17点,http://mfsm.kvov.com/fx/1985-12-23/mfsmm-17-1.html,57,61%,本命 辰宫,为人保守，勤劳节俭，忙碌，善积蓄，不善投机，忠诚老实，任劳任怨，做事须靠踏实苦干，历经艰难后才能获得成功。
1985-12-23,male,男命,17,15-17点,http://mfsm.kvov.com/fx/1985-12-23/mfsmm-17-1.html,58,61%,本命 夫妻宫 加会2个及以上 红鸾 天喜 咸池 天姚 沐浴,有选择较潇洒花俏的对象倾向外，在对异性的感情方面，也会较感性和感情较丰富。
1985-12-23,male,男命,17,15-17点,http://mfsm.kvov.com/fx/1985-12-23/mfsmm-17-1.html,59,61%,本命 交友宫 加会2个及以上 左辅 右弼 天魁 天钺 化禄 化权 化科,得正直之友，助力大，并得下属拥护。
1985-12-23,male,男命,17,15-17点,http://mfsm.kvov.com/fx/1985-12-23/mfsmm-17-1.html,60,60%,本命 财帛宫 加会 天官 天福,能受人提拔而得财。
1985-12-23,male,男命,17,15-17点,http://mfsm.kvov.com/fx/1985-12-23/mfsmm-17-1.html,61,60%,本命 加会 恩光 天贵,有殊荣，爵禄，受奖励，可带来实际利益，如帮助竞争得利，典试中奖等。
1985-12-23,male,男命,17,15-17点,http://mfsm.kvov.com/fx/1985-12-23/mfsmm-17-1.html,62,59%,本命 福德宫 坐守1个及以上 咸池 天姚 沐浴,自身必有桃花的困扰。
1985-12-23,male,男命,17,15-17点,http://mfsm.kvov.com/fx/1985-12-23/mfsmm-17-1.html,63,59%,本命 坐守1个及以上 咸池 天姚 沐浴,自身必有桃花的困扰。
1985-12-23,male,男命,17,15-17点,http://mfsm.kvov.com/fx/1985-12-23/mfsmm-17-1.html,64,59%,本命 官禄宫 坐守1个及以上 天魁 天钺,事业上多贵人，特别是上级、尊长的支持，凡遇困难都会逢凶化吉。
1985-12-23,male,男命,17,15-17点,http://mfsm.kvov.com/fx/1985-12-23/mfsmm-17-1.html,65,59%,本命 夫妻宫 坐守1个及以上 贪狼 巨门 破军 七杀 文昌 文曲 左辅 右弼 天魁 天钺 咸池 天姚,易有桃花。
1985-12-23,male,男命,17,15-17点,http://mfsm.kvov.com/fx/1985-12-23/mfsmm-17-1.html,66,59%,本命 坐守1个及以上 红鸾 天喜 咸池 天姚 沐浴,自身易有异性缘。
1985-12-23,male,男命,17,15-17点,http://mfsm.kvov.com/fx/1985-12-23/mfsmm-17-1.html,67,59%,本命 夫妻宫 坐守1个及以上 火星 铃星 地劫 地空 陀罗 擎羊,配偶往往多有特殊个性或刚强，有主见，有时会增加婚姻的纠纷与争执，多多少少有些困扰。
1985-12-23,male,男命,17,15-17点,http://mfsm.kvov.com/fx/1985-12-23/mfsmm-17-1.html,68,59%,本命 夫妻宫 坐守1个及以上 地劫 地空 陀罗 擎羊,家庭生活单调，夫妻关系较为冷漠。
1985-12-23,male,男命,17,15-17点,http://mfsm.kvov.com/fx/1985-12-23/mfsmm-17-1.html,69,59%,本命 夫妻宫 坐守1个及以上 孤辰 寡宿,一生中易有一段时间因感情不合或工作关系，而与配偶分房或分居。
1985-12-23,male,男命,17,15-17点,http://mfsm.kvov.com/fx/1985-12-23/mfsmm-17-1.html,70,59%,本命 夫妻宫 坐守1个及以上 贪狼 破军 七杀,自身会倾向于选择比较有个性和较活跃型的人。
1985-12-23,male,男命,17,15-17点,http://mfsm.kvov.com/fx/1985-12-23/mfsmm-17-1.html,71,58%,本命 加会 天官,既具有领导才能，也拥有不俗的口才。能大大加强一个人的管理能力。
1985-12-23,male,男命,17,15-17点,http://mfsm.kvov.com/fx/1985-12-23/mfsmm-17-1.html,72,54%,本命 福德宫 加会1个及以上 孤辰 寡宿,精神空虚，思想独立。
1985-12-23,male,男命,17,15-17点,http://mfsm.kvov.com/fx/1985-12-23/mfsmm-17-1.html,73,54%,本命 加会1个及以上 左辅 右弼 天魁 天钺,能得朋友提携、相助之力。
1985-12-23,male,男命,17,15-17点,http://mfsm.kvov.com/fx/1985-12-23/mfsmm-17-1.html,74,50%,身宫 官禄宫,事业心较重之人，一生行事以追求事业成就为目标，热衷于名位，对事业执着，有责任心、事业心，重视荣誉，有野心，做事能力强。
1985-12-23,male,男命,19,17-19点,http://mfsm.kvov.com/fx/1985-12-23/mfsmm-19-1.html,1,75%,"本命 夫妻宫 坐守 破军
本命 夫妻宫 加会1个及以上 文昌 文曲",多为理想之主义者，而不切实际。
1985-12-23,male,男命,19,17-19点,http://mfsm.kvov.com/fx/1985-12-23/mfsmm-19-1.html,2,75%,"本命 交友宫 坐守 天同
本命 交友宫 加会1个及以上 陀罗 擎羊",友人或下属惹是非。
1985-12-23,male,男命,19,17-19点,http://mfsm.kvov.com/fx/1985-12-23/mfsmm-19-1.html,3,75%,"本命 坐守 禄存
本命 加会1个及以上 擎羊 陀罗 火星 铃星 地劫 地空",多形孤。
1985-12-23,male,男命,19,17-19点,http://mfsm.kvov.com/fx/1985-12-23/mfsmm-19-1.html,4,74%,本命 父母宫 加会 太阳 太阴,祖产败退，克父母。
1985-12-23,male,男命,19,17-19点,http://mfsm.kvov.com/fx/1985-12-23/mfsmm-19-1.html,5,74%,本命 福德宫 加会 贪狼 廉贞,有色彩感，爱好艺术，喜运动或跳舞。
1985-12-23,male,男命,19,17-19点,http://mfsm.kvov.com/fx/1985-12-23/mfsmm-19-1.html,6,72%,"本命 迁移宫 坐守 武曲
本命 迁移宫 三方四正不见 化忌 火星 铃星 地劫 地空 陀罗 擎羊 天刑",利于在海外谋生发财。
1985-12-23,male,男命,19,17-19点,http://mfsm.kvov.com/fx/1985-12-23/mfsmm-19-1.html,7,72%,本命 交友宫 加会 左辅 右弼 天魁 天钺,可获得朋友之助。
1985-12-23,male,男命,19,17-19点,http://mfsm.kvov.com/fx/1985-12-23/mfsmm-19-1.html,8,71%,本命 父母宫 坐守 化忌,与父母观念有代沟，心意表达孝顺，较无钱财孝意，不能为人做担保。
1985-12-23,male,男命,19,17-19点,http://mfsm.kvov.com/fx/1985-12-23/mfsmm-19-1.html,9,71%,本命 官禄宫 坐守 天相,无论处何地位，均不宜在名义上占取最高位置，以居老二为宜，否则必受人攻击，排挤。
1985-12-23,male,男命,19,17-19点,http://mfsm.kvov.com/fx/1985-12-23/mfsmm-19-1.html,10,71%,本命 迁移宫 坐守 武曲,利经商。迁移异地后必多忙碌。
1985-12-23,male,男命,19,17-19点,http://mfsm.kvov.com/fx/1985-12-23/mfsmm-19-1.html,11,71%,本命 子女宫 坐守 化禄,"会因子女带财来，生子后，财富、食禄较显彰。
在外人缘好，异性缘佳。可借合作之力得财富。
自身比较花心。"
1985-12-23,male,男命,19,17-19点,http://mfsm.kvov.com/fx/1985-12-23/mfsmm-19-1.html,12,71%,本命 福德宫 坐守 廉贞,注重精神上的愉悦。
1985-12-23,male,男命,19,17-19点,http://mfsm.kvov.com/fx/1985-12-23/mfsmm-19-1.html,13,71%,本命 交友宫 坐守 化权,朋友比我较能干、有才华，与朋友较易有争执、摩擦之象。
1985-12-23,male,男命,19,17-19点,http://mfsm.kvov.com/fx/1985-12-23/mfsmm-19-1.html,14,71%,本命 交友宫 坐守 天同,交游广阔，易结交朋友，与下属关系也佳。
1985-12-23,male,男命,19,17-19点,http://mfsm.kvov.com/fx/1985-12-23/mfsmm-19-1.html,15,71%,本命 坐守 禄存,"有很强的经济观念，生性节俭，不喜浪费。
聪明耿直，有机变，多学多能，一生财运佳。
慈祥厚道和蔼可亲，品貌持重信义卓著，行事稳健沉着，有被动的倾向。"
1985-12-23,male,男命,19,17-19点,http://mfsm.kvov.com/fx/1985-12-23/mfsmm-19-1.html,16,71%,身宫 坐守 七杀,"多白手兴家，崛起于草莽，或身无分文转瞬却腰缠万贯，或功成名就之中却又一朝暴败，钱财散尽。
经商从公皆可，经商宜以经营实业，若投机有倾家荡产之危险。
多从事开创性的行业具危险性之工作，如建筑业、重工业、生产业、机械、车辆、运输、医师、格斗武术、运动员、警察、军人、证券、金融、外销、公司老板、实业家等。"
1985-12-23,male,男命,19,17-19点,http://mfsm.kvov.com/fx/1985-12-23/mfsmm-19-1.html,17,71%,本命 夫妻宫 坐守 化科,"配偶温柔、体贴、善解风情，往往为自己的贵人，夫妻感情好。
姻缘较属介绍型，如同事、同学、兄弟姊妹介绍。"
1985-12-23,male,男命,19,17-19点,http://mfsm.kvov.com/fx/1985-12-23/mfsmm-19-1.html,18,71%,本命 坐守 天府,"具有领导能力，可是这种领导力却倾向于守成，缺乏开创性，比较爱惜金钱，谨慎、稳重，极力寻求安定。
宜就原有的局面发展，欠缺卓尔不群的表现，亦无独特的见解，较为随波逐流，其领导力只表现为一个称职的主管。"
1985-12-23,male,男命,19,17-19点,http://mfsm.kvov.com/fx/1985-12-23/mfsmm-19-1.html,19,71%,本命 福德宫 坐守 贪狼,一生忙碌奔波，为人享乐好吃喝，嗜酒或好赌博色欲，易有艳遇。在感情中，不利稳定，自身容易有桃花、外遇。
1985-12-23,male,男命,19,17-19点,http://mfsm.kvov.com/fx/1985-12-23/mfsmm-19-1.html,20,71%,本命 交友宫 坐守 天梁,一般朋友不多，但是得力。
1985-12-23,male,男命,19,17-19点,http://mfsm.kvov.com/fx/1985-12-23/mfsmm-19-1.html,21,71%,本命 迁移宫 坐守 七杀,利外出发展，在外有权，令人敬畏。
1985-12-23,male,男命,19,17-19点,http://mfsm.kvov.com/fx/1985-12-23/mfsmm-19-1.html,22,71%,本命 夫妻宫 坐守 破军,男女都有驾御配偶的倾向，婚姻易不美，起伏大且欠理智。
1985-12-23,male,男命,19,17-19点,http://mfsm.kvov.com/fx/1985-12-23/mfsmm-19-1.html,23,71%,本命 田宅宫 坐守 巨门,田宅对风水极为敏感。
1985-12-23,male,男命,19,17-19点,http://mfsm.kvov.com/fx/1985-12-23/mfsmm-19-1.html,24,71%,本命 夫妻宫 坐守 紫微,另一半具有主导欲望，特质是对家庭的责任感很强，即使婚姻生活不如对方的心意也不会轻言离婚，对其而言，婚姻是很有意义，很庄重的。
1985-12-23,male,男命,19,17-19点,http://mfsm.kvov.com/fx/1985-12-23/mfsmm-19-1.html,25,69%,"本命 坐守 卯宫
本命 迁移宫 天梁 太阳","宜于从事学术研究、法律工作、服务社会的行业。
富贵。"
1985-12-23,male,男命,19,17-19点,http://mfsm.kvov.com/fx/1985-12-23/mfsmm-19-1.html,26,68%,"本命 父母宫 坐守1个及以上 陀罗 擎羊
本命 父母宫 坐守1个及以上 巨门 武曲 破军 七杀 太阳 太阴 化忌 火星 铃星 地劫 地空 天刑",或双亲离异，或双亲之一早亡。
1985-12-23,male,男命,19,17-19点,http://mfsm.kvov.com/fx/1985-12-23/mfsmm-19-1.html,27,67%,本命 夫妻宫 坐守 文昌,"感情随心情之变化大，有文艺气息。
男命有吸引力，有气质，玩弄风情。"
1985-12-23,male,男命,19,17-19点,http://mfsm.kvov.com/fx/1985-12-23/mfsmm-19-1.html,28,67%,本命 兄弟宫 坐守 陀罗,兄弟姐妹对立不和，感情不睦，或缘分平淡少往来，无助力，或在关键时刻被兄弟或朋友出买。
1985-12-23,male,男命,19,17-19点,http://mfsm.kvov.com/fx/1985-12-23/mfsmm-19-1.html,29,67%,本命 夫妻宫 坐守 文曲,感情初期甜蜜，易情绪化。敏感细腻，容易一见钟情。
1985-12-23,male,男命,19,17-19点,http://mfsm.kvov.com/fx/1985-12-23/mfsmm-19-1.html,30,67%,本命 官禄宫 坐守 铃星,工作有权威，带头，能掌握重点，易泄漏机密。
1985-12-23,male,男命,19,17-19点,http://mfsm.kvov.com/fx/1985-12-23/mfsmm-19-1.html,31,67%,本命 独坐 天府,"心性温和忠厚，有毅力，但欠冲击力，为人多学多能，保守谨慎。
面色黄白，面型以方形为主，或方脸，或长方脸，或略带圆形之扁方脸。
眼神秀俊，但不流为艳丽，五官端正，身多微胖，老年则发胖，中高身材。"
1985-12-23,male,男命,19,17-19点,http://mfsm.kvov.com/fx/1985-12-23/mfsmm-19-1.html,32,66%,本命 交友宫 加会3个及以上 文昌 文曲 左辅 右弼 天魁 天钺,可得朋友帮助。
1985-12-23,male,男命,19,17-19点,http://mfsm.kvov.com/fx/1985-12-23/mfsmm-19-1.html,33,66%,乙年出生,感性多情又执着，容易情绪不稳，过于完美主义又爱钻牛角尖，经常吹毛求疵让人受不了。而且还是个夜猫族，喜欢夜不归宿，容易流连灯红酒绿的场合，让人捉摸不定很没安全感，将成为其感情的致命伤。
1985-12-23,male,男命,19,17-19点,http://mfsm.kvov.com/fx/1985-12-23/mfsmm-19-1.html,34,66%,本命 疾病宫 加会3个及以上 化忌 火星 铃星 地劫 地空 陀罗 擎羊,一生多病多灾，或受慢性病的折磨而难以治疗。
1985-12-23,male,男命,19,17-19点,http://mfsm.kvov.com/fx/1985-12-23/mfsmm-19-1.html,35,65%,本命 财帛宫 加会 贪狼 天刑,易在宗教上花钱。
1985-12-23,male,男命,19,17-19点,http://mfsm.kvov.com/fx/1985-12-23/mfsmm-19-1.html,36,64%,"本命 官禄宫 加会 天马
本命 加会1个及以上 禄存 化禄",富，财运好。
1985-12-23,male,男命,19,17-19点,http://mfsm.kvov.com/fx/1985-12-23/mfsmm-19-1.html,37,64%,本命 坐守 台辅,有声望。
1985-12-23,male,男命,19,17-19点,http://mfsm.kvov.com/fx/1985-12-23/mfsmm-19-1.html,38,64%,本命 财帛宫 坐守 旬空,财运会因自己而耽误。
1985-12-23,male,男命,19,17-19点,http://mfsm.kvov.com/fx/1985-12-23/mfsmm-19-1.html,39,64%,"本命 官禄宫 加会 天马
本命 官禄宫 加会1个及以上 禄存 化禄",事业规模广，到手的钱财不一定多，工作劳累。
1985-12-23,male,男命,19,17-19点,http://mfsm.kvov.com/fx/1985-12-23/mfsmm-19-1.html,40,64%,本命 田宅宫 加会 左辅 右弼,住所附近多服务性机构，或多友好人群。
1985-12-23,male,男命,19,17-19点,http://mfsm.kvov.com/fx/1985-12-23/mfsmm-19-1.html,41,64%,本命 夫妻宫 坐守 八座,自身多是天生孤独命。
1985-12-23,male,男命,19,17-19点,http://mfsm.kvov.com/fx/1985-12-23/mfsmm-19-1.html,42,64%,本命 夫妻宫 坐守 三台,配偶较重名利，物质欲望高。可能是天生孤独命。
1985-12-23,male,男命,19,17-19点,http://mfsm.kvov.com/fx/1985-12-23/mfsmm-19-1.html,43,64%,"本命 加会1个及以上 禄存 化禄
本命 加会 天马",无往而不利，尤利于赚外部的钱财，或迁移外部而得财运，但这种财运要本人努力然后才能获得，故属于自力。
1985-12-23,male,男命,19,17-19点,http://mfsm.kvov.com/fx/1985-12-23/mfsmm-19-1.html,44,64%,本命 迁移宫 加会 文昌 文曲,外出遇贵发达，能以才艺扬名。
1985-12-23,male,男命,19,17-19点,http://mfsm.kvov.com/fx/1985-12-23/mfsmm-19-1.html,45,64%,"本命 财帛宫 加会 天马
本命 财帛宫 加会1个及以上 禄存 化禄",钱财流动量大，买进卖出量大，可经商致富。
1985-12-23,male,男命,19,17-19点,http://mfsm.kvov.com/fx/1985-12-23/mfsmm-19-1.html,46,61%,本命 交友宫 加会2个及以上 火星 铃星 地劫 地空 陀罗 擎羊,多小人、破耗、纠纷、是非，易遭背弃与损害。
1985-12-23,male,男命,19,17-19点,http://mfsm.kvov.com/fx/1985-12-23/mfsmm-19-1.html,47,61%,本命 加会2个及以上 红鸾 天喜 咸池 天姚 沐浴,"长相不赖，举止斯文得体，善于在有意无意间释放魅力，人缘好，能得到异性的青睐，处事的手腕圆滑，能接受新观念，即使不放电，也满容易得到异性的怜爱与包容。
由于思维细腻，第六感敏锐，才华洋溢，好高骛远，对于浪漫的爱情生活十分积极主动，也十分向往，善用智慧及创意才华来赚钱。
偏财运及横财运好，也十分喜欢钱财，会追求高收入以满足自己的生活品味及兴趣爱好。有完美主义的刚烈个性，很有企图心，拼劲十足，韧性很强，能够不畏困难完成使命，努力追求自我成就。"
1985-12-23,male,男命,19,17-19点,http://mfsm.kvov.com/fx/1985-12-23/mfsmm-19-1.html,48,60%,本命 财帛宫 加会 恩光 天贵,能受人提拔而得财。
1985-12-23,male,男命,19,17-19点,http://mfsm.kvov.com/fx/1985-12-23/mfsmm-19-1.html,49,60%,本命 财帛宫 加会 台辅 封诰,因荣誉或商誉而得财。
1985-12-23,male,男命,19,17-19点,http://mfsm.kvov.com/fx/1985-12-23/mfsmm-19-1.html,50,60%,本命 加会 恩光 天贵,有殊荣，爵禄，受奖励，可带来实际利益，如帮助竞争得利，典试中奖等。
1985-12-23,male,男命,19,17-19点,http://mfsm.kvov.com/fx/1985-12-23/mfsmm-19-1.html,51,60%,本命 官禄宫 加会 台辅 封诰,有荣誉。
1985-12-23,male,男命,19,17-19点,http://mfsm.kvov.com/fx/1985-12-23/mfsmm-19-1.html,52,59%,本命 财帛宫 坐守1个及以上 地劫 地空 天空 旬空,不适合做生意，容易资金短缺。在网上开店做生意反而合适，因为网店在卖出货物之后，要等到买家确认收货才能收到钱，这本身就是一种“资金拖延”。
1985-12-23,male,男命,19,17-19点,http://mfsm.kvov.com/fx/1985-12-23/mfsmm-19-1.html,53,59%,本命 福德宫 坐守1个及以上 龙池 凤阁,有骄傲、高洁、不随俗的特性。
1985-12-23,male,男命,19,17-19点,http://mfsm.kvov.com/fx/1985-12-23/mfsmm-19-1.html,54,59%,本命 子女宫 坐守1个及以上 化忌 火星 铃星 地劫 地空 陀罗 擎羊,易与子女孤单刑克，时起争端。
1985-12-23,male,男命,19,17-19点,http://mfsm.kvov.com/fx/1985-12-23/mfsmm-19-1.html,55,59%,本命 子女宫 坐守1个及以上 火星 铃星,子女多远离膝下。
1985-12-23,male,男命,19,17-19点,http://mfsm.kvov.com/fx/1985-12-23/mfsmm-19-1.html,56,59%,本命 夫妻宫 坐守1个及以上 贪狼 巨门 破军 七杀 文昌 文曲 左辅 右弼 天魁 天钺 咸池 天姚,易有桃花。
1985-12-23,male,男命,19,17-19点,http://mfsm.kvov.com/fx/1985-12-23/mfsmm-19-1.html,57,59%,本命 父母宫 坐守1个及以上 火星 铃星 陀罗 擎羊,父母之一有疾病在身。
1985-12-23,male,男命,19,17-19点,http://mfsm.kvov.com/fx/1985-12-23/mfsmm-19-1.html,58,59%,本命 夫妻宫 坐守1个及以上 贪狼 破军 七杀,自身会倾向于选择比较有个性和较活跃型的人。
1985-12-23,male,男命,19,17-19点,http://mfsm.kvov.com/fx/1985-12-23/mfsmm-19-1.html,59,59%,本命 父母宫 坐守1个及以上 陀罗 擎羊,幼年刑伤，父母不全，先克父后克母。
1985-12-23,male,男命,19,17-19点,http://mfsm.kvov.com/fx/1985-12-23/mfsmm-19-1.html,60,59%,本命 交友宫 坐守1个及以上 化禄 化权,“权禄吉星奴仆位，纵然官贵也奔驰”，下属多不得力者。
1985-12-23,male,男命,19,17-19点,http://mfsm.kvov.com/fx/1985-12-23/mfsmm-19-1.html,61,58%,本命 交友宫 坐守 长生,易得下属、朋友，源源不断。
1985-12-23,male,男命,19,17-19点,http://mfsm.kvov.com/fx/1985-12-23/mfsmm-19-1.html,62,57%,"身宫 加会1个及以上 龙池 凤阁
身宫 不坐守 命宫",有骄傲、高洁、不随俗的特性。
1985-12-23,male,男命,19,17-19点,http://mfsm.kvov.com/fx/1985-12-23/mfsmm-19-1.html,63,54%,本命 加会1个及以上 火星 铃星,一生容易从事体力、劳力的工作，自身体能也较佳，具爆发力。
1985-12-23,male,男命,19,17-19点,http://mfsm.kvov.com/fx/1985-12-23/mfsmm-19-1.html,64,54%,本命 加会1个及以上 龙池 凤阁,有骄傲、高洁、不随俗的特性。
1985-12-23,male,男命,19,17-19点,http://mfsm.kvov.com/fx/1985-12-23/mfsmm-19-1.html,65,50%,身宫 迁移宫,"易受环境变化的影响，容易有职业或居住环境的变动。
社会活动空间、交游广，能适应多变的环境，一生命运变化大，身心较忙碌，难得清闲，喜外出游荡。"
1985-12-23,male,男命,21,19-21点,http://mfsm.kvov.com/fx/1985-12-23/mfsmm-21-1.html,1,77%,本命 疾病宫 坐守 七杀 凤阁,或会失嗅觉或味觉。
1985-12-23,male,男命,21,19-21点,http://mfsm.kvov.com/fx/1985-12-23/mfsmm-21-1.html,2,75%,"本命 田宅宫 坐守 贪狼
本命 田宅宫 加会1个及以上 火星 铃星",有突然自置田宅的机会。
1985-12-23,male,男命,21,19-21点,http://mfsm.kvov.com/fx/1985-12-23/mfsmm-21-1.html,3,75%,"本命 交友宫 坐守 天相
本命 交友宫 加会1个及以上 禄存 化禄 化权 化科",交游多助力，并藉此创业兴家，下属也能忠心襄助。
1985-12-23,male,男命,21,19-21点,http://mfsm.kvov.com/fx/1985-12-23/mfsmm-21-1.html,4,75%,"本命 迁移宫 坐守 天同
本命 迁移宫 加会1个及以上 红鸾 天喜 咸池 天姚 沐浴",出外发展多感情困扰。
1985-12-23,male,男命,21,19-21点,http://mfsm.kvov.com/fx/1985-12-23/mfsmm-21-1.html,5,74%,"本命 交友宫 坐守 天相
本命 交友宫 不坐守 紫微",无论下属如何忠诚得力，终非大将之材，自身辛劳主持大局。
1985-12-23,male,男命,21,19-21点,http://mfsm.kvov.com/fx/1985-12-23/mfsmm-21-1.html,6,74%,"本命 迁移宫 坐守 天同
本命 迁移宫 不坐守 化忌",外出发展得福。
1985-12-23,male,男命,21,19-21点,http://mfsm.kvov.com/fx/1985-12-23/mfsmm-21-1.html,7,73%,"本命 坐守 天空
本命 坐守1个及以上 文昌 文曲 华盖",幻想能转化为哲思。
1985-12-23,male,男命,21,19-21点,http://mfsm.kvov.com/fx/1985-12-23/mfsmm-21-1.html,8,73%,"本命 坐守 天空
本命 坐守1个及以上 红鸾 天喜",平易近人，女命可能人缘太好，会惹起困扰。
1985-12-23,male,男命,21,19-21点,http://mfsm.kvov.com/fx/1985-12-23/mfsmm-21-1.html,9,72%,"本命 兄弟宫 坐守 破军
本命 兄弟宫 三方四正不见 禄存 化禄 化权",不适合与弟兄姐妹合作做生意。
1985-12-23,male,男命,21,19-21点,http://mfsm.kvov.com/fx/1985-12-23/mfsmm-21-1.html,10,71%,本命 田宅宫 坐守 廉贞,破祖，自己创业时必带困扰、纠纷以致破败，宜选择服务机构，田宅宜注意风水。
1985-12-23,male,男命,21,19-21点,http://mfsm.kvov.com/fx/1985-12-23/mfsmm-21-1.html,11,71%,"本命 坐守 陀罗
本命 加会1个及以上 火星 铃星",易破财，易受骗。
1985-12-23,male,男命,21,19-21点,http://mfsm.kvov.com/fx/1985-12-23/mfsmm-21-1.html,12,71%,本命 迁移宫 坐守 天梁,在外得人帮助。
1985-12-23,male,男命,21,19-21点,http://mfsm.kvov.com/fx/1985-12-23/mfsmm-21-1.html,13,71%,本命 财帛宫 坐守 太阳,财凭社会地位而来，因此必须争取地位，如学术者应追求较高学位，经商者应追求代理名牌商品、或自行创造商标商誉，任职者应积极进修，争取声誉，或凭人际关系创造升职条件。
1985-12-23,male,男命,21,19-21点,http://mfsm.kvov.com/fx/1985-12-23/mfsmm-21-1.html,14,71%,本命 福德宫 坐守 化忌,有福较不会享，较劳心、劳碌，难得清闲，有祖荫。
1985-12-23,male,男命,21,19-21点,http://mfsm.kvov.com/fx/1985-12-23/mfsmm-21-1.html,15,71%,本命 交友宫 坐守 天相,下属及友人对自己忠诚。
1985-12-23,male,男命,21,19-21点,http://mfsm.kvov.com/fx/1985-12-23/mfsmm-21-1.html,16,71%,本命 夫妻宫 坐守 天机,另一半聪明机智，企划力强，有事多可与其商量，也善于照顾人，但个性不免”机”动，可能高朝低潮迭起，彼此感情需多协调、包容，以防变数或静极思动。
1985-12-23,male,男命,21,19-21点,http://mfsm.kvov.com/fx/1985-12-23/mfsmm-21-1.html,17,71%,本命 夫妻宫 坐守 化禄,"夫妇感情丰富、情深义重。
结婚后有食禄、财富更显彰。
借助配偶之力较能得食禄、财富。
姻缘早发，未必早婚，喜自由恋爱结婚。
与配偶缘深，配偶人缘好，只是未必貌美。"
1985-12-23,male,男命,21,19-21点,http://mfsm.kvov.com/fx/1985-12-23/mfsmm-21-1.html,18,71%,本命 福德宫 坐守 太阴,"自身易有桃花、外遇。喜静明理，不好竞争，思想流漫、注重精神生活。
男命较有异性缘，自我感觉很有魅力，会犯桃花，有人爱他爱得死去活来。
在婚姻中，比较期待另一半开朗有主见，也会注重两人的精神交流。"
1985-12-23,male,男命,21,19-21点,http://mfsm.kvov.com/fx/1985-12-23/mfsmm-21-1.html,19,71%,本命 兄弟宫 坐守 化科,与兄弟姊妹有缘，相处和睦，兄弟姊妹可为自己的贵人。一生贵人多，异性缘佳。
1985-12-23,male,男命,21,19-21点,http://mfsm.kvov.com/fx/1985-12-23/mfsmm-21-1.html,20,71%,本命 父母宫 坐守 禄存,思想有激发力，行动往往犹豫不决。
1985-12-23,male,男命,21,19-21点,http://mfsm.kvov.com/fx/1985-12-23/mfsmm-21-1.html,21,71%,本命 兄弟宫 坐守 紫微,必须甘心处于副手地位，才可与人合作共事。
1985-12-23,male,男命,21,19-21点,http://mfsm.kvov.com/fx/1985-12-23/mfsmm-21-1.html,22,71%,本命 官禄宫 坐守 巨门,适合自由业、动口生财，以药为业，药剂师、医生，以学术为业，学者、出版、书局，五术、中介，事业有扩充之心，但常适得其反，不宜作大，易招刑杖。
1985-12-23,male,男命,21,19-21点,http://mfsm.kvov.com/fx/1985-12-23/mfsmm-21-1.html,23,71%,本命 迁移宫 坐守 天同,在外可得长辈提携，在外口福多，不好动，出门由不得自己，人缘好。
1985-12-23,male,男命,21,19-21点,http://mfsm.kvov.com/fx/1985-12-23/mfsmm-21-1.html,24,71%,本命 迁移宫 坐守 化权,外出较能展现才华能干，在外好动，喜掌权，受人器重，易与人有争执、摩擦，应避免锋芒毕露而遭嫉。
1985-12-23,male,男命,21,19-21点,http://mfsm.kvov.com/fx/1985-12-23/mfsmm-21-1.html,25,71%,本命 兄弟宫 坐守 破军,与人合作，帮人开创而不一定有收成。
1985-12-23,male,男命,21,19-21点,http://mfsm.kvov.com/fx/1985-12-23/mfsmm-21-1.html,26,70%,"本命 寅宫
本命 夫妻宫 坐守1个及以上 破军 禄存 化禄 化权 化科",夫妻免刑克。
1985-12-23,male,男命,21,19-21点,http://mfsm.kvov.com/fx/1985-12-23/mfsmm-21-1.html,27,70%,"本命 坐守 文曲
本命 不坐守 化忌","性情温和，外向，观察力强，能干，略带孤僻，多情感，注重仪表，风雅浪漫，光明磊落，聪明俊秀，口舌伶利。
有口才和舌辩之能，博学多能，精打细算，有创造力，学识丰富，多才多艺，有文学才华，思想敏锐。
不喜乱说他人的闲话，也不喜出风头，但一旦受到轻视，则一改平常温和的态度，恶言恶语相向。
有很强的文学语言表达能力和领导才能，一生有一技之能，喜出谋划策，为文臣谋士。"
1985-12-23,male,男命,21,19-21点,http://mfsm.kvov.com/fx/1985-12-23/mfsmm-21-1.html,28,69%,本命 子女宫 加会 天马 禄存,子女多远离膝下。
1985-12-23,male,男命,21,19-21点,http://mfsm.kvov.com/fx/1985-12-23/mfsmm-21-1.html,29,69%,本命 兄弟宫 加会 贪狼 火星,横发。
1985-12-23,male,男命,21,19-21点,http://mfsm.kvov.com/fx/1985-12-23/mfsmm-21-1.html,30,68%,"本命 坐守 左辅
本命 三方四正不见 右弼",即使下属众多，也助力不多，可能仅为代人管理。
1985-12-23,male,男命,21,19-21点,http://mfsm.kvov.com/fx/1985-12-23/mfsmm-21-1.html,31,67%,本命 夫妻宫 坐守 右弼,较有私情、单恋，婚前易同时有两位异性出现。也可能婚后易有外遇，或再婚的情况。
1985-12-23,male,男命,21,19-21点,http://mfsm.kvov.com/fx/1985-12-23/mfsmm-21-1.html,32,67%,本命 夫妻宫 坐守 天魁,配偶长相不错，体贴有责任感，人际关系好，外缘佳，常受到贵人的帮助。不过，中晚年后夫妻容易有隔阂，因而感情受到波折。自身异性缘佳，常常受到异性或配偶的帮助。
1985-12-23,male,男命,21,19-21点,http://mfsm.kvov.com/fx/1985-12-23/mfsmm-21-1.html,33,67%,"身宫 坐守 寡宿
身宫 不坐守 命宫",自身多是天生孤独命。
1985-12-23,male,男命,21,19-21点,http://mfsm.kvov.com/fx/1985-12-23/mfsmm-21-1.html,34,67%,本命 空宫,幼年多病，与双亲感情浅，一生当中会更改自己姓或名，离乡外赴等情形。
1985-12-23,male,男命,21,19-21点,http://mfsm.kvov.com/fx/1985-12-23/mfsmm-21-1.html,35,67%,本命 坐守 陀罗,不瘦，牙齿不齐，或有伤残，面型上圆下方。
1985-12-23,male,男命,21,19-21点,http://mfsm.kvov.com/fx/1985-12-23/mfsmm-21-1.html,36,67%,本命 福德宫 坐守 擎羊,心性急燥，一生操心不宁，多劳，多牢骚，外表老成易显老，内涵不足，嫉妒心强。
1985-12-23,male,男命,21,19-21点,http://mfsm.kvov.com/fx/1985-12-23/mfsmm-21-1.html,37,67%,本命 独坐 左辅,性格上有苛刻冷酷的倾向，会压榨身边的亲戚、朋友，让他们为自己服务。
1985-12-23,male,男命,21,19-21点,http://mfsm.kvov.com/fx/1985-12-23/mfsmm-21-1.html,38,67%,本命 夫妻宫 坐守 文昌,"感情随心情之变化大，有文艺气息。
男命有吸引力，有气质，玩弄风情。"
1985-12-23,male,男命,21,19-21点,http://mfsm.kvov.com/fx/1985-12-23/mfsmm-21-1.html,39,67%,本命 坐守 左辅,瘦长，黄白色。
1985-12-23,male,男命,21,19-21点,http://mfsm.kvov.com/fx/1985-12-23/mfsmm-21-1.html,40,67%,本命 迁移宫 坐守 铃星,出外爱表现，多显耀，易成名，喜欢声光场所。
1985-12-23,male,男命,21,19-21点,http://mfsm.kvov.com/fx/1985-12-23/mfsmm-21-1.html,41,67%,本命 坐守 文曲,多墨痣，嘴有棱角，青黄或青黄色，磊落大方。
1985-12-23,male,男命,21,19-21点,http://mfsm.kvov.com/fx/1985-12-23/mfsmm-21-1.html,42,66%,本命 财帛宫 加会3个及以上 化忌 火星 铃星 地劫 地空 陀罗 擎羊,钱财必有大破败的情况，纵发一时之财，也会因财致祸，多财务纠纷，财不能久留。
1985-12-23,male,男命,21,19-21点,http://mfsm.kvov.com/fx/1985-12-23/mfsmm-21-1.html,43,66%,乙年出生,感性多情又执着，容易情绪不稳，过于完美主义又爱钻牛角尖，经常吹毛求疵让人受不了。而且还是个夜猫族，喜欢夜不归宿，容易流连灯红酒绿的场合，让人捉摸不定很没安全感，将成为其感情的致命伤。
1985-12-23,male,男命,21,19-21点,http://mfsm.kvov.com/fx/1985-12-23/mfsmm-21-1.html,44,66%,本命 双夹 紫微 天府,多得长辈提拔，也可得同事拥戴。
1985-12-23,male,男命,21,19-21点,http://mfsm.kvov.com/fx/1985-12-23/mfsmm-21-1.html,45,66%,本命 疾病宫 加会3个及以上 化忌 火星 铃星 地劫 地空 陀罗 擎羊,一生多病多灾，或受慢性病的折磨而难以治疗。
1985-12-23,male,男命,21,19-21点,http://mfsm.kvov.com/fx/1985-12-23/mfsmm-21-1.html,46,65%,"本命 加会 铃星 陀罗
本命 三方四正不见 火星 擎羊","吉，有锻炼、激发的意味。
两颗煞曜的性质因彼此配合而改良。"
1985-12-23,male,男命,21,19-21点,http://mfsm.kvov.com/fx/1985-12-23/mfsmm-21-1.html,47,64%,本命 财帛宫 坐守 旬空,财运会因自己而耽误。
1985-12-23,male,男命,21,19-21点,http://mfsm.kvov.com/fx/1985-12-23/mfsmm-21-1.html,48,64%,本命 坐守 孤辰,个小。自身多是天生孤独命。个性独立自主，防卫心过重，不容易与人亲近，也不轻言相信他人，对事情的判断能力好，聪明且见解独道，不过，有时容易固执己见，本身与六亲的缘份也较为淡薄。
1985-12-23,male,男命,21,19-21点,http://mfsm.kvov.com/fx/1985-12-23/mfsmm-21-1.html,49,64%,本命 夫妻宫 坐守 封诰,另一半的想法特别，彼此常会相互沟通，交换建言，因此能够帮助对方处理各类的事物，在事业上也能得到相当大的助力。
1985-12-23,male,男命,21,19-21点,http://mfsm.kvov.com/fx/1985-12-23/mfsmm-21-1.html,50,64%,本命 坐守 天空,思想独特超脱，不易为人理，有时为空想。
1985-12-23,male,男命,21,19-21点,http://mfsm.kvov.com/fx/1985-12-23/mfsmm-21-1.html,51,64%,本命 坐守 天巫,遗产，或升迁。
1985-12-23,male,男命,21,19-21点,http://mfsm.kvov.com/fx/1985-12-23/mfsmm-21-1.html,52,64%,本命 迁移宫 加会 文昌 文曲,外出遇贵发达，能以才艺扬名。
1985-12-23,male,男命,21,19-21点,http://mfsm.kvov.com/fx/1985-12-23/mfsmm-21-1.html,53,61%,本命 迁移宫 加会2个及以上 左辅 右弼 天魁 天钺,工作职业，外出多得贵人扶助，逢凶化吉，而发财。动中每得贵人扶助，逢凶化吉。
1985-12-23,male,男命,21,19-21点,http://mfsm.kvov.com/fx/1985-12-23/mfsmm-21-1.html,54,61%,本命 加会2个及以上 红鸾 天喜 咸池 天姚 沐浴,"长相不赖，举止斯文得体，善于在有意无意间释放魅力，人缘好，能得到异性的青睐，处事的手腕圆滑，能接受新观念，即使不放电，也满容易得到异性的怜爱与包容。
由于思维细腻，第六感敏锐，才华洋溢，好高骛远，对于浪漫的爱情生活十分积极主动，也十分向往，善用智慧及创意才华来赚钱。
偏财运及横财运好，也十分喜欢钱财，会追求高收入以满足自己的生活品味及兴趣爱好。有完美主义的刚烈个性，很有企图心，拼劲十足，韧性很强，能够不畏困难完成使命，努力追求自我成就。"
1985-12-23,male,男命,21,19-21点,http://mfsm.kvov.com/fx/1985-12-23/mfsmm-21-1.html,55,61%,本命 夫妻宫 加会2个及以上 火星 铃星 地劫 地空 陀罗 擎羊,夫妻关系多半不佳，多口舌是非、争吵、冷战甚至会离异。
1985-12-23,male,男命,21,19-21点,http://mfsm.kvov.com/fx/1985-12-23/mfsmm-21-1.html,56,61%,本命 寅宫,爱动脑，聪明勤劳，一生奔波，喜动不喜静，身心都动，喜行中庸之道，做事须经计谋劳心而获成功。
1985-12-23,male,男命,21,19-21点,http://mfsm.kvov.com/fx/1985-12-23/mfsmm-21-1.html,57,61%,本命 交友宫 加会2个及以上 火星 铃星 地劫 地空 陀罗 擎羊,多小人、破耗、纠纷、是非，易遭背弃与损害。
1985-12-23,male,男命,21,19-21点,http://mfsm.kvov.com/fx/1985-12-23/mfsmm-21-1.html,58,60%,本命 田宅宫 加会 龙池 凤阁,房屋美观、清洁。
1985-12-23,male,男命,21,19-21点,http://mfsm.kvov.com/fx/1985-12-23/mfsmm-21-1.html,59,59%,本命 财帛宫 坐守1个及以上 地劫 地空 天空 旬空,不适合做生意，容易资金短缺。在网上开店做生意反而合适，因为网店在卖出货物之后，要等到买家确认收货才能收到钱，这本身就是一种“资金拖延”。
1985-12-23,male,男命,21,19-21点,http://mfsm.kvov.com/fx/1985-12-23/mfsmm-21-1.html,60,59%,本命 夫妻宫 坐守1个及以上 天梁 天同 天机 太阴,自身会倾向于选择外表和个性属于较温和的人。
1985-12-23,male,男命,21,19-21点,http://mfsm.kvov.com/fx/1985-12-23/mfsmm-21-1.html,61,59%,本命 夫妻宫 坐守1个及以上 贪狼 巨门 破军 七杀 文昌 文曲 左辅 右弼 天魁 天钺 咸池 天姚,易有桃花。
1985-12-23,male,男命,21,19-21点,http://mfsm.kvov.com/fx/1985-12-23/mfsmm-21-1.html,62,59%,本命 福德宫 坐守1个及以上 化忌 陀罗 擎羊 天刑,多烦恼纠纷，福薄不安。
1985-12-23,male,男命,21,19-21点,http://mfsm.kvov.com/fx/1985-12-23/mfsmm-21-1.html,63,59%,本命 坐守1个及以上 红鸾 天喜 咸池 天姚 沐浴,自身易有异性缘。
1985-12-23,male,男命,21,19-21点,http://mfsm.kvov.com/fx/1985-12-23/mfsmm-21-1.html,64,58%,本命 迁移宫 坐守 长生,活动力较强，善于表现自己，易获得名气。
1985-12-23,male,男命,21,19-21点,http://mfsm.kvov.com/fx/1985-12-23/mfsmm-21-1.html,65,58%,本命 夫妻宫 坐守 病符,有多疑的意思，也会疑心生暗鬼，而去偷查另一半的简讯或手机通话记录，就因为这种猜忌与不安全感，最后很可能逼得另一半弄假成真。
1985-12-23,male,男命,21,19-21点,http://mfsm.kvov.com/fx/1985-12-23/mfsmm-21-1.html,66,55%,"本命 加会1个及以上 火星 铃星
本命 三方四正不见 贪狼",秀而不实福泽有损（富不全），或富贵只得其一，或富不很富，贵不很贵，或因富贵致祸，或人生有其他缺憾。
1985-12-23,male,男命,21,19-21点,http://mfsm.kvov.com/fx/1985-12-23/mfsmm-21-1.html,67,54%,本命 加会1个及以上 火星 铃星,一生容易从事体力、劳力的工作，自身体能也较佳，具爆发力。
1985-12-23,male,男命,21,19-21点,http://mfsm.kvov.com/fx/1985-12-23/mfsmm-21-1.html,68,54%,本命 加会1个及以上 左辅 右弼 天魁 天钺,能得朋友提携、相助之力。
1985-12-23,male,男命,21,19-21点,http://mfsm.kvov.com/fx/1985-12-23/mfsmm-21-1.html,69,50%,身宫 财帛宫,"价值观偏重钱财，重视金钱的运用，具有经济头脑，精打细算，善于理财，行事以赚钱为目标，有受经济左右行为的现象。讨得这类人的欢心，需要多给使用钱的权利。
一般不缺钱用，从商者居多，或成大富翁，或一生为钱财奔劳过着艰辛的生活。"
1985-12-23,male,男命,23,21-23点,http://mfsm.kvov.com/fx/1985-12-23/mfsmm-23-1.html,1,75%,"本命 福德宫 坐守 贪狼
本命 福德宫 加会1个及以上 红鸾 天喜 咸池 天姚 沐浴",一生风流自赏，有特别才艺，往往会令异性为之倾到。
1985-12-23,male,男命,23,21-23点,http://mfsm.kvov.com/fx/1985-12-23/mfsmm-23-1.html,2,75%,"本命 夫妻宫 坐守 破军
本命 夫妻宫 加会1个及以上 文昌 文曲",多为理想之主义者，而不切实际。
1985-12-23,male,男命,23,21-23点,http://mfsm.kvov.com/fx/1985-12-23/mfsmm-23-1.html,3,74%,本命 福德宫 加会 贪狼 廉贞,有色彩感，爱好艺术，喜运动或跳舞。
1985-12-23,male,男命,23,21-23点,http://mfsm.kvov.com/fx/1985-12-23/mfsmm-23-1.html,4,74%,本命 加会 太阳 太阴,刚柔相济，大度，豪迈。
1985-12-23,male,男命,23,21-23点,http://mfsm.kvov.com/fx/1985-12-23/mfsmm-23-1.html,5,73%,"本命 坐守1个及以上 贪狼 廉贞 红鸾 天喜 咸池 天姚 沐浴
本命 夫妻宫 加会 地劫 地空","会因配偶或本身外遇而蒙受损失。
通常是惯性外遇，一生中可能重复发生，直至家败人散。"
1985-12-23,male,男命,23,21-23点,http://mfsm.kvov.com/fx/1985-12-23/mfsmm-23-1.html,6,73%,"本命 坐守 破碎
本命 坐守1个及以上 武曲 天府 太阴 禄存 化禄",削弱财气，得一笔钱财的同时，也必损耗一部分。
1985-12-23,male,男命,23,21-23点,http://mfsm.kvov.com/fx/1985-12-23/mfsmm-23-1.html,7,72%,"本命 坐守 天府
本命 三方四正不见 禄存 化禄",外表圆融内心多权术，善用手段，易孤立。
1985-12-23,male,男命,23,21-23点,http://mfsm.kvov.com/fx/1985-12-23/mfsmm-23-1.html,8,71%,本命 子女宫 坐守 天同,子女白手可以兴家，追随自己的晚辈易脱离自己，另起炉灶。
1985-12-23,male,男命,23,21-23点,http://mfsm.kvov.com/fx/1985-12-23/mfsmm-23-1.html,9,71%,本命 迁移宫 坐守 七杀,利外出发展，在外有权，令人敬畏。
1985-12-23,male,男命,23,21-23点,http://mfsm.kvov.com/fx/1985-12-23/mfsmm-23-1.html,10,71%,本命 夫妻宫 坐守 破军,男女都有驾御配偶的倾向，婚姻易不美，起伏大且欠理智。
1985-12-23,male,男命,23,21-23点,http://mfsm.kvov.com/fx/1985-12-23/mfsmm-23-1.html,11,71%,本命 迁移宫 坐守 廉贞,宜离开出生地发展。出外多奇遇、劳碌，宜都市发展，在家日子少。
1985-12-23,male,男命,23,21-23点,http://mfsm.kvov.com/fx/1985-12-23/mfsmm-23-1.html,12,71%,本命 交友宫 坐守 天梁,一般朋友不多，但是得力。
1985-12-23,male,男命,23,21-23点,http://mfsm.kvov.com/fx/1985-12-23/mfsmm-23-1.html,13,71%,本命 父母宫 坐守 化忌,与父母观念有代沟，心意表达孝顺，较无钱财孝意，不能为人做担保。
1985-12-23,male,男命,23,21-23点,http://mfsm.kvov.com/fx/1985-12-23/mfsmm-23-1.html,14,71%,本命 官禄宫 坐守 天相,无论处何地位，均不宜在名义上占取最高位置，以居老二为宜，否则必受人攻击，排挤。
1985-12-23,male,男命,23,21-23点,http://mfsm.kvov.com/fx/1985-12-23/mfsmm-23-1.html,15,71%,本命 交友宫 坐守 化权,朋友比我较能干、有才华，与朋友较易有争执、摩擦之象。
1985-12-23,male,男命,23,21-23点,http://mfsm.kvov.com/fx/1985-12-23/mfsmm-23-1.html,16,71%,本命 福德宫 坐守 禄存,一生福厚，福份深，口福衣禄皆丰，荫财，自私，偏财多，懂得钱滚钱。
1985-12-23,male,男命,23,21-23点,http://mfsm.kvov.com/fx/1985-12-23/mfsmm-23-1.html,17,71%,本命 福德宫 坐守 贪狼,一生忙碌奔波，为人享乐好吃喝，嗜酒或好赌博色欲，易有艳遇。在感情中，不利稳定，自身容易有桃花、外遇。
1985-12-23,male,男命,23,21-23点,http://mfsm.kvov.com/fx/1985-12-23/mfsmm-23-1.html,18,71%,本命 福德宫 坐守 化科,享受，有计划，精神开朗，喜助人，有福慧，品德好。
1985-12-23,male,男命,23,21-23点,http://mfsm.kvov.com/fx/1985-12-23/mfsmm-23-1.html,19,71%,本命 坐守 天府,"具有领导能力，可是这种领导力却倾向于守成，缺乏开创性，比较爱惜金钱，谨慎、稳重，极力寻求安定。
宜就原有的局面发展，欠缺卓尔不群的表现，亦无独特的见解，较为随波逐流，其领导力只表现为一个称职的主管。"
1985-12-23,male,男命,23,21-23点,http://mfsm.kvov.com/fx/1985-12-23/mfsmm-23-1.html,20,71%,身宫 坐守 破军,"能者多劳，能攻不能守，脾气暴燥，正直刚烈，遇困难能表现出领导才能与开创的魄力。
一生事业变动大，经商者多由旧事业翻出新的局面，多双重事业，或兼差兼职，或经常负担额外的工作。
擅开创而不擅守成的性格，创业安定之际，也时生改变局面之心，常易在转折点受到挫折。
先有破坏而后建设，自身的危难多，每易尾大不掉，陷于困境而不能自拔。"
1985-12-23,male,男命,23,21-23点,http://mfsm.kvov.com/fx/1985-12-23/mfsmm-23-1.html,21,71%,本命 父母宫 坐守 化禄,"父母与我有缘、得父母之庇荫、得财禄、头脑聪明。
藉父母、长上之力或服务公家机构得食禄、财禄。
在出生地、血缘地发展，较能得食禄、财禄。"
1985-12-23,male,男命,23,21-23点,http://mfsm.kvov.com/fx/1985-12-23/mfsmm-23-1.html,22,71%,本命 田宅宫 坐守 巨门,田宅对风水极为敏感。
1985-12-23,male,男命,23,21-23点,http://mfsm.kvov.com/fx/1985-12-23/mfsmm-23-1.html,23,71%,本命 父母宫 坐守 天机,不是［远离父母］，就是［刑克］。
1985-12-23,male,男命,23,21-23点,http://mfsm.kvov.com/fx/1985-12-23/mfsmm-23-1.html,24,71%,本命 福德宫 坐守 紫微,一生福德深厚，能享受崇高富贵之乐。可能会有与另一半缺乏沟通的状况。而且内心深处比较自我，会让另一半觉得自己不够重要，从而影响婚姻。
1985-12-23,male,男命,23,21-23点,http://mfsm.kvov.com/fx/1985-12-23/mfsmm-23-1.html,25,71%,本命 夫妻宫 坐守 武曲,"刑克，易生离再婚。父母之命，媒约之言，必生悔恨，非克即离。
如果武曲入庙者，迟婚可免，以同年龄者合合格。
如果武曲入庙会吉星及文昌、文曲、化科者，妻子贤能。
如果有禄存、天马者，因妻得财。
如果会天姚星以竹目然相识，自由恋爱者，始能配合。"
1985-12-23,male,男命,23,21-23点,http://mfsm.kvov.com/fx/1985-12-23/mfsmm-23-1.html,26,69%,"身宫 双夹 地劫 地空
身宫 不坐守 命宫",一生多坎坷，父母兄弟无助，可研究冷门学问。
1985-12-23,male,男命,23,21-23点,http://mfsm.kvov.com/fx/1985-12-23/mfsmm-23-1.html,27,68%,"本命 父母宫 坐守1个及以上 陀罗 擎羊
本命 父母宫 坐守1个及以上 巨门 武曲 破军 七杀 太阳 太阴 化忌 火星 铃星 地劫 地空 天刑",或双亲离异，或双亲之一早亡。
1985-12-23,male,男命,23,21-23点,http://mfsm.kvov.com/fx/1985-12-23/mfsmm-23-1.html,28,68%,"本命 父母宫 坐守 左辅
本命 父母宫 三方四正不见 右弼",离宗庶出或两重父母。
1985-12-23,male,男命,23,21-23点,http://mfsm.kvov.com/fx/1985-12-23/mfsmm-23-1.html,29,67%,本命 独坐 天府,"心性温和忠厚，有毅力，但欠冲击力，为人多学多能，保守谨慎。
面色黄白，面型以方形为主，或方脸，或长方脸，或略带圆形之扁方脸。
眼神秀俊，但不流为艳丽，五官端正，身多微胖，老年则发胖，中高身材。"
1985-12-23,male,男命,23,21-23点,http://mfsm.kvov.com/fx/1985-12-23/mfsmm-23-1.html,30,67%,本命 财帛宫 坐守 铃星,有偏财运，常有意外之得。但易横成横破。
1985-12-23,male,男命,23,21-23点,http://mfsm.kvov.com/fx/1985-12-23/mfsmm-23-1.html,31,67%,本命 福德宫 坐守 文曲,会比一般人显得浪漫。
1985-12-23,male,男命,23,21-23点,http://mfsm.kvov.com/fx/1985-12-23/mfsmm-23-1.html,32,67%,本命 夫妻宫 坐守 文昌,"感情随心情之变化大，有文艺气息。
男命有吸引力，有气质，玩弄风情。"
1985-12-23,male,男命,23,21-23点,http://mfsm.kvov.com/fx/1985-12-23/mfsmm-23-1.html,33,67%,本命 夫妻宫 坐守 天马,自身热情而愿意为爱情牺牲奉献，有服侍之精神而且不辞劳苦。
1985-12-23,male,男命,23,21-23点,http://mfsm.kvov.com/fx/1985-12-23/mfsmm-23-1.html,34,66%,本命 双夹 左辅 右弼,有人缘。贵格。
1985-12-23,male,男命,23,21-23点,http://mfsm.kvov.com/fx/1985-12-23/mfsmm-23-1.html,35,66%,本命 夫妻宫 双夹 地劫 地空,虽然不乏恋爱机会，但婚事却往往难成定局，两人会因观念落差大而渐行渐远，当初的热情会急速冷却，感觉有点后继无力或欠缺临门一脚。
1985-12-23,male,男命,23,21-23点,http://mfsm.kvov.com/fx/1985-12-23/mfsmm-23-1.html,36,66%,本命 交友宫 加会3个及以上 文昌 文曲 左辅 右弼 天魁 天钺,可得朋友帮助。
1985-12-23,male,男命,23,21-23点,http://mfsm.kvov.com/fx/1985-12-23/mfsmm-23-1.html,37,66%,乙年出生,感性多情又执着，容易情绪不稳，过于完美主义又爱钻牛角尖，经常吹毛求疵让人受不了。而且还是个夜猫族，喜欢夜不归宿，容易流连灯红酒绿的场合，让人捉摸不定很没安全感，将成为其感情的致命伤。
1985-12-23,male,男命,23,21-23点,http://mfsm.kvov.com/fx/1985-12-23/mfsmm-23-1.html,38,66%,本命 疾病宫 加会3个及以上 化忌 火星 铃星 地劫 地空 陀罗 擎羊,一生多病多灾，或受慢性病的折磨而难以治疗。
1985-12-23,male,男命,23,21-23点,http://mfsm.kvov.com/fx/1985-12-23/mfsmm-23-1.html,39,64%,本命 坐守 封诰,贵主封赠。
1985-12-23,male,男命,23,21-23点,http://mfsm.kvov.com/fx/1985-12-23/mfsmm-23-1.html,40,64%,本命 坐守 天贵,本身举止优雅，乐观进取，重视诚信，很喜欢帮助他人，考试的成绩很优秀，进而能受到他人的帮助及重用，因此，事业能够平步青云。
1985-12-23,male,男命,23,21-23点,http://mfsm.kvov.com/fx/1985-12-23/mfsmm-23-1.html,41,64%,"本命 迁移宫 加会 天马
本命 迁移宫 加会1个及以上 禄存 化禄",经商，劳碌，运气好，被人赏识的机会多。
1985-12-23,male,男命,23,21-23点,http://mfsm.kvov.com/fx/1985-12-23/mfsmm-23-1.html,42,64%,本命 财帛宫 坐守 蜚廉,虽能得财但多枝节，宜以刑法是非求财。
1985-12-23,male,男命,23,21-23点,http://mfsm.kvov.com/fx/1985-12-23/mfsmm-23-1.html,43,64%,本命 坐守 八座,本人能够抬举别人、帮助别人，也能够获得别人的抬举、帮助。
1985-12-23,male,男命,23,21-23点,http://mfsm.kvov.com/fx/1985-12-23/mfsmm-23-1.html,44,64%,本命 夫妻宫 坐守 天姚,在婚前有很多接触异性的机会，往往难以一次恋爱就成功，通常是多次恋爱后方能取得伴侣。
1985-12-23,male,男命,23,21-23点,http://mfsm.kvov.com/fx/1985-12-23/mfsmm-23-1.html,45,64%,身宫 坐守 天姚,自身性喜风流，多疑惑，美姿容。
1985-12-23,male,男命,23,21-23点,http://mfsm.kvov.com/fx/1985-12-23/mfsmm-23-1.html,46,64%,本命 夫妻宫 加会 地劫 地空,夫妻或因为周遭因素不能常相聚。
1985-12-23,male,男命,23,21-23点,http://mfsm.kvov.com/fx/1985-12-23/mfsmm-23-1.html,47,64%,本命 坐守 华盖,喜探索神秘事物，大都有宗教信仰。
1985-12-23,male,男命,23,21-23点,http://mfsm.kvov.com/fx/1985-12-23/mfsmm-23-1.html,48,64%,本命 加会 左辅 右弼,有先天助力，如易结交益友，易得下属助力，无须刻意寻找。
1985-12-23,male,男命,23,21-23点,http://mfsm.kvov.com/fx/1985-12-23/mfsmm-23-1.html,49,64%,本命 坐守 三台,人相貌体态威仪可观。
1985-12-23,male,男命,23,21-23点,http://mfsm.kvov.com/fx/1985-12-23/mfsmm-23-1.html,50,64%,本命 坐守 破碎,多形孤。
1985-12-23,male,男命,23,21-23点,http://mfsm.kvov.com/fx/1985-12-23/mfsmm-23-1.html,51,61%,本命 交友宫 加会2个及以上 左辅 右弼 天魁 天钺 化禄 化权 化科,得正直之友，助力大，并得下属拥护。
1985-12-23,male,男命,23,21-23点,http://mfsm.kvov.com/fx/1985-12-23/mfsmm-23-1.html,52,61%,本命 丑宫,为人保守，勤劳节俭，忙碌，善积蓄，不善投机，忠诚老实，任劳任怨，做事须靠踏实苦干，历经艰难后才能获得成功。
1985-12-23,male,男命,23,21-23点,http://mfsm.kvov.com/fx/1985-12-23/mfsmm-23-1.html,53,61%,本命 夫妻宫 加会2个及以上 火星 铃星 地劫 地空 陀罗 擎羊,夫妻关系多半不佳，多口舌是非、争吵、冷战甚至会离异。
1985-12-23,male,男命,23,21-23点,http://mfsm.kvov.com/fx/1985-12-23/mfsmm-23-1.html,54,61%,本命 交友宫 加会2个及以上 火星 铃星 地劫 地空 陀罗 擎羊,多小人、破耗、纠纷、是非，易遭背弃与损害。
1985-12-23,male,男命,23,21-23点,http://mfsm.kvov.com/fx/1985-12-23/mfsmm-23-1.html,55,60%,本命 财帛宫 加会 龙池 凤阁,拥有技艺的优点，故主［由艺术技巧起家］，可从事和艺术有关的工作，如绘画、陶瓷、摄影等。可以凭专门技艺以求财。
1985-12-23,male,男命,23,21-23点,http://mfsm.kvov.com/fx/1985-12-23/mfsmm-23-1.html,56,60%,本命 官禄宫 加会 台辅 封诰,有荣誉。
1985-12-23,male,男命,23,21-23点,http://mfsm.kvov.com/fx/1985-12-23/mfsmm-23-1.html,57,60%,本命 官禄宫 加会 龙池 凤阁,有专业才能。
1985-12-23,male,男命,23,21-23点,http://mfsm.kvov.com/fx/1985-12-23/mfsmm-23-1.html,58,60%,本命 加会 龙池 凤阁,聪明，易学习才艺。
1985-12-23,male,男命,23,21-23点,http://mfsm.kvov.com/fx/1985-12-23/mfsmm-23-1.html,59,60%,本命 加会 恩光 天贵,有殊荣，爵禄，受奖励，可带来实际利益，如帮助竞争得利，典试中奖等。
1985-12-23,male,男命,23,21-23点,http://mfsm.kvov.com/fx/1985-12-23/mfsmm-23-1.html,60,60%,本命 财帛宫 加会 台辅 封诰,因荣誉或商誉而得财。
1985-12-23,male,男命,23,21-23点,http://mfsm.kvov.com/fx/1985-12-23/mfsmm-23-1.html,61,59%,本命 子女宫 坐守1个及以上 化忌 火星 铃星 地劫 地空 陀罗 擎羊,易与子女孤单刑克，时起争端。
1985-12-23,male,男命,23,21-23点,http://mfsm.kvov.com/fx/1985-12-23/mfsmm-23-1.html,62,59%,本命 父母宫 坐守1个及以上 火星 铃星 陀罗 擎羊,父母之一有疾病在身。
1985-12-23,male,男命,23,21-23点,http://mfsm.kvov.com/fx/1985-12-23/mfsmm-23-1.html,63,59%,本命 父母宫 坐守1个及以上 陀罗 擎羊,幼年刑伤，父母不全，先克父后克母。
1985-12-23,male,男命,23,21-23点,http://mfsm.kvov.com/fx/1985-12-23/mfsmm-23-1.html,64,59%,本命 夫妻宫 坐守1个及以上 贪狼 巨门 破军 七杀 文昌 文曲 左辅 右弼 天魁 天钺 咸池 天姚,易有桃花。
1985-12-23,male,男命,23,21-23点,http://mfsm.kvov.com/fx/1985-12-23/mfsmm-23-1.html,65,59%,本命 坐守1个及以上 红鸾 天喜 咸池 天姚 沐浴,自身易有异性缘。
1985-12-23,male,男命,23,21-23点,http://mfsm.kvov.com/fx/1985-12-23/mfsmm-23-1.html,66,59%,身宫 坐守1个及以上 咸池 天姚 沐浴,自身有桃花的困扰。
1985-12-23,male,男命,23,21-23点,http://mfsm.kvov.com/fx/1985-12-23/mfsmm-23-1.html,67,59%,本命 福德宫 坐守1个及以上 天魁 天钺 化禄 化权 化科,一生常与富贵之人为友，多受助力，终身福厚得享，生活富裕，精神愉快，婚姻运强。
1985-12-23,male,男命,23,21-23点,http://mfsm.kvov.com/fx/1985-12-23/mfsmm-23-1.html,68,59%,本命 交友宫 坐守1个及以上 化禄 化权,“权禄吉星奴仆位，纵然官贵也奔驰”，下属多不得力者。
1985-12-23,male,男命,23,21-23点,http://mfsm.kvov.com/fx/1985-12-23/mfsmm-23-1.html,69,59%,本命 父母宫 坐守1个及以上 地劫 地空 天空,性格受双亲影响小，自己对双亲的教育有抗拒性，会孝养父母，与父母缘份不深，与父母分居少于住在一起。
1985-12-23,male,男命,23,21-23点,http://mfsm.kvov.com/fx/1985-12-23/mfsmm-23-1.html,70,58%,本命 夫妻宫 坐守 病符,有多疑的意思，也会疑心生暗鬼，而去偷查另一半的简讯或手机通话记录，就因为这种猜忌与不安全感，最后很可能逼得另一半弄假成真。
1985-12-23,male,男命,23,21-23点,http://mfsm.kvov.com/fx/1985-12-23/mfsmm-23-1.html,71,57%,"身宫 加会1个及以上 龙池 凤阁
身宫 不坐守 命宫",有骄傲、高洁、不随俗的特性。
1985-12-23,male,男命,23,21-23点,http://mfsm.kvov.com/fx/1985-12-23/mfsmm-23-1.html,72,55%,"本命 加会1个及以上 火星 铃星
本命 三方四正不见 贪狼",秀而不实福泽有损（富不全），或富贵只得其一，或富不很富，贵不很贵，或因富贵致祸，或人生有其他缺憾。
1985-12-23,male,男命,23,21-23点,http://mfsm.kvov.com/fx/1985-12-23/mfsmm-23-1.html,73,54%,本命 加会1个及以上 火星 铃星,一生容易从事体力、劳力的工作，自身体能也较佳，具爆发力。
1985-12-23,male,男命,23,21-23点,http://mfsm.kvov.com/fx/1985-12-23/mfsmm-23-1.html,74,54%,本命 加会1个及以上 龙池 凤阁,有骄傲、高洁、不随俗的特性。
1985-12-23,male,男命,23,21-23点,http://mfsm.kvov.com/fx/1985-12-23/mfsmm-23-1.html,75,50%,身宫 夫妻宫,家庭观念较重，对爱情敏感。星系组合吉者，夫妻感情好，对配偶非常关怀，体贴入微，可因婚姻获益；星系组合不好者，易被感情所困，易陷于单相思，感情苦恼，婚姻不美满。女命对夫家和娘家均关心。
1985-12-23,male,男命,24,23-24点,http://mfsm.kvov.com/fx/1985-12-23/mfsmm-24-1.html,1,71%,本命 官禄宫 坐守 巨门,适合自由业、动口生财，以药为业，药剂师、医生，以学术为业，学者、出版、书局，五术、中介，事业有扩充之心，但常适得其反，不宜作大，易招刑杖。
1985-12-23,male,男命,24,23-24点,http://mfsm.kvov.com/fx/1985-12-23/mfsmm-24-1.html,2,71%,本命 坐守 太阳,"慷慨、慈和，气量宽宏，宜白天出生的人，不宜晚上出生的人。
晚上出生的人刑克男性六亲的程度大，白天出生的人刑克男性六亲的程度小。"
1985-12-23,male,男命,24,23-24点,http://mfsm.kvov.com/fx/1985-12-23/mfsmm-24-1.html,3,71%,本命 迁移宫 坐守 化权,外出较能展现才华能干，在外好动，喜掌权，受人器重，易与人有争执、摩擦，应避免锋芒毕露而遭嫉。
1985-12-23,male,男命,24,23-24点,http://mfsm.kvov.com/fx/1985-12-23/mfsmm-24-1.html,4,71%,本命 田宅宫 坐守 禄存,家产多，祖业昌荣。
1985-12-23,male,男命,24,23-24点,http://mfsm.kvov.com/fx/1985-12-23/mfsmm-24-1.html,5,71%,本命 夫妻宫 坐守 天同,"男命得贤内助，聪明美丽，女命得夫温柔体贴，感情和睦。
但天同于辰、戌、丑、未宫配偶年纪较小，易有外遇。"
1985-12-23,male,男命,24,23-24点,http://mfsm.kvov.com/fx/1985-12-23/mfsmm-24-1.html,6,71%,本命 福德宫 坐守 化禄,"有福可享、生活较讲究。
乐善好施，愈布施、愈有财富、食禄、福禄，明去暗来。
头脑聪慧，乃前世修来之聪明，悟性很高。"
1985-12-23,male,男命,24,23-24点,http://mfsm.kvov.com/fx/1985-12-23/mfsmm-24-1.html,7,71%,本命 交友宫 坐守 天相,下属及友人对自己忠诚。
1985-12-23,male,男命,24,23-24点,http://mfsm.kvov.com/fx/1985-12-23/mfsmm-24-1.html,8,71%,本命 田宅宫 坐守 化科,住宅舒适，不喜搬家，居家朴实，家中整洁、舒爽、高雅，相处和睦，家庭温暖，互相关怀。
1985-12-23,male,男命,24,23-24点,http://mfsm.kvov.com/fx/1985-12-23/mfsmm-24-1.html,9,69%,本命 兄弟宫 加会 贪狼 火星,横发。
1985-12-23,male,男命,24,23-24点,http://mfsm.kvov.com/fx/1985-12-23/mfsmm-24-1.html,10,68%,"本命 坐守 右弼
本命 三方四正不见 左辅",即使下属众多，也助力不多，可能仅为代人管理。
1985-12-23,male,男命,24,23-24点,http://mfsm.kvov.com/fx/1985-12-23/mfsmm-24-1.html,11,67%,本命 坐守 天魁,"圆脸、面短，额与地阁(即下巴两侧)均呈圆形，有威仪。
地阁尖方，或尖圆而小，中矮身材，微瘦。"
1985-12-23,male,男命,24,23-24点,http://mfsm.kvov.com/fx/1985-12-23/mfsmm-24-1.html,12,67%,本命 官禄宫 坐守 擎羊,为工程科技人员。
1985-12-23,male,男命,24,23-24点,http://mfsm.kvov.com/fx/1985-12-23/mfsmm-24-1.html,13,67%,本命 夫妻宫 坐守 文昌,"感情随心情之变化大，有文艺气息。
男命有吸引力，有气质，玩弄风情。"
1985-12-23,male,男命,24,23-24点,http://mfsm.kvov.com/fx/1985-12-23/mfsmm-24-1.html,14,67%,本命 福德宫 坐守 陀罗,多忧愁。
1985-12-23,male,男命,24,23-24点,http://mfsm.kvov.com/fx/1985-12-23/mfsmm-24-1.html,15,67%,本命 坐守 右弼,中矮身材，有痣，或有斑点，地阁尖方，或尖圆。
1985-12-23,male,男命,24,23-24点,http://mfsm.kvov.com/fx/1985-12-23/mfsmm-24-1.html,16,67%,本命 夫妻宫 坐守 铃星,感情容易有阻碍，夫妻之间有时争吵不休，有时又会有冷战的场面，所以，在遇到任何问题时，都能平心静气的面对，多些耐心与包容，并培养共同的兴趣及爱好，必可减轻婚姻破裂的危机。
1985-12-23,male,男命,24,23-24点,http://mfsm.kvov.com/fx/1985-12-23/mfsmm-24-1.html,17,66%,本命 财帛宫 加会3个及以上 化忌 火星 铃星 地劫 地空 陀罗 擎羊,钱财必有大破败的情况，纵发一时之财，也会因财致祸，多财务纠纷，财不能久留。
1985-12-23,male,男命,24,23-24点,http://mfsm.kvov.com/fx/1985-12-23/mfsmm-24-1.html,18,66%,乙年出生,感性多情又执着，容易情绪不稳，过于完美主义又爱钻牛角尖，经常吹毛求疵让人受不了。而且还是个夜猫族，喜欢夜不归宿，容易流连灯红酒绿的场合，让人捉摸不定很没安全感，将成为其感情的致命伤。
1985-12-23,male,男命,24,23-24点,http://mfsm.kvov.com/fx/1985-12-23/mfsmm-24-1.html,19,66%,本命 疾病宫 加会3个及以上 化忌 火星 铃星 地劫 地空 陀罗 擎羊,一生多病多灾，或受慢性病的折磨而难以治疗。
1985-12-23,male,男命,24,23-24点,http://mfsm.kvov.com/fx/1985-12-23/mfsmm-24-1.html,20,64%,本命 财帛宫 加会 天魁 天钺,有生财的机会，常常由于曲章制度的改变而带来。
1985-12-23,male,男命,24,23-24点,http://mfsm.kvov.com/fx/1985-12-23/mfsmm-24-1.html,21,64%,本命 夫妻宫 坐守 寡宿,会一相情愿的认定对方应该知道自己在想些什么，只要另一半稍微不注意自己，或是外出时忽略了自己的存在，就很有可能会生闷气，等到另一半终于发现，问说到底为何生气时，他们也会[问你自己啊！]把对方弄得一头雾水的。
1985-12-23,male,男命,24,23-24点,http://mfsm.kvov.com/fx/1985-12-23/mfsmm-24-1.html,22,64%,本命 财帛宫 加会 左辅 右弼,衣禄丰隆，可凭别人助力求财，可考虑独立经营。
1985-12-23,male,男命,24,23-24点,http://mfsm.kvov.com/fx/1985-12-23/mfsmm-24-1.html,23,64%,本命 加会 天魁 天钺,有学识，高学历，端庄，一生多助人，也多得众人相助，能逢凶化吉，遇难呈祥。
1985-12-23,male,男命,24,23-24点,http://mfsm.kvov.com/fx/1985-12-23/mfsmm-24-1.html,24,64%,本命 官禄宫 加会 天魁 天钺,事业上多贵人，特别是上级、尊长的支持，凡遇困难都会逢凶化吉。
1985-12-23,male,男命,24,23-24点,http://mfsm.kvov.com/fx/1985-12-23/mfsmm-24-1.html,25,61%,本命 交友宫 加会2个及以上 火星 铃星 地劫 地空 陀罗 擎羊,多小人、破耗、纠纷、是非，易遭背弃与损害。
1985-12-23,male,男命,24,23-24点,http://mfsm.kvov.com/fx/1985-12-23/mfsmm-24-1.html,26,61%,本命 夫妻宫 加会2个及以上 红鸾 天喜 咸池 天姚 沐浴,有选择较潇洒花俏的对象倾向外，在对异性的感情方面，也会较感性和感情较丰富。
1985-12-23,male,男命,24,23-24点,http://mfsm.kvov.com/fx/1985-12-23/mfsmm-24-1.html,27,61%,本命 迁移宫 加会2个及以上 左辅 右弼 天魁 天钺,工作职业，外出多得贵人扶助，逢凶化吉，而发财。动中每得贵人扶助，逢凶化吉。
1985-12-23,male,男命,24,23-24点,http://mfsm.kvov.com/fx/1985-12-23/mfsmm-24-1.html,28,61%,本命 加会2个及以上 红鸾 天喜 咸池 天姚 沐浴,"长相不赖，举止斯文得体，善于在有意无意间释放魅力，人缘好，能得到异性的青睐，处事的手腕圆滑，能接受新观念，即使不放电，也满容易得到异性的怜爱与包容。
由于思维细腻，第六感敏锐，才华洋溢，好高骛远，对于浪漫的爱情生活十分积极主动，也十分向往，善用智慧及创意才华来赚钱。
偏财运及横财运好，也十分喜欢钱财，会追求高收入以满足自己的生活品味及兴趣爱好。有完美主义的刚烈个性，很有企图心，拼劲十足，韧性很强，能够不畏困难完成使命，努力追求自我成就。"
1985-12-23,male,男命,24,23-24点,http://mfsm.kvov.com/fx/1985-12-23/mfsmm-24-1.html,29,61%,本命 子宫,善机变，喜投机取巧，热情开朗，乐观，多情，事业因有机巧而容易成功，异性缘好。
1985-12-23,male,男命,24,23-24点,http://mfsm.kvov.com/fx/1985-12-23/mfsmm-24-1.html,30,60%,本命 财帛宫 加会 恩光 天贵,能受人提拔而得财。
1985-12-23,male,男命,24,23-24点,http://mfsm.kvov.com/fx/1985-12-23/mfsmm-24-1.html,31,60%,本命 财帛宫 加会 天官 天福,能受人提拔而得财。
1985-12-23,male,男命,24,23-24点,http://mfsm.kvov.com/fx/1985-12-23/mfsmm-24-1.html,32,59%,本命 夫妻宫 坐守1个及以上 火星 铃星 地劫 地空 陀罗 擎羊,配偶往往多有特殊个性或刚强，有主见，有时会增加婚姻的纠纷与争执，多多少少有些困扰。
1985-12-23,male,男命,24,23-24点,http://mfsm.kvov.com/fx/1985-12-23/mfsmm-24-1.html,33,59%,本命 夫妻宫 坐守1个及以上 天梁 天同 天机 太阴,自身会倾向于选择外表和个性属于较温和的人。
1985-12-23,male,男命,24,23-24点,http://mfsm.kvov.com/fx/1985-12-23/mfsmm-24-1.html,34,59%,本命 福德宫 坐守1个及以上 陀罗 天空,不畏挫折，挥霍，灵感佳。
1985-12-23,male,男命,24,23-24点,http://mfsm.kvov.com/fx/1985-12-23/mfsmm-24-1.html,35,59%,本命 坐守1个及以上 地劫 地空 大耗,青少年贫困，破财不聚，多浪费消耗，事业发展艰难。
1985-12-23,male,男命,24,23-24点,http://mfsm.kvov.com/fx/1985-12-23/mfsmm-24-1.html,36,59%,本命 福德宫 坐守1个及以上 化忌 陀罗 擎羊 天刑,多烦恼纠纷，福薄不安。
1985-12-23,male,男命,24,23-24点,http://mfsm.kvov.com/fx/1985-12-23/mfsmm-24-1.html,37,59%,本命 夫妻宫 坐守1个及以上 贪狼 巨门 破军 七杀 文昌 文曲 左辅 右弼 天魁 天钺 咸池 天姚,易有桃花。
1985-12-23,male,男命,24,23-24点,http://mfsm.kvov.com/fx/1985-12-23/mfsmm-24-1.html,38,58%,本命 福德宫 坐守 长生,思想、内涵可以通过不断思考而成长。
1985-12-23,male,男命,24,23-24点,http://mfsm.kvov.com/fx/1985-12-23/mfsmm-24-1.html,39,54%,本命 福德宫 加会1个及以上 孤辰 寡宿,精神空虚，思想独立。
1985-12-23,male,男命,24,23-24点,http://mfsm.kvov.com/fx/1985-12-23/mfsmm-24-1.html,40,54%,本命 加会1个及以上 左辅 右弼 天魁 天钺,能得朋友提携、相助之力。
1985-12-23,male,男命,24,23-24点,http://mfsm.kvov.com/fx/1985-12-23/mfsmm-24-1.html,41,50%,身宫 命宫,"主观强烈，不易受外在环境之影响，讨得这类人的欢心，需要极力讨好，做到对方感觉以自我为中心。
个性强，固执，坦率耿直，口硬心软，行事之功过大都自己承担，命运可能大好也可能大坏，一般来讲，平生较劳碌。
宫吉、三方吉拱，就能大好；宫凶、三方又凶则不稳定。"
