date,gender,gender_label,time_code,time_label,url,row_index,confidence,basis,analysis
1998-01-22,female,女命,1,0-1点,http://mfsm.kvov.com/fx/1998-01-22/mfsmm-1-2.html,1,82%,"本命 官禄宫 坐守 武曲
本命 官禄宫 加会2个及以上 化忌 地劫 地空 陀罗 擎羊",功名无望。
1998-01-22,female,女命,1,0-1点,http://mfsm.kvov.com/fx/1998-01-22/mfsmm-1-2.html,2,82%,"本命 坐守 廉贞
本命 财帛宫 加会2个及以上 化忌 火星 铃星 地劫 地空 陀罗 擎羊",无偏财，不宜彩券，遭窃，因赌而输。
1998-01-22,female,女命,1,0-1点,http://mfsm.kvov.com/fx/1998-01-22/mfsmm-1-2.html,3,82%,"本命 官禄宫 坐守 武曲
本命 官禄宫 加会 天马
本命 官禄宫 三方四正不见 禄存 化禄",流动生财。
1998-01-22,female,女命,1,0-1点,http://mfsm.kvov.com/fx/1998-01-22/mfsmm-1-2.html,4,82%,"本命 财帛宫 坐守 贪狼
本命 财帛宫 加会2个及以上 地劫 地空 陀罗 擎羊 大耗",以不投机为宜，否则倾家。不从事投机，则仅代表事业上有极大竞争，或计划常因客观环境影响而生变化，虽受一时损失，容易东山复起。
1998-01-22,female,女命,1,0-1点,http://mfsm.kvov.com/fx/1998-01-22/mfsmm-1-2.html,5,82%,"本命 坐守 七杀
本命 加会2个及以上 擎羊 陀罗 火星 铃星 地劫 地空",眼神威而锐。
1998-01-22,female,女命,1,0-1点,http://mfsm.kvov.com/fx/1998-01-22/mfsmm-1-2.html,6,82%,"本命 坐守 七杀
本命 加会2个及以上 化忌 火星 铃星 地劫 地空 陀罗 擎羊",大起大落，防暴发暴败，纵然有一时发达也难长久，结局大多不佳。
1998-01-22,female,女命,1,0-1点,http://mfsm.kvov.com/fx/1998-01-22/mfsmm-1-2.html,7,80%,本命 官禄宫 坐守 破军 陀罗,职业多变。
1998-01-22,female,女命,1,0-1点,http://mfsm.kvov.com/fx/1998-01-22/mfsmm-1-2.html,8,80%,"本命 官禄宫 坐守 破军
本命 官禄宫 坐守1个及以上 陀罗 擎羊",若无一技防身，则必终生不能有为，以致晚年困苦。
1998-01-22,female,女命,1,0-1点,http://mfsm.kvov.com/fx/1998-01-22/mfsmm-1-2.html,9,80%,"本命 官禄宫 坐守 破军
本命 官禄宫 坐守1个及以上 火星 铃星 地劫 地空 陀罗 擎羊",宜以工程技术起家，从商者必多挫折，纵能化险为夷，也劳心伤神。
1998-01-22,female,女命,1,0-1点,http://mfsm.kvov.com/fx/1998-01-22/mfsmm-1-2.html,10,80%,本命 官禄宫 坐守 武曲 陀罗,因金钱问题而闹出纠纷、麻烦。
1998-01-22,female,女命,1,0-1点,http://mfsm.kvov.com/fx/1998-01-22/mfsmm-1-2.html,11,76%,本命 加会 武曲 七杀 天厨,可经营饮食业。
1998-01-22,female,女命,1,0-1点,http://mfsm.kvov.com/fx/1998-01-22/mfsmm-1-2.html,12,75%,"本命 坐守 廉贞
本命 加会1个及以上 文昌 文曲 化科 龙池 凤阁 天才",好礼义。
1998-01-22,female,女命,1,0-1点,http://mfsm.kvov.com/fx/1998-01-22/mfsmm-1-2.html,13,75%,"本命 坐守 七杀
本命 命宫 加会1个及以上 大耗 地劫 地空","一生必有一次重大挫折。
如从事实业，能恢复元气，绝对不宜投机，易生破败，如投机很有可能一蹶不振无东山复起的机会。
从商，能善任手下工作人员。"
1998-01-22,female,女命,1,0-1点,http://mfsm.kvov.com/fx/1998-01-22/mfsmm-1-2.html,14,75%,"本命 迁移宫 坐守 天府
本命 迁移宫 加会1个及以上 禄存 化禄",出行得福，在外发展得利益。
1998-01-22,female,女命,1,0-1点,http://mfsm.kvov.com/fx/1998-01-22/mfsmm-1-2.html,15,75%,"本命 坐守 七杀
本命 加会1个及以上 化忌 火星 铃星 地劫 地空 陀罗 擎羊",人生必有缺陷，或不能富贵，或配偶刑克分离，或无子女，或有女而无子，或多疾病。如果六亲无缺，身体健康，则往往不能富贵。
1998-01-22,female,女命,1,0-1点,http://mfsm.kvov.com/fx/1998-01-22/mfsmm-1-2.html,16,75%,"本命 财帛宫 坐守 贪狼
本命 财帛宫 加会1个及以上 廉贞 红鸾 天喜 咸池 天姚 沐浴",会因美色而破财遭灾，宜赚娱乐之财、异性之财，或经营娱乐行业，以求趋避。
1998-01-22,female,女命,1,0-1点,http://mfsm.kvov.com/fx/1998-01-22/mfsmm-1-2.html,17,75%,"本命 坐守 廉贞
本命 加会1个及以上 陀罗 擎羊",身体多伤灾，或与人争斗受伤。
1998-01-22,female,女命,1,0-1点,http://mfsm.kvov.com/fx/1998-01-22/mfsmm-1-2.html,18,75%,"本命 坐守 七杀
本命 加会1个及以上 文昌 文曲 龙池 凤阁 天才",在技艺上有聪明才智。
1998-01-22,female,女命,1,0-1点,http://mfsm.kvov.com/fx/1998-01-22/mfsmm-1-2.html,19,74%,本命 父母宫 加会 太阳 太阴,祖产败退，克父母。
1998-01-22,female,女命,1,0-1点,http://mfsm.kvov.com/fx/1998-01-22/mfsmm-1-2.html,20,74%,本命 命宫 加会 贪狼 廉贞,有色彩感，爱好艺术，喜运动或跳舞。
1998-01-22,female,女命,1,0-1点,http://mfsm.kvov.com/fx/1998-01-22/mfsmm-1-2.html,21,73%,"本命 坐守1个及以上 贪狼 廉贞 红鸾 天喜 咸池 天姚 沐浴
本命 夫妻宫 加会 地劫 地空","会因配偶或本身外遇而蒙受损失。
通常是惯性外遇，一生中可能重复发生，直至家败人散。"
1998-01-22,female,女命,1,0-1点,http://mfsm.kvov.com/fx/1998-01-22/mfsmm-1-2.html,22,71%,本命 官禄宫 坐守 破军,宜注意新产品，新技术，或从事冒险性行业。
1998-01-22,female,女命,1,0-1点,http://mfsm.kvov.com/fx/1998-01-22/mfsmm-1-2.html,23,71%,本命 子女宫 坐守 巨门,长子难养，多损头胎，以迟得为宜。子女口才好，内向，有代沟，顽固，思想相背。
1998-01-22,female,女命,1,0-1点,http://mfsm.kvov.com/fx/1998-01-22/mfsmm-1-2.html,24,71%,本命 官禄宫 坐守 武曲,适宜武职，即军人、警察及其他刑法纪律部队，经商，可从事营业工作，推销商品和推销各种服务。
1998-01-22,female,女命,1,0-1点,http://mfsm.kvov.com/fx/1998-01-22/mfsmm-1-2.html,25,71%,本命 疾病宫 坐守 化禄,脾气好，幼年多灾病、难善、过房吃别人家水、米、或给神明当儿子，有解厄之功。
1998-01-22,female,女命,1,0-1点,http://mfsm.kvov.com/fx/1998-01-22/mfsmm-1-2.html,26,71%,身宫 坐守 七杀,"多白手兴家，崛起于草莽，或身无分文转瞬却腰缠万贯，或功成名就之中却又一朝暴败，钱财散尽。
经商从公皆可，经商宜以经营实业，若投机有倾家荡产之危险。
多从事开创性的行业具危险性之工作，如建筑业、重工业、生产业、机械、车辆、运输、医师、格斗武术、运动员、警察、军人、证券、金融、外销、公司老板、实业家等。"
1998-01-22,female,女命,1,0-1点,http://mfsm.kvov.com/fx/1998-01-22/mfsmm-1-2.html,27,71%,本命 坐守 七杀,"多白手兴家，崛起于草莽，或身无分文转瞬却腰缠万贯，或功成名就之中却又一朝暴败，钱财散尽。
经商从公皆可，经商宜以经营实业，若投机有倾家荡产之危险。
多从事开创性的行业具危险性之工作，如建筑业、重工业、生产业、机械、车辆、运输、医师、格斗武术、运动员、警察、军人、证券、金融、外销、公司老板、实业家等。"
1998-01-22,female,女命,1,0-1点,http://mfsm.kvov.com/fx/1998-01-22/mfsmm-1-2.html,28,71%,本命 疾病宫 坐守 化科,聪明、幽默、风趣、风度、脾气好，健康上无大灾大难，能逢凶化吉，化险为夷，身材匀称，爱打扮。
1998-01-22,female,女命,1,0-1点,http://mfsm.kvov.com/fx/1998-01-22/mfsmm-1-2.html,29,71%,本命 夫妻宫 坐守 天相,配偶有正义感，乐于助人。
1998-01-22,female,女命,1,0-1点,http://mfsm.kvov.com/fx/1998-01-22/mfsmm-1-2.html,30,71%,本命 财帛宫 坐守 紫微,财缘稳定，属正当之财，一生不愁钱财。
1998-01-22,female,女命,1,0-1点,http://mfsm.kvov.com/fx/1998-01-22/mfsmm-1-2.html,31,71%,本命 迁移宫 坐守 天府,出外有贵人，发展安定，能稳步发展。
1998-01-22,female,女命,1,0-1点,http://mfsm.kvov.com/fx/1998-01-22/mfsmm-1-2.html,32,71%,本命 交友宫 坐守 太阳,"为下属、为朋友，做过好事，也得不到多谢，回报更不必论了，反而遭到怪责和埋怨。
朋友众多，下属众多，自身亦对他们有所帮助，只是不得好感。"
1998-01-22,female,女命,1,0-1点,http://mfsm.kvov.com/fx/1998-01-22/mfsmm-1-2.html,33,71%,本命 疾病宫 坐守 太阴,"易有肾、泌尿生殖器、腰腹疾患。虚亏、鼓胀、脚肿、湿气、脾胃、阴萎、泻痢、小肠湿热之症。也因肾脏不健全，常致眼睛昏花。太阴主肾、泌尿生殖器、腰及下腹之疾患。
症状：腰痛、腹痛、喉干、舌苔增多、生理不调、腹冷、咳嗽、耳鸣、脚肢无力、早泄、多尿、视力衰退等。
女性得妇科病。"
1998-01-22,female,女命,1,0-1点,http://mfsm.kvov.com/fx/1998-01-22/mfsmm-1-2.html,34,71%,本命 命宫 坐守 廉贞,多言，眼神露光，眼眉露骨，两颧露棱。
1998-01-22,female,女命,1,0-1点,http://mfsm.kvov.com/fx/1998-01-22/mfsmm-1-2.html,35,71%,本命 田宅宫 坐守 化权,有不动产，不管有无祖产，喜购不动产，且房饰较喜摆阔，在家里喜掌权与家人有争执。
1998-01-22,female,女命,1,0-1点,http://mfsm.kvov.com/fx/1998-01-22/mfsmm-1-2.html,36,71%,本命 田宅宫 坐守 天同,白手兴家，可以置业。没有祖业承继，但却可以自置物业。
1998-01-22,female,女命,1,0-1点,http://mfsm.kvov.com/fx/1998-01-22/mfsmm-1-2.html,37,71%,本命 子女宫 坐守 化忌,有亏欠子女的感受，有溺爱子女之象，与子女缘份较薄或得子较晚，或生产较不顺之象，较不宜合作，需注意意外。
1998-01-22,female,女命,1,0-1点,http://mfsm.kvov.com/fx/1998-01-22/mfsmm-1-2.html,38,71%,本命 交友宫 坐守 禄存,劳碌。一生只是较辛苦、奔波。
1998-01-22,female,女命,1,0-1点,http://mfsm.kvov.com/fx/1998-01-22/mfsmm-1-2.html,39,71%,本命 坐守 廉贞,"重感情，欠理智，有风度，有可能任情放纵，幽默，可是内心却主观极强，不易对人迁就。
有美术的爱好，特别倾向于书画。
在交际场合中略带幽默，不可见他轻松幽默就以为在公事上好说话，实际上很可能有一派[公事公办]的脾气。
宜从事建筑行业。"
1998-01-22,female,女命,1,0-1点,http://mfsm.kvov.com/fx/1998-01-22/mfsmm-1-2.html,40,71%,本命 财帛宫 坐守 贪狼,生性浪费，一生破耗不小，财运起伏，多为经商，宜从事冒险或投机事业，或者同时经营多种事业，财路上能得到异性帮助。
1998-01-22,female,女命,1,0-1点,http://mfsm.kvov.com/fx/1998-01-22/mfsmm-1-2.html,41,70%,"本命 财帛宫 坐守1个及以上 贪狼 巨门 破军 天梁 七杀 天机
本命 财帛宫 加会2个及以上 化忌 火星 铃星 地劫 地空 陀罗 擎羊",多为好赌之辈，可能血本无归。
1998-01-22,female,女命,1,0-1点,http://mfsm.kvov.com/fx/1998-01-22/mfsmm-1-2.html,42,69%,"本命 加会 贪狼
本命 加会1个及以上 化忌 陀罗 擎羊",多感情复杂之纠纷。
1998-01-22,female,女命,1,0-1点,http://mfsm.kvov.com/fx/1998-01-22/mfsmm-1-2.html,43,69%,"本命 加会 贪狼
本命 加会1个及以上 陀罗 擎羊",不宜投机，有也易横发横破。
1998-01-22,female,女命,1,0-1点,http://mfsm.kvov.com/fx/1998-01-22/mfsmm-1-2.html,44,68%,"本命 坐守1个及以上 贪狼 七杀
身宫 坐守1个及以上 贪狼 七杀",男多有窃盗，女多有不正之情，不易有婚姻。
1998-01-22,female,女命,1,0-1点,http://mfsm.kvov.com/fx/1998-01-22/mfsmm-1-2.html,45,67%,本命 夫妻宫 坐守 地空,会晚婚，知音难求。晚年可能孤独，配偶不在身边。
1998-01-22,female,女命,1,0-1点,http://mfsm.kvov.com/fx/1998-01-22/mfsmm-1-2.html,46,67%,本命 夫妻宫 坐守 天魁,配偶长相不错，体贴有责任感，人际关系好，外缘佳，常受到贵人的帮助。不过，中晚年后夫妻容易有隔阂，因而感情受到波折。自身异性缘佳，常常受到异性或配偶的帮助。
1998-01-22,female,女命,1,0-1点,http://mfsm.kvov.com/fx/1998-01-22/mfsmm-1-2.html,47,67%,本命 迁移宫 坐守 擎羊,为人直爽，但会得罪人，必然遭到他人的记恨。
1998-01-22,female,女命,1,0-1点,http://mfsm.kvov.com/fx/1998-01-22/mfsmm-1-2.html,48,67%,本命 官禄宫 坐守 陀罗,宜从事工艺、工程，不宜经商，常陷于胶着状态，不但事业发展缓慢，而且往往有名无实，权力被挂空，有时也代表事业反覆，难安居、坐享其成。
1998-01-22,female,女命,1,0-1点,http://mfsm.kvov.com/fx/1998-01-22/mfsmm-1-2.html,49,67%,本命 夫妻宫 坐守 天马,自身热情而愿意为爱情牺牲奉献，有服侍之精神而且不辞劳苦。
1998-01-22,female,女命,1,0-1点,http://mfsm.kvov.com/fx/1998-01-22/mfsmm-1-2.html,50,67%,本命 夫妻宫 坐守 地劫,知音难求。晚年可能会孤独，配偶不在身边。
1998-01-22,female,女命,1,0-1点,http://mfsm.kvov.com/fx/1998-01-22/mfsmm-1-2.html,51,67%,本命 福德宫 独坐 火星,独守性燥、忧虑、不安，劳力辛勤。
1998-01-22,female,女命,1,0-1点,http://mfsm.kvov.com/fx/1998-01-22/mfsmm-1-2.html,52,67%,本命 福德宫 空宫,希望能有段美好的婚姻感情，但是通常难以如愿，往往婚姻感情都需要付出很大的努力。
1998-01-22,female,女命,1,0-1点,http://mfsm.kvov.com/fx/1998-01-22/mfsmm-1-2.html,53,67%,本命 夫妻宫 坐守 右弼,较有私情、单恋，婚前易同时有两位异性出现。也可能婚后易有外遇，或再婚的情况。
1998-01-22,female,女命,1,0-1点,http://mfsm.kvov.com/fx/1998-01-22/mfsmm-1-2.html,54,67%,本命 福德宫 坐守 火星,忙碌少清闲，精神生活不安，少乐多忧。内心脾气大，在婚姻中，容易一言不合就生气，需要注意情绪控制。
1998-01-22,female,女命,1,0-1点,http://mfsm.kvov.com/fx/1998-01-22/mfsmm-1-2.html,55,64%,本命 官禄宫 加会 地劫 地空,一般情况下宜从事较冷僻的行业，或奇兵突出，其营运手法出乎同行的意料之外，唯最忌志大才疏，则终身事业难以振作。
1998-01-22,female,女命,1,0-1点,http://mfsm.kvov.com/fx/1998-01-22/mfsmm-1-2.html,56,64%,"本命 迁移宫 加会 天马
本命 迁移宫 加会1个及以上 禄存 化禄",经商，劳碌，运气好，被人赏识的机会多。
1998-01-22,female,女命,1,0-1点,http://mfsm.kvov.com/fx/1998-01-22/mfsmm-1-2.html,57,64%,本命 财帛宫 坐守 蜚廉,虽能得财但多枝节，宜以刑法是非求财。
1998-01-22,female,女命,1,0-1点,http://mfsm.kvov.com/fx/1998-01-22/mfsmm-1-2.html,58,64%,本命 官禄宫 加会 天魁 天钺,事业上多贵人，特别是上级、尊长的支持，凡遇困难都会逢凶化吉。
1998-01-22,female,女命,1,0-1点,http://mfsm.kvov.com/fx/1998-01-22/mfsmm-1-2.html,59,64%,本命 福德宫 加会 火星 地空,灵感多、感悟多，也表示思想不随俗。
1998-01-22,female,女命,1,0-1点,http://mfsm.kvov.com/fx/1998-01-22/mfsmm-1-2.html,60,64%,本命 迁移宫 加会 地劫 地空,朋友交不长久，常变动；或与主管、老板缘薄。
1998-01-22,female,女命,1,0-1点,http://mfsm.kvov.com/fx/1998-01-22/mfsmm-1-2.html,61,64%,本命 财帛宫 坐守 旬空,财运会因自己而耽误。
1998-01-22,female,女命,1,0-1点,http://mfsm.kvov.com/fx/1998-01-22/mfsmm-1-2.html,62,64%,本命 夫妻宫 坐守 天巫,夫妻关系良好，遇到问题困难，都能相互帮助解决，另一半的工作能力强，有不错的成就。
1998-01-22,female,女命,1,0-1点,http://mfsm.kvov.com/fx/1998-01-22/mfsmm-1-2.html,63,64%,本命 夫妻宫 加会 地劫 地空,夫妻或因为周遭因素不能常相聚。
1998-01-22,female,女命,1,0-1点,http://mfsm.kvov.com/fx/1998-01-22/mfsmm-1-2.html,64,64%,本命 子女宫 加会 文昌 文曲,子女聪明。
1998-01-22,female,女命,1,0-1点,http://mfsm.kvov.com/fx/1998-01-22/mfsmm-1-2.html,65,64%,本命 坐守 华盖,喜探索神秘事物，大都有宗教信仰。
1998-01-22,female,女命,1,0-1点,http://mfsm.kvov.com/fx/1998-01-22/mfsmm-1-2.html,66,64%,本命 坐守 破碎,多形孤。
1998-01-22,female,女命,1,0-1点,http://mfsm.kvov.com/fx/1998-01-22/mfsmm-1-2.html,67,61%,本命 夫妻宫 加会2个及以上 火星 铃星 地劫 地空 陀罗 擎羊,夫妻关系多半不佳，多口舌是非、争吵、冷战甚至会离异。
1998-01-22,female,女命,1,0-1点,http://mfsm.kvov.com/fx/1998-01-22/mfsmm-1-2.html,68,61%,本命 迁移宫 加会2个及以上 左辅 右弼 天魁 天钺,工作职业，外出多得贵人扶助，逢凶化吉，而发财。动中每得贵人扶助，逢凶化吉。
1998-01-22,female,女命,1,0-1点,http://mfsm.kvov.com/fx/1998-01-22/mfsmm-1-2.html,69,61%,本命 加会2个及以上 化忌 地劫 地空 陀罗 擎羊,秀而不实福泽有损（富不全），或富贵只得其一，或富不很富，贵不很贵，或因富贵致祸，或人生有其他缺憾。
1998-01-22,female,女命,1,0-1点,http://mfsm.kvov.com/fx/1998-01-22/mfsmm-1-2.html,70,60%,本命 财帛宫 加会 龙池 凤阁,拥有技艺的优点，故主［由艺术技巧起家］，可从事和艺术有关的工作，如绘画、陶瓷、摄影等。可以凭专门技艺以求财。
1998-01-22,female,女命,1,0-1点,http://mfsm.kvov.com/fx/1998-01-22/mfsmm-1-2.html,71,60%,本命 加会 龙池 凤阁,聪明，易学习才艺。
1998-01-22,female,女命,1,0-1点,http://mfsm.kvov.com/fx/1998-01-22/mfsmm-1-2.html,72,60%,本命 官禄宫 加会 龙池 凤阁,有专业才能。
1998-01-22,female,女命,1,0-1点,http://mfsm.kvov.com/fx/1998-01-22/mfsmm-1-2.html,73,59%,本命 夫妻宫 坐守1个及以上 地劫 地空 陀罗 擎羊,家庭生活单调，夫妻关系较为冷漠。
1998-01-22,female,女命,1,0-1点,http://mfsm.kvov.com/fx/1998-01-22/mfsmm-1-2.html,74,59%,本命 财帛宫 坐守1个及以上 地劫 地空 天空 旬空,不适合做生意，容易资金短缺。在网上开店做生意反而合适，因为网店在卖出货物之后，要等到买家确认收货才能收到钱，这本身就是一种“资金拖延”。
1998-01-22,female,女命,1,0-1点,http://mfsm.kvov.com/fx/1998-01-22/mfsmm-1-2.html,75,59%,本命 子女宫 坐守1个及以上 火星 铃星,子女多远离膝下。
1998-01-22,female,女命,1,0-1点,http://mfsm.kvov.com/fx/1998-01-22/mfsmm-1-2.html,76,59%,本命 迁移宫 坐守1个及以上 化忌 陀罗 擎羊,一般表示本人社交能力不强，也无法通过社交获得好处。
1998-01-22,female,女命,1,0-1点,http://mfsm.kvov.com/fx/1998-01-22/mfsmm-1-2.html,77,59%,本命 父母宫 坐守1个及以上 地劫 地空 天空,性格受双亲影响小，自己对双亲的教育有抗拒性，会孝养父母，与父母缘份不深，与父母分居少于住在一起。
1998-01-22,female,女命,1,0-1点,http://mfsm.kvov.com/fx/1998-01-22/mfsmm-1-2.html,78,59%,本命 福德宫 坐守1个及以上 火星 铃星,虽能享福，但急躁，好投机。
1998-01-22,female,女命,1,0-1点,http://mfsm.kvov.com/fx/1998-01-22/mfsmm-1-2.html,79,59%,本命 子女宫 坐守1个及以上 化忌 火星 铃星 地劫 地空 陀罗 擎羊,易与子女孤单刑克，时起争端。
1998-01-22,female,女命,1,0-1点,http://mfsm.kvov.com/fx/1998-01-22/mfsmm-1-2.html,80,54%,本命 加会1个及以上 龙池 凤阁,有骄傲、高洁、不随俗的特性。
1998-01-22,female,女命,1,0-1点,http://mfsm.kvov.com/fx/1998-01-22/mfsmm-1-2.html,81,54%,本命 加会1个及以上 左辅 右弼 天魁 天钺,能得朋友提携、相助之力。
1998-01-22,female,女命,1,0-1点,http://mfsm.kvov.com/fx/1998-01-22/mfsmm-1-2.html,82,50%,身宫 命宫,"主观强烈，不易受外在环境之影响，讨得这类人的欢心，需要极力讨好，做到对方感觉以自我为中心。
个性强，固执，坦率耿直，口硬心软，行事之功过大都自己承担，命运可能大好也可能大坏，一般来讲，平生较劳碌。
宫吉、三方吉拱，就能大好；宫凶、三方又凶则不稳定。"
1998-01-22,female,女命,3,1-3点,http://mfsm.kvov.com/fx/1998-01-22/mfsmm-3-2.html,1,82%,本命 子宫 坐守 天梁,"多与六亲的关系有缺陷，如与父母无缘，重则早失父母，兄弟少或无助力，反目成仇；感情多有波折，重则与妻（夫）子生离死别，子女缘份不佳或受儿女拖累。
在人际关系方面，也易陷于落落寡合或遭人指责。"
1998-01-22,female,女命,3,1-3点,http://mfsm.kvov.com/fx/1998-01-22/mfsmm-3-2.html,2,82%,"本命 子宫
本命 夫妻宫 坐守 巨门",夫妻多争执不和。
1998-01-22,female,女命,3,1-3点,http://mfsm.kvov.com/fx/1998-01-22/mfsmm-3-2.html,3,80%,"本命 坐守 天梁
本命 坐守1个及以上 地劫 地空 大耗",财运不利，好游荡无积储。勤能补拙，应有一技之长，改变游手好闲的生活或得安稳。只要不经商亦可解财运不济。
1998-01-22,female,女命,3,1-3点,http://mfsm.kvov.com/fx/1998-01-22/mfsmm-3-2.html,4,80%,"本命 财帛宫 坐守 太阴
本命 财帛宫 坐守1个及以上 禄存 化禄",富裕。
1998-01-22,female,女命,3,1-3点,http://mfsm.kvov.com/fx/1998-01-22/mfsmm-3-2.html,5,80%,"本命 坐守 天梁
本命 坐守1个及以上 地劫 地空 天空",思想难为常人所理解。
1998-01-22,female,女命,3,1-3点,http://mfsm.kvov.com/fx/1998-01-22/mfsmm-3-2.html,6,77%,本命 坐守 天梁 天姚,职业易与医药相关。
1998-01-22,female,女命,3,1-3点,http://mfsm.kvov.com/fx/1998-01-22/mfsmm-3-2.html,7,75%,"本命 官禄宫 坐守 天同
本命 官禄宫 加会1个及以上 文昌 文曲 化科 天才",宜文艺工作。
1998-01-22,female,女命,3,1-3点,http://mfsm.kvov.com/fx/1998-01-22/mfsmm-3-2.html,8,75%,"本命 坐守 天梁
本命 加会1个及以上 擎羊 天刑",多官司或是非，因病动手术。
1998-01-22,female,女命,3,1-3点,http://mfsm.kvov.com/fx/1998-01-22/mfsmm-3-2.html,9,75%,"本命 子女宫 坐守 紫微
本命 子女宫 加会1个及以上 左辅 右弼",子女对你有助力。
1998-01-22,female,女命,3,1-3点,http://mfsm.kvov.com/fx/1998-01-22/mfsmm-3-2.html,10,75%,"本命 坐守 天梁
本命 加会1个及以上 禄存 化禄",不易为人敬服，多招怨恨是非，虽能发财却多困难忧虑。
1998-01-22,female,女命,3,1-3点,http://mfsm.kvov.com/fx/1998-01-22/mfsmm-3-2.html,11,75%,"本命 官禄宫 坐守 天同
本命 官禄宫 加会1个及以上 红鸾 天喜 咸池 天姚 沐浴",可向艺术发展。
1998-01-22,female,女命,3,1-3点,http://mfsm.kvov.com/fx/1998-01-22/mfsmm-3-2.html,12,75%,"本命 坐守 天梁
本命 加会1个及以上 化忌 擎羊 陀罗 火星 铃星 天刑","人生有不平凡的际遇。
有灾难，能凭本身的力量去加以化解，不过危险重重。"
1998-01-22,female,女命,3,1-3点,http://mfsm.kvov.com/fx/1998-01-22/mfsmm-3-2.html,13,74%,本命 加会 太阳 太阴,刚柔相济，大度，豪迈。
1998-01-22,female,女命,3,1-3点,http://mfsm.kvov.com/fx/1998-01-22/mfsmm-3-2.html,14,72%,"本命 交友宫 坐守 破军
本命 交友宫 三方四正不见 禄存 化禄",友人或下属基本不利。
1998-01-22,female,女命,3,1-3点,http://mfsm.kvov.com/fx/1998-01-22/mfsmm-3-2.html,15,71%,本命 官禄宫 坐守 化权,工作事业上较能展现才华，较能掌权，喜欢掌权，有领导管理才能，喜欢开创事业或开发新产品、新事业。
1998-01-22,female,女命,3,1-3点,http://mfsm.kvov.com/fx/1998-01-22/mfsmm-3-2.html,16,71%,本命 命宫 坐守 天梁,"有点孤克、懒散、随便、拖延，人生欠积极，有佛道信仰。
宜从事哲学方面的研究。"
1998-01-22,female,女命,3,1-3点,http://mfsm.kvov.com/fx/1998-01-22/mfsmm-3-2.html,17,71%,本命 财帛宫 坐守 化禄,有财，喜欢赚钱，并忙碌着赚钱，可得人缘之财。
1998-01-22,female,女命,3,1-3点,http://mfsm.kvov.com/fx/1998-01-22/mfsmm-3-2.html,18,71%,本命 交友宫 坐守 破军,容易结交小人，不仅朋友无助力，还会因友破财，或事业钱财因下属不忠而遭破败。
1998-01-22,female,女命,3,1-3点,http://mfsm.kvov.com/fx/1998-01-22/mfsmm-3-2.html,19,71%,本命 坐守 天梁,"体态虽不算丰厚圆满，但行藏举止自然有一段厚重之气，稳重大方。
不宜经商，自身有消灾解难的性质，所以终能雨过天晴。"
1998-01-22,female,女命,3,1-3点,http://mfsm.kvov.com/fx/1998-01-22/mfsmm-3-2.html,20,71%,本命 财帛宫 坐守 天机,"机会常一瞬即逝，非注意把握，当机立断不可。
财帛有变动或波动，通常表现为财来去，难以积存，倾向于劳心求财。"
1998-01-22,female,女命,3,1-3点,http://mfsm.kvov.com/fx/1998-01-22/mfsmm-3-2.html,21,71%,本命 财帛宫 坐守 化科,理财能力佳，有计划性，上班领薪奉俸，或从事文教，收入较平稳，一辈子较不会为财所困，夫妻对待和睦。
1998-01-22,female,女命,3,1-3点,http://mfsm.kvov.com/fx/1998-01-22/mfsmm-3-2.html,22,71%,本命 交友宫 坐守 武曲,交游不广，下属无力。
1998-01-22,female,女命,3,1-3点,http://mfsm.kvov.com/fx/1998-01-22/mfsmm-3-2.html,23,71%,本命 官禄宫 坐守 天同,事业必由白手创兴，纵有父业也难承继，须经历困难然后始事业有成，适宜经营美观或带享受色彩的行业。
1998-01-22,female,女命,3,1-3点,http://mfsm.kvov.com/fx/1998-01-22/mfsmm-3-2.html,24,71%,本命 迁移宫 坐守 太阳,不利祖业，离乡背井才能够发福。
1998-01-22,female,女命,3,1-3点,http://mfsm.kvov.com/fx/1998-01-22/mfsmm-3-2.html,25,71%,本命 子女宫 坐守 紫微,迟得子，门生弟子以及追随自己的晚辈少，也以迟得为宜。
1998-01-22,female,女命,3,1-3点,http://mfsm.kvov.com/fx/1998-01-22/mfsmm-3-2.html,26,71%,本命 夫妻宫 坐守 巨门,配偶疑心重，较优柔寡断，因为对方而感到辛苦。占有欲强，常易因嫉妒生口角，故年龄差距宜大。女命以配年长之夫为宜，男命也宜与比自己大一两年之妻，则夫妻易于彼此迁就，此为趋避之道。如果婚姻对象是自己比对方年长，则易相克不和。
1998-01-22,female,女命,3,1-3点,http://mfsm.kvov.com/fx/1998-01-22/mfsmm-3-2.html,27,71%,"本命 坐守 地劫
本命 加会1个及以上 火星 铃星",敢赚敢花，买空卖空。
1998-01-22,female,女命,3,1-3点,http://mfsm.kvov.com/fx/1998-01-22/mfsmm-3-2.html,28,71%,本命 夫妻宫 坐守 化忌,"夫妻缘份较薄，潜在意识里，对配偶有所亏欠想珍惜、弥补他(她)，替他(她)分忧解劳，在意配偶。
初恋不易结合，结婚过程较会有不顺现象，晚婚为宜，早婚会为对方付出较多。"
1998-01-22,female,女命,3,1-3点,http://mfsm.kvov.com/fx/1998-01-22/mfsmm-3-2.html,29,70%,"本命 财帛宫 坐守1个及以上 贪狼 巨门 破军 天梁 七杀 天机
本命 财帛宫 加会2个及以上 化忌 火星 铃星 地劫 地空 陀罗 擎羊",多为好赌之辈，可能血本无归。
1998-01-22,female,女命,3,1-3点,http://mfsm.kvov.com/fx/1998-01-22/mfsmm-3-2.html,30,68%,"本命 财帛宫 坐守1个及以上 红鸾 天喜
本命 财帛宫 坐守1个及以上 武曲 天府 太阴 禄存 化禄",“得祥瑞之财”、“得喜庆之财”。
1998-01-22,female,女命,3,1-3点,http://mfsm.kvov.com/fx/1998-01-22/mfsmm-3-2.html,31,67%,本命 独坐 天梁,"面色黄白，面型长方，鼻直、颧高，多身躯微胖，中矮身材。
相貌稳重，洒脱大方，性情耿直无私，临事果敢決断，眼神明朗。"
1998-01-22,female,女命,3,1-3点,http://mfsm.kvov.com/fx/1998-01-22/mfsmm-3-2.html,32,67%,本命 夫妻宫 坐守 地空,会晚婚，知音难求。晚年可能孤独，配偶不在身边。
1998-01-22,female,女命,3,1-3点,http://mfsm.kvov.com/fx/1998-01-22/mfsmm-3-2.html,33,67%,本命 坐守 地劫,"心高气傲、狐假虎威，想多做少，进退无逻辑的个性，是败事的前因，而非成事的条件。
行动时也草率为之，茫然无以为据，到处乱闯，偶有所成，随即败逃，波折难免。
未得先失或得而复失，不重视财物，未能理性对待财物、人生，凭直觉、感觉行事，想到就做，遇挫即收，无法记取失败的教训，因而有履战履败，履败履战的不怕死风骨，成功不易，聚财也难。"
1998-01-22,female,女命,3,1-3点,http://mfsm.kvov.com/fx/1998-01-22/mfsmm-3-2.html,34,67%,本命 疾病宫 坐守 擎羊,一生多皮肉之痛，外伤、骨折、开刀。
1998-01-22,female,女命,3,1-3点,http://mfsm.kvov.com/fx/1998-01-22/mfsmm-3-2.html,35,67%,本命 福德宫 空宫,希望能有段美好的婚姻感情，但是通常难以如愿，往往婚姻感情都需要付出很大的努力。
1998-01-22,female,女命,3,1-3点,http://mfsm.kvov.com/fx/1998-01-22/mfsmm-3-2.html,36,67%,"身宫 坐守 孤辰
身宫 不坐守 命宫",天生孤独命。
1998-01-22,female,女命,3,1-3点,http://mfsm.kvov.com/fx/1998-01-22/mfsmm-3-2.html,37,66%,本命 夫妻宫 双夹 天魁 天钺,能得力于妻族岳家或夫族。
1998-01-22,female,女命,3,1-3点,http://mfsm.kvov.com/fx/1998-01-22/mfsmm-3-2.html,38,66%,本命 交友宫 加会3个及以上 文昌 文曲 左辅 右弼 天魁 天钺,可得朋友帮助。
1998-01-22,female,女命,3,1-3点,http://mfsm.kvov.com/fx/1998-01-22/mfsmm-3-2.html,39,66%,丁年出生,过于计较又严肃，缺乏幽默感，无法谈笑自如且有些自卑感，不然就是会掩饰真象而言过其实，加上疑心病重，所以很难付出真感情，也不容易有浪漫的感情际遇。
1998-01-22,female,女命,3,1-3点,http://mfsm.kvov.com/fx/1998-01-22/mfsmm-3-2.html,40,64%,本命 官禄宫 加会 地劫 地空,一般情况下宜从事较冷僻的行业，或奇兵突出，其营运手法出乎同行的意料之外，唯最忌志大才疏，则终身事业难以振作。
1998-01-22,female,女命,3,1-3点,http://mfsm.kvov.com/fx/1998-01-22/mfsmm-3-2.html,41,64%,本命 田宅宫 坐守 大耗,不继祖业。
1998-01-22,female,女命,3,1-3点,http://mfsm.kvov.com/fx/1998-01-22/mfsmm-3-2.html,42,64%,本命 田宅宫 加会 左辅 右弼,住所附近多服务性机构，或多友好人群。
1998-01-22,female,女命,3,1-3点,http://mfsm.kvov.com/fx/1998-01-22/mfsmm-3-2.html,43,64%,本命 坐守 天姚,交际广与异性交往之机会多、花钱大方、风流潇洒，较注重仪表，会很自然的散发出吸引异性注目关爱的魅力，可说是天生的放电高手，即使不具备美女、俊男的条件，却能以文采、气质、言行表现等肢体语言来赢得青睐及仰慕！
1998-01-22,female,女命,3,1-3点,http://mfsm.kvov.com/fx/1998-01-22/mfsmm-3-2.html,44,64%,本命 子女宫 加会 文昌 文曲,子女聪明。
1998-01-22,female,女命,3,1-3点,http://mfsm.kvov.com/fx/1998-01-22/mfsmm-3-2.html,45,64%,本命 坐守 八座,本人能够抬举别人、帮助别人，也能够获得别人的抬举、帮助。
1998-01-22,female,女命,3,1-3点,http://mfsm.kvov.com/fx/1998-01-22/mfsmm-3-2.html,46,64%,本命 财帛宫 坐守 旬空,财运会因自己而耽误。
1998-01-22,female,女命,3,1-3点,http://mfsm.kvov.com/fx/1998-01-22/mfsmm-3-2.html,47,64%,本命 迁移宫 加会 地劫 地空,朋友交不长久，常变动；或与主管、老板缘薄。
1998-01-22,female,女命,3,1-3点,http://mfsm.kvov.com/fx/1998-01-22/mfsmm-3-2.html,48,63%,"本命 坐守1个及以上 贪狼 廉贞 红鸾 天喜 咸池 天姚 沐浴
本命 加会1个及以上 禄存 化禄",有创造力，可以拥有独特的创意，可通过从事艺术类的工作而发达。
1998-01-22,female,女命,3,1-3点,http://mfsm.kvov.com/fx/1998-01-22/mfsmm-3-2.html,49,62%,本命 加会 咸池 天姚 沐浴,多好色、重婚、性病等。
1998-01-22,female,女命,3,1-3点,http://mfsm.kvov.com/fx/1998-01-22/mfsmm-3-2.html,50,61%,本命 夫妻宫 加会2个及以上 火星 铃星 地劫 地空 陀罗 擎羊,夫妻关系多半不佳，多口舌是非、争吵、冷战甚至会离异。
1998-01-22,female,女命,3,1-3点,http://mfsm.kvov.com/fx/1998-01-22/mfsmm-3-2.html,51,61%,本命 夫妻宫 加会2个及以上 红鸾 天喜 咸池 天姚 沐浴,有选择较潇洒花俏的对象倾向外，在对异性的感情方面，也会较感性和感情较丰富。
1998-01-22,female,女命,3,1-3点,http://mfsm.kvov.com/fx/1998-01-22/mfsmm-3-2.html,52,61%,本命 子宫,善机变，喜投机取巧，热情开朗，乐观，多情，事业因有机巧而容易成功，异性缘好。
1998-01-22,female,女命,3,1-3点,http://mfsm.kvov.com/fx/1998-01-22/mfsmm-3-2.html,53,61%,本命 交友宫 加会2个及以上 左辅 右弼 天魁 天钺 化禄 化权 化科,得正直之友，助力大，并得下属拥护。
1998-01-22,female,女命,3,1-3点,http://mfsm.kvov.com/fx/1998-01-22/mfsmm-3-2.html,54,61%,本命 交友宫 加会2个及以上 火星 铃星 地劫 地空 陀罗 擎羊,多小人、破耗、纠纷、是非，易遭背弃与损害。
1998-01-22,female,女命,3,1-3点,http://mfsm.kvov.com/fx/1998-01-22/mfsmm-3-2.html,55,60%,"本命 官禄宫 坐守1个及以上 火星 铃星
本命 官禄宫 三方四正不见 紫微 贪狼",事业上劳多功少，待遇菲薄，环境恶劣，多转职，虽有工作较难长久。
1998-01-22,female,女命,3,1-3点,http://mfsm.kvov.com/fx/1998-01-22/mfsmm-3-2.html,56,60%,本命 财帛宫 加会 红鸾 天喜,宜经营以异性为顾客的有关行业求财。
1998-01-22,female,女命,3,1-3点,http://mfsm.kvov.com/fx/1998-01-22/mfsmm-3-2.html,57,59%,本命 坐守1个及以上 地劫 地空 大耗,青少年贫困，破财不聚，多浪费消耗，事业发展艰难。
1998-01-22,female,女命,3,1-3点,http://mfsm.kvov.com/fx/1998-01-22/mfsmm-3-2.html,58,59%,本命 官禄宫 坐守1个及以上 火星 铃星,多波折，往往经艰苦而才能底定事业。
1998-01-22,female,女命,3,1-3点,http://mfsm.kvov.com/fx/1998-01-22/mfsmm-3-2.html,59,59%,本命 财帛宫 坐守1个及以上 巨门 天梁 天机,财多由口舌竞争而得。
1998-01-22,female,女命,3,1-3点,http://mfsm.kvov.com/fx/1998-01-22/mfsmm-3-2.html,60,59%,本命 夫妻宫 坐守1个及以上 孤辰 寡宿,一生中易有一段时间因感情不合或工作关系，而与配偶分房或分居。
1998-01-22,female,女命,3,1-3点,http://mfsm.kvov.com/fx/1998-01-22/mfsmm-3-2.html,61,59%,本命 坐守1个及以上 红鸾 天喜 咸池 天姚 沐浴,自身易有异性缘。
1998-01-22,female,女命,3,1-3点,http://mfsm.kvov.com/fx/1998-01-22/mfsmm-3-2.html,62,59%,本命 福德宫 坐守1个及以上 陀罗 天空,不畏挫折，挥霍，灵感佳。
1998-01-22,female,女命,3,1-3点,http://mfsm.kvov.com/fx/1998-01-22/mfsmm-3-2.html,63,59%,本命 坐守1个及以上 地劫 地空,能有一再尝试的心理，可为杰出人才。
1998-01-22,female,女命,3,1-3点,http://mfsm.kvov.com/fx/1998-01-22/mfsmm-3-2.html,64,59%,本命 夫妻宫 坐守1个及以上 地劫 地空 陀罗 擎羊,家庭生活单调，夫妻关系较为冷漠。
1998-01-22,female,女命,3,1-3点,http://mfsm.kvov.com/fx/1998-01-22/mfsmm-3-2.html,65,59%,本命 夫妻宫 坐守1个及以上 贪狼 巨门 破军 七杀 文昌 文曲 左辅 右弼 天魁 天钺 咸池 天姚,易有桃花。
1998-01-22,female,女命,3,1-3点,http://mfsm.kvov.com/fx/1998-01-22/mfsmm-3-2.html,66,59%,本命 坐守1个及以上 咸池 天姚 沐浴,自身必有桃花的困扰。
1998-01-22,female,女命,3,1-3点,http://mfsm.kvov.com/fx/1998-01-22/mfsmm-3-2.html,67,59%,本命 田宅宫 坐守1个及以上 左辅 右弼,住所附近多服务性机构，或多友好人群。
1998-01-22,female,女命,3,1-3点,http://mfsm.kvov.com/fx/1998-01-22/mfsmm-3-2.html,68,55%,"本命 加会1个及以上 火星 铃星
本命 三方四正不见 贪狼",秀而不实福泽有损（富不全），或富贵只得其一，或富不很富，贵不很贵，或因富贵致祸，或人生有其他缺憾。
1998-01-22,female,女命,3,1-3点,http://mfsm.kvov.com/fx/1998-01-22/mfsmm-3-2.html,69,54%,本命 加会1个及以上 火星 铃星,一生容易从事体力、劳力的工作，自身体能也较佳，具爆发力。
1998-01-22,female,女命,3,1-3点,http://mfsm.kvov.com/fx/1998-01-22/mfsmm-3-2.html,70,54%,本命 福德宫 加会1个及以上 孤辰 寡宿,精神空虚，思想独立。
1998-01-22,female,女命,3,1-3点,http://mfsm.kvov.com/fx/1998-01-22/mfsmm-3-2.html,71,50%,身宫 福德宫,"有钱花在自己身上，满足于娱乐，比较爱享受，享福，注重生活品质，可能会有些缺乏积极进取，努力奋斗的精神，可能会承袭祖上余荫之生活方式，不愿去做改变。
或一生辛劳，过着闷闷不乐的生活；或有钱不会花，为守财奴；或能知足常乐。"
1998-01-22,female,女命,5,3-5点,http://mfsm.kvov.com/fx/1998-01-22/mfsmm-5-2.html,1,84%,本命 坐守 贪狼 廉贞,婚姻多不利，易藕断丝连。
1998-01-22,female,女命,5,3-5点,http://mfsm.kvov.com/fx/1998-01-22/mfsmm-5-2.html,2,84%,"本命 坐守 贪狼
身宫 坐守1个及以上 破军 七杀
本命 加会1个及以上 化忌 陀罗 擎羊",多浮荡、好色，或有不良嗜好。
1998-01-22,female,女命,5,3-5点,http://mfsm.kvov.com/fx/1998-01-22/mfsmm-5-2.html,3,84%,本命 田宅宫 坐守 天梁 天同,可从事物业买卖。
1998-01-22,female,女命,5,3-5点,http://mfsm.kvov.com/fx/1998-01-22/mfsmm-5-2.html,4,84%,本命 财帛宫 坐守 紫微 破军,一生必可得一次意外财，得财后流年牛年或羊年时，即生极大破耗，发财后又妄图开创，致破败。
1998-01-22,female,女命,5,3-5点,http://mfsm.kvov.com/fx/1998-01-22/mfsmm-5-2.html,5,84%,本命 官禄宫 坐守 武曲 七杀,横立功名。
1998-01-22,female,女命,5,3-5点,http://mfsm.kvov.com/fx/1998-01-22/mfsmm-5-2.html,6,83%,"本命 夫妻宫 坐守 天府 天钺
本命 夫妻宫 不坐守 天魁",易有外情。
1998-01-22,female,女命,5,3-5点,http://mfsm.kvov.com/fx/1998-01-22/mfsmm-5-2.html,7,82%,"本命 官禄宫 坐守 武曲
本命 官禄宫 加会2个及以上 化忌 地劫 地空 陀罗 擎羊",功名无望。
1998-01-22,female,女命,5,3-5点,http://mfsm.kvov.com/fx/1998-01-22/mfsmm-5-2.html,8,82%,"本命 坐守 廉贞
本命 财帛宫 加会2个及以上 化忌 火星 铃星 地劫 地空 陀罗 擎羊",无偏财，不宜彩券，遭窃，因赌而输。
1998-01-22,female,女命,5,3-5点,http://mfsm.kvov.com/fx/1998-01-22/mfsmm-5-2.html,9,82%,"本命 坐守 廉贞
本命 加会2个及以上 化忌 擎羊 陀罗 火星 铃星 地劫 地空",尖下巴，眉宽，口阔，颧高。
1998-01-22,female,女命,5,3-5点,http://mfsm.kvov.com/fx/1998-01-22/mfsmm-5-2.html,10,82%,"本命 坐守 贪狼
本命 加会2个及以上 擎羊 陀罗 火星 铃星 地劫 地空",有烟酒癖好。
1998-01-22,female,女命,5,3-5点,http://mfsm.kvov.com/fx/1998-01-22/mfsmm-5-2.html,11,82%,"本命 官禄宫 坐守 武曲
本命 官禄宫 加会 天马
本命 官禄宫 三方四正不见 禄存 化禄",流动生财。
1998-01-22,female,女命,5,3-5点,http://mfsm.kvov.com/fx/1998-01-22/mfsmm-5-2.html,12,82%,"本命 命宫 坐守 廉贞
本命 加会2个及以上 化忌 擎羊 陀罗 火星 铃星 地劫 地空 天刑",鼻露孔，腮露橫骨。
1998-01-22,female,女命,5,3-5点,http://mfsm.kvov.com/fx/1998-01-22/mfsmm-5-2.html,13,82%,本命 亥宫 坐守 廉贞,自身易因桃花惹祸。
1998-01-22,female,女命,5,3-5点,http://mfsm.kvov.com/fx/1998-01-22/mfsmm-5-2.html,14,82%,"本命 财帛宫 坐守 破军
本命 财帛宫 加会2个及以上 化忌 火星 铃星 地劫 地空 陀罗 擎羊",自己开创财源之后，跟随者也必众。易引起极大竞争。
1998-01-22,female,女命,5,3-5点,http://mfsm.kvov.com/fx/1998-01-22/mfsmm-5-2.html,15,81%,"本命 财帛宫 坐守 破军 擎羊
本命 财帛宫 三方四正不见 地空 陀罗 天刑",横发。由横夺而来。是非纠纷甚大。
1998-01-22,female,女命,5,3-5点,http://mfsm.kvov.com/fx/1998-01-22/mfsmm-5-2.html,16,80%,"本命 夫妻宫 坐守 天府
本命 夫妻宫 坐守1个及以上 地劫 地空 天空",自身孤独。
1998-01-22,female,女命,5,3-5点,http://mfsm.kvov.com/fx/1998-01-22/mfsmm-5-2.html,17,79%,"本命 加会 贪狼
本命 加会1个及以上 火星 铃星
本命 加会1个及以上 陀罗 擎羊
本命 加会2个及以下 文昌 文曲 左辅 右弼 天魁 天钺",横发后立即横破。
1998-01-22,female,女命,5,3-5点,http://mfsm.kvov.com/fx/1998-01-22/mfsmm-5-2.html,18,77%,"本命 加会 武曲 陀罗 擎羊
本命 加会1个及以上 火星 铃星",防因财丧命。
1998-01-22,female,女命,5,3-5点,http://mfsm.kvov.com/fx/1998-01-22/mfsmm-5-2.html,19,76%,本命 加会 武曲 七杀 天厨,可经营饮食业。
1998-01-22,female,女命,5,3-5点,http://mfsm.kvov.com/fx/1998-01-22/mfsmm-5-2.html,20,75%,"本命 坐守 廉贞
本命 加会1个及以上 陀罗 擎羊",身体多伤灾，或与人争斗受伤。
1998-01-22,female,女命,5,3-5点,http://mfsm.kvov.com/fx/1998-01-22/mfsmm-5-2.html,21,75%,"本命 坐守 廉贞
本命 加会1个及以上 火星 铃星",为人冲动。
1998-01-22,female,女命,5,3-5点,http://mfsm.kvov.com/fx/1998-01-22/mfsmm-5-2.html,22,75%,"本命 坐守 贪狼
本命 加会1个及以上 化忌 擎羊 陀罗 火星 铃星",物欲很深，容易服药赌博、贪花好酒。
1998-01-22,female,女命,5,3-5点,http://mfsm.kvov.com/fx/1998-01-22/mfsmm-5-2.html,23,75%,"本命 坐守 廉贞
本命 加会1个及以上 文昌 文曲 化科 龙池 凤阁 天才",好礼义。
1998-01-22,female,女命,5,3-5点,http://mfsm.kvov.com/fx/1998-01-22/mfsmm-5-2.html,24,75%,"本命 坐守 贪狼
本命 加会1个及以上 火星 铃星",财禄丰厚有突破性的发展。易突然发财。
1998-01-22,female,女命,5,3-5点,http://mfsm.kvov.com/fx/1998-01-22/mfsmm-5-2.html,25,74%,本命 命宫 加会 贪狼 廉贞,有色彩感，爱好艺术，喜运动或跳舞。
1998-01-22,female,女命,5,3-5点,http://mfsm.kvov.com/fx/1998-01-22/mfsmm-5-2.html,26,73%,"本命 加会 贪狼
本命 加会1个及以上 火星 铃星
本命 加会1个及以上 陀罗 擎羊",爆发之后产生竞争，伏下暴败之机，必须及时采取保守方针，放弃与对手竞争，然后才可趋吉避凶。
1998-01-22,female,女命,5,3-5点,http://mfsm.kvov.com/fx/1998-01-22/mfsmm-5-2.html,27,73%,"本命 坐守1个及以上 贪狼 廉贞 红鸾 天喜 咸池 天姚 沐浴
本命 夫妻宫 加会 地劫 地空","会因配偶或本身外遇而蒙受损失。
通常是惯性外遇，一生中可能重复发生，直至家败人散。"
1998-01-22,female,女命,5,3-5点,http://mfsm.kvov.com/fx/1998-01-22/mfsmm-5-2.html,28,71%,本命 夫妻宫 坐守 天府,另一伴一般头脑灵活，且个性温和，彼此有共识。
1998-01-22,female,女命,5,3-5点,http://mfsm.kvov.com/fx/1998-01-22/mfsmm-5-2.html,29,71%,身宫 坐守 七杀,"多白手兴家，崛起于草莽，或身无分文转瞬却腰缠万贯，或功成名就之中却又一朝暴败，钱财散尽。
经商从公皆可，经商宜以经营实业，若投机有倾家荡产之危险。
多从事开创性的行业具危险性之工作，如建筑业、重工业、生产业、机械、车辆、运输、医师、格斗武术、运动员、警察、军人、证券、金融、外销、公司老板、实业家等。"
1998-01-22,female,女命,5,3-5点,http://mfsm.kvov.com/fx/1998-01-22/mfsmm-5-2.html,30,71%,本命 兄弟宫 坐守 化禄,"兄弟姊妹之间，彼此有缘、手足情深。
借兄弟姊妹之力较易得食禄、财富。
在私人机构或经营、买卖不动产，得食禄、财富。"
1998-01-22,female,女命,5,3-5点,http://mfsm.kvov.com/fx/1998-01-22/mfsmm-5-2.html,31,71%,本命 坐守 廉贞,"重感情，欠理智，有风度，有可能任情放纵，幽默，可是内心却主观极强，不易对人迁就。
有美术的爱好，特别倾向于书画。
在交际场合中略带幽默，不可见他轻松幽默就以为在公事上好说话，实际上很可能有一派[公事公办]的脾气。
宜从事建筑行业。"
1998-01-22,female,女命,5,3-5点,http://mfsm.kvov.com/fx/1998-01-22/mfsmm-5-2.html,32,71%,本命 交友宫 坐守 太阳,"为下属、为朋友，做过好事，也得不到多谢，回报更不必论了，反而遭到怪责和埋怨。
朋友众多，下属众多，自身亦对他们有所帮助，只是不得好感。"
1998-01-22,female,女命,5,3-5点,http://mfsm.kvov.com/fx/1998-01-22/mfsmm-5-2.html,33,71%,本命 官禄宫 坐守 七杀,"必须注意后天培养，以人和为第一，技能训练次之，缺此二者，则虽有作为，也难有大成，后天修养不同，影响实际命运甚大。
工厂管理，也可为大企业人事部门，凡管理，必须恩威并济，威有余而恩不足，工作辛劳，凡事必须亲力亲为，即使下属从多，仍难安逸。"
1998-01-22,female,女命,5,3-5点,http://mfsm.kvov.com/fx/1998-01-22/mfsmm-5-2.html,34,71%,本命 官禄宫 坐守 武曲,适宜武职，即军人、警察及其他刑法纪律部队，经商，可从事营业工作，推销商品和推销各种服务。
1998-01-22,female,女命,5,3-5点,http://mfsm.kvov.com/fx/1998-01-22/mfsmm-5-2.html,35,71%,本命 财帛宫 坐守 紫微,财缘稳定，属正当之财，一生不愁钱财。
1998-01-22,female,女命,5,3-5点,http://mfsm.kvov.com/fx/1998-01-22/mfsmm-5-2.html,36,71%,本命 坐守 贪狼,个人主观意识较强，喜欢自己拿主意，不爱听别人指手画脚，尽量增加个人工作、学习、思考的时间，如此一来，成就才会更大。
1998-01-22,female,女命,5,3-5点,http://mfsm.kvov.com/fx/1998-01-22/mfsmm-5-2.html,37,71%,本命 命宫 坐守 廉贞,多言，眼神露光，眼眉露骨，两颧露棱。
1998-01-22,female,女命,5,3-5点,http://mfsm.kvov.com/fx/1998-01-22/mfsmm-5-2.html,38,71%,本命 疾病宫 坐守 禄存,"可能会有结石病，应改正不良的饮食习惯。
“少年多灾”，意思是二十岁前身体不好，易得病，年龄增大后会好很多。
适合上班受薪，表示可以由领导、上级给自己发薪水。
如果命宫的格局较大，或者其余宫位的组合非常吉利，也能够创业致富。"
1998-01-22,female,女命,5,3-5点,http://mfsm.kvov.com/fx/1998-01-22/mfsmm-5-2.html,39,71%,本命 父母宫 坐守 化忌,与父母观念有代沟，心意表达孝顺，较无钱财孝意，不能为人做担保。
1998-01-22,female,女命,5,3-5点,http://mfsm.kvov.com/fx/1998-01-22/mfsmm-5-2.html,40,71%,"本命 坐守 天马
本命 夫妻宫 加会1个及以上 地劫 地空 天空 旬空",易终身奔走。
1998-01-22,female,女命,5,3-5点,http://mfsm.kvov.com/fx/1998-01-22/mfsmm-5-2.html,41,71%,本命 田宅宫 坐守 化权,有不动产，不管有无祖产，喜购不动产，且房饰较喜摆阔，在家里喜掌权与家人有争执。
1998-01-22,female,女命,5,3-5点,http://mfsm.kvov.com/fx/1998-01-22/mfsmm-5-2.html,42,71%,本命 田宅宫 坐守 天同,白手兴家，可以置业。没有祖业承继，但却可以自置物业。
1998-01-22,female,女命,5,3-5点,http://mfsm.kvov.com/fx/1998-01-22/mfsmm-5-2.html,43,71%,本命 福德宫 坐守 天相,男命易为金钱交易，女命易在社会上混的、或与男人接触比较多的行业。带财桃花，易因对方有钱而发生。
1998-01-22,female,女命,5,3-5点,http://mfsm.kvov.com/fx/1998-01-22/mfsmm-5-2.html,44,71%,本命 财帛宫 坐守 破军,钱财起伏大，有一阵没一阵的。
1998-01-22,female,女命,5,3-5点,http://mfsm.kvov.com/fx/1998-01-22/mfsmm-5-2.html,45,71%,本命 疾病宫 坐守 化科,聪明、幽默、风趣、风度、脾气好，健康上无大灾大难，能逢凶化吉，化险为夷，身材匀称，爱打扮。
1998-01-22,female,女命,5,3-5点,http://mfsm.kvov.com/fx/1998-01-22/mfsmm-5-2.html,46,70%,"本命 财帛宫 坐守1个及以上 贪狼 巨门 破军 天梁 七杀 天机
本命 财帛宫 加会2个及以上 化忌 火星 铃星 地劫 地空 陀罗 擎羊",多为好赌之辈，可能血本无归。
1998-01-22,female,女命,5,3-5点,http://mfsm.kvov.com/fx/1998-01-22/mfsmm-5-2.html,47,69%,"本命 加会 贪狼
本命 加会1个及以上 化忌 陀罗 擎羊",多感情复杂之纠纷。
1998-01-22,female,女命,5,3-5点,http://mfsm.kvov.com/fx/1998-01-22/mfsmm-5-2.html,48,69%,"本命 加会 贪狼
本命 加会1个及以上 陀罗 擎羊",不宜投机，有也易横发横破。
1998-01-22,female,女命,5,3-5点,http://mfsm.kvov.com/fx/1998-01-22/mfsmm-5-2.html,49,68%,"本命 坐守1个及以上 贪狼 七杀
身宫 坐守1个及以上 贪狼 七杀",男多有窃盗，女多有不正之情，不易有婚姻。
1998-01-22,female,女命,5,3-5点,http://mfsm.kvov.com/fx/1998-01-22/mfsmm-5-2.html,50,67%,本命 福德宫 坐守 地劫,多悲观，多空想，劳多成少，理想与现实脱节，进取心不强，凡事易中途而废。在婚姻或感情中，就很容易出现感情淡薄，或是觉得另一半不如期待的情况。
1998-01-22,female,女命,5,3-5点,http://mfsm.kvov.com/fx/1998-01-22/mfsmm-5-2.html,51,67%,本命 坐守 天魁,"圆脸、面短，额与地阁(即下巴两侧)均呈圆形，有威仪。
地阁尖方，或尖圆而小，中矮身材，微瘦。"
1998-01-22,female,女命,5,3-5点,http://mfsm.kvov.com/fx/1998-01-22/mfsmm-5-2.html,52,67%,本命 夫妻宫 坐守 天钺,配偶长相不错，体贴有责任感，人际关系好，外缘佳，常受到贵人的帮助。不过，中晚年后夫妻容易有隔阂，因而感情受到波折。自身异性缘佳，易有桃花、外遇，常常受到异性或配偶的帮助。
1998-01-22,female,女命,5,3-5点,http://mfsm.kvov.com/fx/1998-01-22/mfsmm-5-2.html,53,67%,本命 坐守 天马,中等身材，不瘦，额角高耸饱满。
1998-01-22,female,女命,5,3-5点,http://mfsm.kvov.com/fx/1998-01-22/mfsmm-5-2.html,54,67%,本命 夫妻宫 坐守 地空,会晚婚，知音难求。晚年可能孤独，配偶不在身边。
1998-01-22,female,女命,5,3-5点,http://mfsm.kvov.com/fx/1998-01-22/mfsmm-5-2.html,55,67%,本命 坐守 右弼,中矮身材，有痣，或有斑点，地阁尖方，或尖圆。
1998-01-22,female,女命,5,3-5点,http://mfsm.kvov.com/fx/1998-01-22/mfsmm-5-2.html,56,67%,本命 迁移宫 坐守 陀罗,出外发展不得力，不得人缘，懒散，不爱外出。
1998-01-22,female,女命,5,3-5点,http://mfsm.kvov.com/fx/1998-01-22/mfsmm-5-2.html,57,67%,本命 财帛宫 坐守 擎羊,求财，竞争大。
1998-01-22,female,女命,5,3-5点,http://mfsm.kvov.com/fx/1998-01-22/mfsmm-5-2.html,58,66%,丁年出生,过于计较又严肃，缺乏幽默感，无法谈笑自如且有些自卑感，不然就是会掩饰真象而言过其实，加上疑心病重，所以很难付出真感情，也不容易有浪漫的感情际遇。
1998-01-22,female,女命,5,3-5点,http://mfsm.kvov.com/fx/1998-01-22/mfsmm-5-2.html,59,66%,本命 加会3个及以上 化忌 火星 铃星 地劫 地空 陀罗 擎羊,兄弟姐妹体弱，或刑克分离，甚至无兄弟姐妹。
1998-01-22,female,女命,5,3-5点,http://mfsm.kvov.com/fx/1998-01-22/mfsmm-5-2.html,60,64%,本命 福德宫 加会 地劫 地空,兴趣爱好、生活习惯较为特殊。
1998-01-22,female,女命,5,3-5点,http://mfsm.kvov.com/fx/1998-01-22/mfsmm-5-2.html,61,64%,本命 坐守 天巫,遗产，或升迁。
1998-01-22,female,女命,5,3-5点,http://mfsm.kvov.com/fx/1998-01-22/mfsmm-5-2.html,62,64%,本命 财帛宫 加会 左辅 右弼,衣禄丰隆，可凭别人助力求财，可考虑独立经营。
1998-01-22,female,女命,5,3-5点,http://mfsm.kvov.com/fx/1998-01-22/mfsmm-5-2.html,63,64%,本命 夫妻宫 加会 地劫 地空,夫妻或因为周遭因素不能常相聚。
1998-01-22,female,女命,5,3-5点,http://mfsm.kvov.com/fx/1998-01-22/mfsmm-5-2.html,64,64%,本命 财帛宫 坐守 大耗,财来财去，不能累积，做生意则容易亏蚀。
1998-01-22,female,女命,5,3-5点,http://mfsm.kvov.com/fx/1998-01-22/mfsmm-5-2.html,65,64%,本命 夫妻宫 坐守 凤阁,对于另一半的要求会比较高，尤其希望对方能拥有绝佳的气质风范，只要是不符合他们要求的人就会被三振出局，所以最后选择的对象，通常也都会是一时之选。
1998-01-22,female,女命,5,3-5点,http://mfsm.kvov.com/fx/1998-01-22/mfsmm-5-2.html,66,64%,本命 坐守 天福,福寿。
1998-01-22,female,女命,5,3-5点,http://mfsm.kvov.com/fx/1998-01-22/mfsmm-5-2.html,67,64%,本命 加会 左辅 右弼,有先天助力，如易结交益友，易得下属助力，无须刻意寻找。
1998-01-22,female,女命,5,3-5点,http://mfsm.kvov.com/fx/1998-01-22/mfsmm-5-2.html,68,64%,本命 迁移宫 加会 地劫 地空,朋友交不长久，常变动；或与主管、老板缘薄。
1998-01-22,female,女命,5,3-5点,http://mfsm.kvov.com/fx/1998-01-22/mfsmm-5-2.html,69,64%,本命 福德宫 加会 火星 地空,灵感多、感悟多，也表示思想不随俗。
1998-01-22,female,女命,5,3-5点,http://mfsm.kvov.com/fx/1998-01-22/mfsmm-5-2.html,70,61%,本命 夫妻宫 加会2个及以上 火星 铃星 地劫 地空 陀罗 擎羊,夫妻关系多半不佳，多口舌是非、争吵、冷战甚至会离异。
1998-01-22,female,女命,5,3-5点,http://mfsm.kvov.com/fx/1998-01-22/mfsmm-5-2.html,71,61%,本命 加会2个及以上 化忌 地劫 地空 陀罗 擎羊,秀而不实福泽有损（富不全），或富贵只得其一，或富不很富，贵不很贵，或因富贵致祸，或人生有其他缺憾。
1998-01-22,female,女命,5,3-5点,http://mfsm.kvov.com/fx/1998-01-22/mfsmm-5-2.html,72,61%,本命 迁移宫 加会2个及以上 左辅 右弼 天魁 天钺,工作职业，外出多得贵人扶助，逢凶化吉，而发财。动中每得贵人扶助，逢凶化吉。
1998-01-22,female,女命,5,3-5点,http://mfsm.kvov.com/fx/1998-01-22/mfsmm-5-2.html,73,59%,本命 父母宫 坐守1个及以上 火星 铃星 陀罗 擎羊,父母之一有疾病在身。
1998-01-22,female,女命,5,3-5点,http://mfsm.kvov.com/fx/1998-01-22/mfsmm-5-2.html,74,59%,本命 迁移宫 坐守1个及以上 化忌 陀罗 擎羊,一般表示本人社交能力不强，也无法通过社交获得好处。
1998-01-22,female,女命,5,3-5点,http://mfsm.kvov.com/fx/1998-01-22/mfsmm-5-2.html,75,59%,本命 夫妻宫 坐守1个及以上 贪狼 巨门 破军 七杀 文昌 文曲 左辅 右弼 天魁 天钺 咸池 天姚,易有桃花。
1998-01-22,female,女命,5,3-5点,http://mfsm.kvov.com/fx/1998-01-22/mfsmm-5-2.html,76,59%,本命 福德宫 坐守1个及以上 地劫 地空,思想独特。
1998-01-22,female,女命,5,3-5点,http://mfsm.kvov.com/fx/1998-01-22/mfsmm-5-2.html,77,59%,本命 夫妻宫 坐守1个及以上 火星 铃星 地劫 地空 陀罗 擎羊,配偶往往多有特殊个性或刚强，有主见，有时会增加婚姻的纠纷与争执，多多少少有些困扰。
1998-01-22,female,女命,5,3-5点,http://mfsm.kvov.com/fx/1998-01-22/mfsmm-5-2.html,78,59%,本命 夫妻宫 坐守1个及以上 地劫 地空 陀罗 擎羊,家庭生活单调，夫妻关系较为冷漠。
1998-01-22,female,女命,5,3-5点,http://mfsm.kvov.com/fx/1998-01-22/mfsmm-5-2.html,79,59%,本命 子女宫 坐守1个及以上 红鸾 天喜,女多子少。
1998-01-22,female,女命,5,3-5点,http://mfsm.kvov.com/fx/1998-01-22/mfsmm-5-2.html,80,58%,本命 坐守 奏书,必擅文字。
1998-01-22,female,女命,5,3-5点,http://mfsm.kvov.com/fx/1998-01-22/mfsmm-5-2.html,81,58%,本命 迁移宫 坐守 长生,活动力较强，善于表现自己，易获得名气。
1998-01-22,female,女命,5,3-5点,http://mfsm.kvov.com/fx/1998-01-22/mfsmm-5-2.html,82,54%,本命 加会1个及以上 龙池 凤阁,有骄傲、高洁、不随俗的特性。
1998-01-22,female,女命,5,3-5点,http://mfsm.kvov.com/fx/1998-01-22/mfsmm-5-2.html,83,54%,本命 加会1个及以上 火星 铃星,一生容易从事体力、劳力的工作，自身体能也较佳，具爆发力。
1998-01-22,female,女命,5,3-5点,http://mfsm.kvov.com/fx/1998-01-22/mfsmm-5-2.html,84,54%,本命 加会1个及以上 左辅 右弼 天魁 天钺,能得朋友提携、相助之力。
1998-01-22,female,女命,5,3-5点,http://mfsm.kvov.com/fx/1998-01-22/mfsmm-5-2.html,85,50%,身宫 官禄宫,事业心较重之人，一生行事以追求事业成就为目标，热衷于名位，对事业执着，有责任心、事业心，重视荣誉，有野心，做事能力强。
1998-01-22,female,女命,7,5-7点,http://mfsm.kvov.com/fx/1998-01-22/mfsmm-7-2.html,1,82%,"本命 坐守 太阴
本命 加会2个及以上 沐浴 红鸾 天喜 咸池 天姚",博学多才，流连花酒风月，多为风流文士。
1998-01-22,female,女命,7,5-7点,http://mfsm.kvov.com/fx/1998-01-22/mfsmm-7-2.html,2,81%,"本命 子女宫 坐守 紫微
本命 子女宫 加会 天马",子女远离足下。
1998-01-22,female,女命,7,5-7点,http://mfsm.kvov.com/fx/1998-01-22/mfsmm-7-2.html,3,80%,本命 子女宫 坐守 紫微 擎羊,如与子女不克、破相，则父子之情不浓厚，或生前无法享受子女的孝养。
1998-01-22,female,女命,7,5-7点,http://mfsm.kvov.com/fx/1998-01-22/mfsmm-7-2.html,4,75%,"本命 官禄宫 坐守 天同
本命 官禄宫 加会1个及以上 文昌 文曲 化科 天才",宜文艺工作。
1998-01-22,female,女命,7,5-7点,http://mfsm.kvov.com/fx/1998-01-22/mfsmm-7-2.html,5,75%,"本命 官禄宫 坐守 天同
本命 官禄宫 加会1个及以上 红鸾 天喜 咸池 天姚 沐浴",可向艺术发展。
1998-01-22,female,女命,7,5-7点,http://mfsm.kvov.com/fx/1998-01-22/mfsmm-7-2.html,6,75%,"本命 子女宫 坐守 紫微
本命 子女宫 加会1个及以上 左辅 右弼",子女对你有助力。
1998-01-22,female,女命,7,5-7点,http://mfsm.kvov.com/fx/1998-01-22/mfsmm-7-2.html,7,75%,"本命 坐守 太阴
本命 加会1个及以上 地劫 地空",自身往往多幻想，不满现状，易成为人生挫败的根源，女命尤须防因此影响感情生活。
1998-01-22,female,女命,7,5-7点,http://mfsm.kvov.com/fx/1998-01-22/mfsmm-7-2.html,8,75%,"本命 坐守 太阴
本命 加会1个及以上 禄存 化禄",富。
1998-01-22,female,女命,7,5-7点,http://mfsm.kvov.com/fx/1998-01-22/mfsmm-7-2.html,9,75%,"本命 坐守 太阴
本命 加会1个及以上 火星 铃星",多感情困扰，多耗财，因灾祸受伤。
1998-01-22,female,女命,7,5-7点,http://mfsm.kvov.com/fx/1998-01-22/mfsmm-7-2.html,10,74%,本命 财帛宫 加会 禄存 化禄,财能积储。
1998-01-22,female,女命,7,5-7点,http://mfsm.kvov.com/fx/1998-01-22/mfsmm-7-2.html,11,74%,本命 加会 太阳 太阴,刚柔相济，大度，豪迈。
1998-01-22,female,女命,7,5-7点,http://mfsm.kvov.com/fx/1998-01-22/mfsmm-7-2.html,12,72%,"本命 交友宫 坐守 七杀
本命 交友宫 三方四正不见 禄存 化禄",友人及下属无助力。
1998-01-22,female,女命,7,5-7点,http://mfsm.kvov.com/fx/1998-01-22/mfsmm-7-2.html,13,72%,本命 交友宫 加会 左辅 右弼 天魁 天钺,可获得朋友之助。
1998-01-22,female,女命,7,5-7点,http://mfsm.kvov.com/fx/1998-01-22/mfsmm-7-2.html,14,71%,本命 官禄宫 坐守 化权,工作事业上较能展现才华，较能掌权，喜欢掌权，有领导管理才能，喜欢开创事业或开发新产品、新事业。
1998-01-22,female,女命,7,5-7点,http://mfsm.kvov.com/fx/1998-01-22/mfsmm-7-2.html,15,71%,本命 福德宫 坐守 化忌,有福较不会享，较劳心、劳碌，难得清闲，有祖荫。
1998-01-22,female,女命,7,5-7点,http://mfsm.kvov.com/fx/1998-01-22/mfsmm-7-2.html,16,71%,本命 财帛宫 坐守 天机,"机会常一瞬即逝，非注意把握，当机立断不可。
财帛有变动或波动，通常表现为财来去，难以积存，倾向于劳心求财。"
1998-01-22,female,女命,7,5-7点,http://mfsm.kvov.com/fx/1998-01-22/mfsmm-7-2.html,17,71%,本命 福德宫 坐守 巨门,凡事轻于决定，然后生追悔之心，或喜事事亲力亲为，事无大小皆必过问。
1998-01-22,female,女命,7,5-7点,http://mfsm.kvov.com/fx/1998-01-22/mfsmm-7-2.html,18,71%,本命 财帛宫 坐守 化科,理财能力佳，有计划性，上班领薪奉俸，或从事文教，收入较平稳，一辈子较不会为财所困，夫妻对待和睦。
1998-01-22,female,女命,7,5-7点,http://mfsm.kvov.com/fx/1998-01-22/mfsmm-7-2.html,19,71%,本命 田宅宫 坐守 天相,田宅对风水相当敏感。
1998-01-22,female,女命,7,5-7点,http://mfsm.kvov.com/fx/1998-01-22/mfsmm-7-2.html,20,71%,本命 坐守 太阴,内向，善用心计，温和耿直，聪明机敏，男命多优秀，女命多端庄，宜从事公教职务，或文化文艺事业。
1998-01-22,female,女命,7,5-7点,http://mfsm.kvov.com/fx/1998-01-22/mfsmm-7-2.html,21,71%,本命 坐守 化禄,"福禄、食禄、财富，此生较不缺。
人缘不错，主动打招呼。
智商高、有才华。
忙碌中得食禄、财富。
乐於助人、乐善好施，""明女时来，有如井水""。"
1998-01-22,female,女命,7,5-7点,http://mfsm.kvov.com/fx/1998-01-22/mfsmm-7-2.html,22,71%,本命 交友宫 坐守 武曲,交游不广，下属无力。
1998-01-22,female,女命,7,5-7点,http://mfsm.kvov.com/fx/1998-01-22/mfsmm-7-2.html,23,71%,本命 官禄宫 坐守 天同,事业必由白手创兴，纵有父业也难承继，须经历困难然后始事业有成，适宜经营美观或带享受色彩的行业。
1998-01-22,female,女命,7,5-7点,http://mfsm.kvov.com/fx/1998-01-22/mfsmm-7-2.html,24,71%,本命 迁移宫 坐守 太阳,不利祖业，离乡背井才能够发福。
1998-01-22,female,女命,7,5-7点,http://mfsm.kvov.com/fx/1998-01-22/mfsmm-7-2.html,25,71%,本命 子女宫 坐守 紫微,迟得子，门生弟子以及追随自己的晚辈少，也以迟得为宜。
1998-01-22,female,女命,7,5-7点,http://mfsm.kvov.com/fx/1998-01-22/mfsmm-7-2.html,26,71%,本命 官禄宫 坐守 天梁,必须努力争取学历、资历。
1998-01-22,female,女命,7,5-7点,http://mfsm.kvov.com/fx/1998-01-22/mfsmm-7-2.html,27,71%,本命 交友宫 坐守 七杀,多落落寡合，故不宜与人合作事业，也不宜听信谗言。
1998-01-22,female,女命,7,5-7点,http://mfsm.kvov.com/fx/1998-01-22/mfsmm-7-2.html,28,70%,"本命 财帛宫 坐守1个及以上 贪狼 巨门 破军 天梁 七杀 天机
本命 财帛宫 加会2个及以上 化忌 火星 铃星 地劫 地空 陀罗 擎羊",多为好赌之辈，可能血本无归。
1998-01-22,female,女命,7,5-7点,http://mfsm.kvov.com/fx/1998-01-22/mfsmm-7-2.html,29,67%,本命 夫妻宫 坐守 地空,会晚婚，知音难求。晚年可能孤独，配偶不在身边。
1998-01-22,female,女命,7,5-7点,http://mfsm.kvov.com/fx/1998-01-22/mfsmm-7-2.html,30,67%,本命 独坐 太阴,"面色青白或略带青黄，内向，聪明敏感，喜用心计，多思多虑，外表端庄温和，神色间雅。
对女亲不利，白天出生的人严重，晚上出生的人较佳。"
1998-01-22,female,女命,7,5-7点,http://mfsm.kvov.com/fx/1998-01-22/mfsmm-7-2.html,31,67%,本命 夫妻宫 空宫,眼光过高，总是很难遇到合适的人。老伴往往与年轻时的伴侣不同一人，无法从一而终。
1998-01-22,female,女命,7,5-7点,http://mfsm.kvov.com/fx/1998-01-22/mfsmm-7-2.html,32,66%,本命 财帛宫 加会3个及以上 化忌 火星 铃星 地劫 地空 陀罗 擎羊,钱财必有大破败的情况，纵发一时之财，也会因财致祸，多财务纠纷，财不能久留。
1998-01-22,female,女命,7,5-7点,http://mfsm.kvov.com/fx/1998-01-22/mfsmm-7-2.html,33,66%,本命 双夹 天魁 天钺,一生多贵人助力，多获典章文物制度好处。
1998-01-22,female,女命,7,5-7点,http://mfsm.kvov.com/fx/1998-01-22/mfsmm-7-2.html,34,66%,丁年出生,过于计较又严肃，缺乏幽默感，无法谈笑自如且有些自卑感，不然就是会掩饰真象而言过其实，加上疑心病重，所以很难付出真感情，也不容易有浪漫的感情际遇。
1998-01-22,female,女命,7,5-7点,http://mfsm.kvov.com/fx/1998-01-22/mfsmm-7-2.html,35,66%,本命 交友宫 加会3个及以上 文昌 文曲 左辅 右弼 天魁 天钺,可得朋友帮助。
1998-01-22,female,女命,7,5-7点,http://mfsm.kvov.com/fx/1998-01-22/mfsmm-7-2.html,36,64%,本命 官禄宫 加会 地劫 地空,一般情况下宜从事较冷僻的行业，或奇兵突出，其营运手法出乎同行的意料之外，唯最忌志大才疏，则终身事业难以振作。
1998-01-22,female,女命,7,5-7点,http://mfsm.kvov.com/fx/1998-01-22/mfsmm-7-2.html,37,64%,本命 福德宫 加会 火星 地空,灵感多、感悟多，也表示思想不随俗。
1998-01-22,female,女命,7,5-7点,http://mfsm.kvov.com/fx/1998-01-22/mfsmm-7-2.html,38,64%,本命 加会 天魁 天钺,有学识，高学历，端庄，一生多助人，也多得众人相助，能逢凶化吉，遇难呈祥。
1998-01-22,female,女命,7,5-7点,http://mfsm.kvov.com/fx/1998-01-22/mfsmm-7-2.html,39,64%,本命 夫妻宫 坐守 天喜,另一半本身长得好看，开朗乐观，异性缘佳，人际关系良好，但容易有桃花，要多注意。
1998-01-22,female,女命,7,5-7点,http://mfsm.kvov.com/fx/1998-01-22/mfsmm-7-2.html,40,64%,本命 夫妻宫 加会 地劫 地空,夫妻或因为周遭因素不能常相聚。
1998-01-22,female,女命,7,5-7点,http://mfsm.kvov.com/fx/1998-01-22/mfsmm-7-2.html,41,64%,本命 子女宫 加会 文昌 文曲,子女聪明。
1998-01-22,female,女命,7,5-7点,http://mfsm.kvov.com/fx/1998-01-22/mfsmm-7-2.html,42,61%,本命 加会2个及以上 红鸾 天喜 咸池 天姚 沐浴,"长相不赖，举止斯文得体，善于在有意无意间释放魅力，人缘好，能得到异性的青睐，处事的手腕圆滑，能接受新观念，即使不放电，也满容易得到异性的怜爱与包容。
由于思维细腻，第六感敏锐，才华洋溢，好高骛远，对于浪漫的爱情生活十分积极主动，也十分向往，善用智慧及创意才华来赚钱。
偏财运及横财运好，也十分喜欢钱财，会追求高收入以满足自己的生活品味及兴趣爱好。有完美主义的刚烈个性，很有企图心，拼劲十足，韧性很强，能够不畏困难完成使命，努力追求自我成就。"
1998-01-22,female,女命,7,5-7点,http://mfsm.kvov.com/fx/1998-01-22/mfsmm-7-2.html,43,61%,本命 夫妻宫 加会2个及以上 红鸾 天喜 咸池 天姚 沐浴,有选择较潇洒花俏的对象倾向外，在对异性的感情方面，也会较感性和感情较丰富。
1998-01-22,female,女命,7,5-7点,http://mfsm.kvov.com/fx/1998-01-22/mfsmm-7-2.html,44,61%,本命 交友宫 加会2个及以上 左辅 右弼 天魁 天钺 化禄 化权 化科,得正直之友，助力大，并得下属拥护。
1998-01-22,female,女命,7,5-7点,http://mfsm.kvov.com/fx/1998-01-22/mfsmm-7-2.html,45,61%,本命 夫妻宫 加会2个及以上 火星 铃星 地劫 地空 陀罗 擎羊,夫妻关系多半不佳，多口舌是非、争吵、冷战甚至会离异。
1998-01-22,female,女命,7,5-7点,http://mfsm.kvov.com/fx/1998-01-22/mfsmm-7-2.html,46,60%,本命 田宅宫 加会 龙池 凤阁,房屋美观、清洁。
1998-01-22,female,女命,7,5-7点,http://mfsm.kvov.com/fx/1998-01-22/mfsmm-7-2.html,47,59%,本命 官禄宫 坐守1个及以上 地劫 地空,事业外华内虚，进退失据，不安于受薪，或不甘心经营现成事业，勉强求变，结果反而陷入困境。
1998-01-22,female,女命,7,5-7点,http://mfsm.kvov.com/fx/1998-01-22/mfsmm-7-2.html,48,59%,本命 福德宫 坐守1个及以上 化忌 陀罗 擎羊 天刑,多烦恼纠纷，福薄不安。
1998-01-22,female,女命,7,5-7点,http://mfsm.kvov.com/fx/1998-01-22/mfsmm-7-2.html,49,59%,本命 夫妻宫 坐守1个及以上 火星 铃星 地劫 地空 陀罗 擎羊,配偶往往多有特殊个性或刚强，有主见，有时会增加婚姻的纠纷与争执，多多少少有些困扰。
1998-01-22,female,女命,7,5-7点,http://mfsm.kvov.com/fx/1998-01-22/mfsmm-7-2.html,50,59%,本命 夫妻宫 坐守1个及以上 地劫 地空 陀罗 擎羊,家庭生活单调，夫妻关系较为冷漠。
1998-01-22,female,女命,7,5-7点,http://mfsm.kvov.com/fx/1998-01-22/mfsmm-7-2.html,51,59%,本命 子女宫 坐守1个及以上 化忌 火星 铃星 地劫 地空 陀罗 擎羊,易与子女孤单刑克，时起争端。
1998-01-22,female,女命,7,5-7点,http://mfsm.kvov.com/fx/1998-01-22/mfsmm-7-2.html,52,59%,本命 福德宫 坐守1个及以上 咸池 天姚 沐浴,自身必有桃花的困扰。
1998-01-22,female,女命,7,5-7点,http://mfsm.kvov.com/fx/1998-01-22/mfsmm-7-2.html,53,58%,本命 夫妻宫 坐守 天刑,常常会为了另一半担忧烦恼，双方难以沟通，常常造成误会或是意见上的冲突，如果能够聚少离多，可以化解不必要的对峙场面。
1998-01-22,female,女命,7,5-7点,http://mfsm.kvov.com/fx/1998-01-22/mfsmm-7-2.html,54,58%,本命 加会 天官,既具有领导才能，也拥有不俗的口才。能大大加强一个人的管理能力。
1998-01-22,female,女命,7,5-7点,http://mfsm.kvov.com/fx/1998-01-22/mfsmm-7-2.html,55,55%,"本命 加会1个及以上 火星 铃星
本命 三方四正不见 贪狼",秀而不实福泽有损（富不全），或富贵只得其一，或富不很富，贵不很贵，或因富贵致祸，或人生有其他缺憾。
1998-01-22,female,女命,7,5-7点,http://mfsm.kvov.com/fx/1998-01-22/mfsmm-7-2.html,56,54%,本命 加会1个及以上 火星 铃星,一生容易从事体力、劳力的工作，自身体能也较佳，具爆发力。
1998-01-22,female,女命,7,5-7点,http://mfsm.kvov.com/fx/1998-01-22/mfsmm-7-2.html,57,54%,本命 加会1个及以上 左辅 右弼 天魁 天钺,能得朋友提携、相助之力。
1998-01-22,female,女命,9,7-9点,http://mfsm.kvov.com/fx/1998-01-22/mfsmm-9-2.html,1,75%,"本命 坐守 廉贞
本命 加会1个及以上 陀罗 擎羊",身体多伤灾，或与人争斗受伤。
1998-01-22,female,女命,9,7-9点,http://mfsm.kvov.com/fx/1998-01-22/mfsmm-9-2.html,2,75%,"本命 坐守 破军
本命 加会1个及以上 地劫 地空",一生多障碍。
1998-01-22,female,女命,9,7-9点,http://mfsm.kvov.com/fx/1998-01-22/mfsmm-9-2.html,3,75%,"本命 坐守 破军
本命 加会1个及以上 天虚 天哭",凡有变动，均先见不利。
1998-01-22,female,女命,9,7-9点,http://mfsm.kvov.com/fx/1998-01-22/mfsmm-9-2.html,4,75%,"本命 官禄宫 坐守 贪狼
本命 官禄宫 加会1个及以上 化忌 地劫 地空 陀罗 擎羊",事业上竞争多，适合在商场中谋进取。反正商业竞争一向激烈，只要顺应运势，在吉利的宫限突破或不吉的宫限稳守，仍能有所成就。
1998-01-22,female,女命,9,7-9点,http://mfsm.kvov.com/fx/1998-01-22/mfsmm-9-2.html,5,75%,"本命 坐守 破军
本命 福德宫 加会1个及以上 紫微 天府",多能多劳，主观强，不耐烦在既成的局面下发展。
1998-01-22,female,女命,9,7-9点,http://mfsm.kvov.com/fx/1998-01-22/mfsmm-9-2.html,6,75%,"本命 坐守 廉贞
本命 加会1个及以上 文昌 文曲 化科 龙池 凤阁 天才",好礼义。
1998-01-22,female,女命,9,7-9点,http://mfsm.kvov.com/fx/1998-01-22/mfsmm-9-2.html,7,75%,"本命 坐守 破军
本命 加会1个及以上 擎羊 陀罗 火星 铃星",凡有变动，均先见不利。
1998-01-22,female,女命,9,7-9点,http://mfsm.kvov.com/fx/1998-01-22/mfsmm-9-2.html,8,75%,"本命 坐守 廉贞
本命 加会1个及以上 地劫 地空",适合从事理工，作科技方面的研究。
1998-01-22,female,女命,9,7-9点,http://mfsm.kvov.com/fx/1998-01-22/mfsmm-9-2.html,9,74%,本命 命宫 加会 贪狼 廉贞,有色彩感，爱好艺术，喜运动或跳舞。
1998-01-22,female,女命,9,7-9点,http://mfsm.kvov.com/fx/1998-01-22/mfsmm-9-2.html,10,73%,"本命 坐守1个及以上 贪狼 廉贞 红鸾 天喜 咸池 天姚 沐浴
本命 夫妻宫 加会 地劫 地空","会因配偶或本身外遇而蒙受损失。
通常是惯性外遇，一生中可能重复发生，直至家败人散。"
1998-01-22,female,女命,9,7-9点,http://mfsm.kvov.com/fx/1998-01-22/mfsmm-9-2.html,11,72%,本命 酉宫 加会2个及以上 火星 铃星 地劫 地空 陀罗 擎羊,善权诈，喜欢说比自己成就大的竞争者的是非。
1998-01-22,female,女命,9,7-9点,http://mfsm.kvov.com/fx/1998-01-22/mfsmm-9-2.html,12,72%,"本命 坐守 破军
本命 三方四正不见 禄存 化禄",一生为人作嫁，自己的实益甚少。
1998-01-22,female,女命,9,7-9点,http://mfsm.kvov.com/fx/1998-01-22/mfsmm-9-2.html,13,72%,"本命 财帛宫 坐守 七杀
本命 财帛宫 三方四正不见 禄存 化禄",一生必有一次波折，故必须经历风险而成富。唯若投机失败，则甚难渡过风险。
1998-01-22,female,女命,9,7-9点,http://mfsm.kvov.com/fx/1998-01-22/mfsmm-9-2.html,14,71%,身宫 坐守 七杀,"多白手兴家，崛起于草莽，或身无分文转瞬却腰缠万贯，或功成名就之中却又一朝暴败，钱财散尽。
经商从公皆可，经商宜以经营实业，若投机有倾家荡产之危险。
多从事开创性的行业具危险性之工作，如建筑业、重工业、生产业、机械、车辆、运输、医师、格斗武术、运动员、警察、军人、证券、金融、外销、公司老板、实业家等。"
1998-01-22,female,女命,9,7-9点,http://mfsm.kvov.com/fx/1998-01-22/mfsmm-9-2.html,15,71%,本命 财帛宫 坐守 紫微,财缘稳定，属正当之财，一生不愁钱财。
1998-01-22,female,女命,9,7-9点,http://mfsm.kvov.com/fx/1998-01-22/mfsmm-9-2.html,16,71%,本命 坐守 白虎 廉贞,刑杖难逃。
1998-01-22,female,女命,9,7-9点,http://mfsm.kvov.com/fx/1998-01-22/mfsmm-9-2.html,17,71%,本命 命宫 坐守 廉贞,多言，眼神露光，眼眉露骨，两颧露棱。
1998-01-22,female,女命,9,7-9点,http://mfsm.kvov.com/fx/1998-01-22/mfsmm-9-2.html,18,71%,本命 财帛宫 坐守 七杀,人生会经历一次重大的经济困难，或是倾家破产。
1998-01-22,female,女命,9,7-9点,http://mfsm.kvov.com/fx/1998-01-22/mfsmm-9-2.html,19,71%,本命 坐守 破军,"能攻而不能守，容易脾气暴燥，但却正直刚烈，于困难的局面中，反易表现出领导才能与开创的魄力。
由于擅开创而不擅守成的性格，创业安定之际，亦时生改变局面之心。
先有破坏而后建设，所以自身的危难亦多，每易尾大不掉，陷于困境而不能自拔，于处事时，常易在转折点受到挫折。
有先破坏、后建设的意味，所以一生事业变动必大。
唯所有变动，皆有去旧更新的性质，所以经商者多由旧事业翻出新的局面，多双重事业；或兼差兼职，或经常负担额外的工作。
能者多劳正是破军坐命的写照。"
1998-01-22,female,女命,9,7-9点,http://mfsm.kvov.com/fx/1998-01-22/mfsmm-9-2.html,20,71%,本命 福德宫 坐守 天府,为人谨慎，安静享福，福禄双美，财运不错。在婚姻中，稳重靠谱，又懂享受，很会经营爱情。如果遇到个性强的另一半，则容易各自不服硬碰硬。
1998-01-22,female,女命,9,7-9点,http://mfsm.kvov.com/fx/1998-01-22/mfsmm-9-2.html,21,71%,本命 交友宫 坐守 太阳,"为下属、为朋友，做过好事，也得不到多谢，回报更不必论了，反而遭到怪责和埋怨。
朋友众多，下属众多，自身亦对他们有所帮助，只是不得好感。"
1998-01-22,female,女命,9,7-9点,http://mfsm.kvov.com/fx/1998-01-22/mfsmm-9-2.html,22,71%,本命 田宅宫 坐守 天同,白手兴家，可以置业。没有祖业承继，但却可以自置物业。
1998-01-22,female,女命,9,7-9点,http://mfsm.kvov.com/fx/1998-01-22/mfsmm-9-2.html,23,71%,本命 坐守 廉贞,"重感情，欠理智，有风度，有可能任情放纵，幽默，可是内心却主观极强，不易对人迁就。
有美术的爱好，特别倾向于书画。
在交际场合中略带幽默，不可见他轻松幽默就以为在公事上好说话，实际上很可能有一派[公事公办]的脾气。
宜从事建筑行业。"
1998-01-22,female,女命,9,7-9点,http://mfsm.kvov.com/fx/1998-01-22/mfsmm-9-2.html,24,71%,本命 疾病宫 坐守 化科,聪明、幽默、风趣、风度、脾气好，健康上无大灾大难，能逢凶化吉，化险为夷，身材匀称，爱打扮。
1998-01-22,female,女命,9,7-9点,http://mfsm.kvov.com/fx/1998-01-22/mfsmm-9-2.html,25,71%,本命 官禄宫 坐守 武曲,适宜武职，即军人、警察及其他刑法纪律部队，经商，可从事营业工作，推销商品和推销各种服务。
1998-01-22,female,女命,9,7-9点,http://mfsm.kvov.com/fx/1998-01-22/mfsmm-9-2.html,26,71%,本命 交友宫 坐守 化忌,与朋友较重情义，有亏欠朋友之感受。
1998-01-22,female,女命,9,7-9点,http://mfsm.kvov.com/fx/1998-01-22/mfsmm-9-2.html,27,71%,本命 田宅宫 坐守 化禄,"有财有库、有不动产。
不一定有租业，但能自立置产。
在家中人缘好，与家人和睦相处。
可开工厂、或店面生意、及做不动产得财富。"
1998-01-22,female,女命,9,7-9点,http://mfsm.kvov.com/fx/1998-01-22/mfsmm-9-2.html,28,71%,本命 田宅宫 坐守 化权,有不动产，不管有无祖产，喜购不动产，且房饰较喜摆阔，在家里喜掌权与家人有争执。
1998-01-22,female,女命,9,7-9点,http://mfsm.kvov.com/fx/1998-01-22/mfsmm-9-2.html,29,70%,"身宫 坐守 陀罗
身宫 不坐守 命宫",自身多是天生孤独命。
1998-01-22,female,女命,9,7-9点,http://mfsm.kvov.com/fx/1998-01-22/mfsmm-9-2.html,30,69%,"本命 加会 贪狼
本命 加会1个及以上 化忌 陀罗 擎羊",多感情复杂之纠纷。
1998-01-22,female,女命,9,7-9点,http://mfsm.kvov.com/fx/1998-01-22/mfsmm-9-2.html,31,69%,"本命 迁移宫 天梁 太阳
本命 坐守 酉宫",适宜学术研究、法律工作，社会地位高。富贵。
1998-01-22,female,女命,9,7-9点,http://mfsm.kvov.com/fx/1998-01-22/mfsmm-9-2.html,32,69%,"本命 加会 贪狼
本命 加会1个及以上 陀罗 擎羊",不宜投机，有也易横发横破。
1998-01-22,female,女命,9,7-9点,http://mfsm.kvov.com/fx/1998-01-22/mfsmm-9-2.html,33,67%,本命 坐守 天钺,方脸，额部与地阁均呈方型，有威仪。
1998-01-22,female,女命,9,7-9点,http://mfsm.kvov.com/fx/1998-01-22/mfsmm-9-2.html,34,67%,本命 夫妻宫 坐守 擎羊,两人很容易为了小事情而剑拔弩张，爱情来得快也很浓烈，两人的独占性强，往往会给彼此种种压力及限制，容易有感情外鹜。
1998-01-22,female,女命,9,7-9点,http://mfsm.kvov.com/fx/1998-01-22/mfsmm-9-2.html,35,67%,本命 夫妻宫 坐守 力士 擎羊,会迟婚，或有不想结婚的倾向。
1998-01-22,female,女命,9,7-9点,http://mfsm.kvov.com/fx/1998-01-22/mfsmm-9-2.html,36,67%,本命 财帛宫 坐守 陀罗,宜从事工艺、工程，不宜经商，常陷于胶着状态。
1998-01-22,female,女命,9,7-9点,http://mfsm.kvov.com/fx/1998-01-22/mfsmm-9-2.html,37,67%,本命 夫妻宫 坐守 地空,会晚婚，知音难求。晚年可能孤独，配偶不在身边。
1998-01-22,female,女命,9,7-9点,http://mfsm.kvov.com/fx/1998-01-22/mfsmm-9-2.html,38,67%,本命 夫妻宫 坐守 火星,"二人皆刚强好胜，应发挥陀罗之任劳任怨的精神，多包容隐忍。
男命配偶泼辣，不善家务，缺乏女性温柔。
女命配偶大方，不拘小节，暴燥无理，人际关系欠佳，应以柔克刚。"
1998-01-22,female,女命,9,7-9点,http://mfsm.kvov.com/fx/1998-01-22/mfsmm-9-2.html,39,67%,本命 夫妻宫 空宫,眼光过高，总是很难遇到合适的人。老伴往往与年轻时的伴侣不同一人，无法从一而终。
1998-01-22,female,女命,9,7-9点,http://mfsm.kvov.com/fx/1998-01-22/mfsmm-9-2.html,40,66%,丁年出生,过于计较又严肃，缺乏幽默感，无法谈笑自如且有些自卑感，不然就是会掩饰真象而言过其实，加上疑心病重，所以很难付出真感情，也不容易有浪漫的感情际遇。
1998-01-22,female,女命,9,7-9点,http://mfsm.kvov.com/fx/1998-01-22/mfsmm-9-2.html,41,66%,本命 财帛宫 双夹 恩光 天贵,名利双收，财由名而来。
1998-01-22,female,女命,9,7-9点,http://mfsm.kvov.com/fx/1998-01-22/mfsmm-9-2.html,42,64%,本命 财帛宫 坐守 天厨,宜从事食品业以求财。
1998-01-22,female,女命,9,7-9点,http://mfsm.kvov.com/fx/1998-01-22/mfsmm-9-2.html,43,64%,本命 坐守 小耗 蜚廉,购物不论价，可是事后却懊悔埋怨。
1998-01-22,female,女命,9,7-9点,http://mfsm.kvov.com/fx/1998-01-22/mfsmm-9-2.html,44,64%,本命 坐守 蜚廉,嘴形不佳，财富损耗，失意。
1998-01-22,female,女命,9,7-9点,http://mfsm.kvov.com/fx/1998-01-22/mfsmm-9-2.html,45,64%,本命 坐守 凤阁,属于外型长相漂亮、聪明口才好、体贴善解人意、喜欢美食、偏好享受生活。
1998-01-22,female,女命,9,7-9点,http://mfsm.kvov.com/fx/1998-01-22/mfsmm-9-2.html,46,64%,本命 迁移宫 加会 地劫 地空,朋友交不长久，常变动；或与主管、老板缘薄。
1998-01-22,female,女命,9,7-9点,http://mfsm.kvov.com/fx/1998-01-22/mfsmm-9-2.html,47,64%,本命 福德宫 坐守 天福,精神享受以及物质生活皆佳美。
1998-01-22,female,女命,9,7-9点,http://mfsm.kvov.com/fx/1998-01-22/mfsmm-9-2.html,48,64%,本命 财帛宫 加会 天魁 天钺,有生财的机会，常常由于曲章制度的改变而带来。
1998-01-22,female,女命,9,7-9点,http://mfsm.kvov.com/fx/1998-01-22/mfsmm-9-2.html,49,64%,本命 坐守 旬空,多障碍，凡事易节外生枝。
1998-01-22,female,女命,9,7-9点,http://mfsm.kvov.com/fx/1998-01-22/mfsmm-9-2.html,50,64%,本命 夫妻宫 加会 地劫 地空,夫妻或因为周遭因素不能常相聚。
1998-01-22,female,女命,9,7-9点,http://mfsm.kvov.com/fx/1998-01-22/mfsmm-9-2.html,51,61%,本命 夫妻宫 加会2个及以上 火星 铃星 地劫 地空 陀罗 擎羊,夫妻关系多半不佳，多口舌是非、争吵、冷战甚至会离异。
1998-01-22,female,女命,9,7-9点,http://mfsm.kvov.com/fx/1998-01-22/mfsmm-9-2.html,52,61%,本命 加会2个及以上 化忌 地劫 地空 陀罗 擎羊,秀而不实福泽有损（富不全），或富贵只得其一，或富不很富，贵不很贵，或因富贵致祸，或人生有其他缺憾。
1998-01-22,female,女命,9,7-9点,http://mfsm.kvov.com/fx/1998-01-22/mfsmm-9-2.html,53,60%,本命 官禄宫 加会 龙池 凤阁,有专业才能。
1998-01-22,female,女命,9,7-9点,http://mfsm.kvov.com/fx/1998-01-22/mfsmm-9-2.html,54,60%,本命 财帛宫 加会 恩光 天贵,能受人提拔而得财。
1998-01-22,female,女命,9,7-9点,http://mfsm.kvov.com/fx/1998-01-22/mfsmm-9-2.html,55,60%,本命 加会 龙池 凤阁,聪明，易学习才艺。
1998-01-22,female,女命,9,7-9点,http://mfsm.kvov.com/fx/1998-01-22/mfsmm-9-2.html,56,60%,本命 财帛宫 加会 龙池 凤阁,拥有技艺的优点，故主［由艺术技巧起家］，可从事和艺术有关的工作，如绘画、陶瓷、摄影等。可以凭专门技艺以求财。
1998-01-22,female,女命,9,7-9点,http://mfsm.kvov.com/fx/1998-01-22/mfsmm-9-2.html,57,59%,本命 夫妻宫 坐守1个及以上 火星 铃星 地劫 地空 陀罗 擎羊,配偶往往多有特殊个性或刚强，有主见，有时会增加婚姻的纠纷与争执，多多少少有些困扰。
1998-01-22,female,女命,9,7-9点,http://mfsm.kvov.com/fx/1998-01-22/mfsmm-9-2.html,58,59%,本命 交友宫 坐守1个及以上 火星 铃星,多争斗、气恼。
1998-01-22,female,女命,9,7-9点,http://mfsm.kvov.com/fx/1998-01-22/mfsmm-9-2.html,59,59%,本命 夫妻宫 坐守1个及以上 地劫 地空 陀罗 擎羊,家庭生活单调，夫妻关系较为冷漠。
1998-01-22,female,女命,9,7-9点,http://mfsm.kvov.com/fx/1998-01-22/mfsmm-9-2.html,60,59%,本命 坐守1个及以上 咸池 天姚 沐浴,自身必有桃花的困扰。
1998-01-22,female,女命,9,7-9点,http://mfsm.kvov.com/fx/1998-01-22/mfsmm-9-2.html,61,59%,本命 坐守1个及以上 红鸾 天喜 咸池 天姚 沐浴,自身易有异性缘。
1998-01-22,female,女命,9,7-9点,http://mfsm.kvov.com/fx/1998-01-22/mfsmm-9-2.html,62,57%,"身宫 加会1个及以上 龙池 凤阁
身宫 不坐守 命宫",有骄傲、高洁、不随俗的特性。
1998-01-22,female,女命,9,7-9点,http://mfsm.kvov.com/fx/1998-01-22/mfsmm-9-2.html,63,54%,本命 加会1个及以上 左辅 右弼 天魁 天钺,能得朋友提携、相助之力。
1998-01-22,female,女命,9,7-9点,http://mfsm.kvov.com/fx/1998-01-22/mfsmm-9-2.html,64,54%,本命 加会1个及以上 龙池 凤阁,有骄傲、高洁、不随俗的特性。
1998-01-22,female,女命,9,7-9点,http://mfsm.kvov.com/fx/1998-01-22/mfsmm-9-2.html,65,50%,身宫 财帛宫,"价值观偏重钱财，重视金钱的运用，具有经济头脑，精打细算，善于理财，行事以赚钱为目标，有受经济左右行为的现象。讨得这类人的欢心，需要多给使用钱的权利。
一般不缺钱用，从商者居多，或成大富翁，或一生为钱财奔劳过着艰辛的生活。"
1998-01-22,female,女命,11,9-11点,http://mfsm.kvov.com/fx/1998-01-22/mfsmm-11-2.html,1,84%,本命 官禄宫 坐守 天同 太阴,事业多变，有多方面的事业，即使在政府机关或企业机构任职，其责任也多变动，或不只一端，内务外务兼顾人材，且有责任感，唯独当一面之机会则较小。
1998-01-22,female,女命,11,9-11点,http://mfsm.kvov.com/fx/1998-01-22/mfsmm-11-2.html,2,81%,"本命 子女宫 坐守 紫微
本命 子女宫 加会 天马",子女远离足下。
1998-01-22,female,女命,11,9-11点,http://mfsm.kvov.com/fx/1998-01-22/mfsmm-11-2.html,3,80%,"本命 迁移宫 坐守 巨门
本命 坐守1个及以上 火星 铃星",防车祸意外。
1998-01-22,female,女命,11,9-11点,http://mfsm.kvov.com/fx/1998-01-22/mfsmm-11-2.html,4,78%,"本命 空宫
本命 加会2个及以上 火星 铃星 地劫 地空 陀罗 擎羊",两姓延生，不然破相。
1998-01-22,female,女命,11,9-11点,http://mfsm.kvov.com/fx/1998-01-22/mfsmm-11-2.html,5,75%,"本命 官禄宫 坐守 天同
本命 官禄宫 加会1个及以上 文昌 文曲 化科 天才",宜文艺工作。
1998-01-22,female,女命,11,9-11点,http://mfsm.kvov.com/fx/1998-01-22/mfsmm-11-2.html,6,75%,"本命 官禄宫 坐守 天同
本命 官禄宫 加会1个及以上 红鸾 天喜 咸池 天姚 沐浴",可向艺术发展。
1998-01-22,female,女命,11,9-11点,http://mfsm.kvov.com/fx/1998-01-22/mfsmm-11-2.html,7,75%,"本命 子女宫 坐守 紫微
本命 子女宫 加会1个及以上 左辅 右弼",子女对你有助力。
1998-01-22,female,女命,11,9-11点,http://mfsm.kvov.com/fx/1998-01-22/mfsmm-11-2.html,8,75%,"本命 财帛宫 坐守 天梁
本命 财帛宫 加会1个及以上 禄存 化禄",财运好，能发达致富。
1998-01-22,female,女命,11,9-11点,http://mfsm.kvov.com/fx/1998-01-22/mfsmm-11-2.html,9,75%,"本命 迁移宫 坐守 巨门
本命 迁移宫 加会1个及以上 禄存 化禄",适合经商或从事商业工作。
1998-01-22,female,女命,11,9-11点,http://mfsm.kvov.com/fx/1998-01-22/mfsmm-11-2.html,10,74%,本命 加会 巨门 太阳 天刑,司刑法之星。
1998-01-22,female,女命,11,9-11点,http://mfsm.kvov.com/fx/1998-01-22/mfsmm-11-2.html,11,74%,本命 加会 太阳 太阴,刚柔相济，大度，豪迈。
1998-01-22,female,女命,11,9-11点,http://mfsm.kvov.com/fx/1998-01-22/mfsmm-11-2.html,12,72%,"本命 官禄宫 坐守 太阴
本命 官禄宫 三方四正不见 左辅 右弼 天魁 天钺",不宜从政。
1998-01-22,female,女命,11,9-11点,http://mfsm.kvov.com/fx/1998-01-22/mfsmm-11-2.html,13,71%,本命 交友宫 坐守 贪狼,多场面上的朋友。
1998-01-22,female,女命,11,9-11点,http://mfsm.kvov.com/fx/1998-01-22/mfsmm-11-2.html,14,71%,本命 子女宫 坐守 紫微,迟得子，门生弟子以及追随自己的晚辈少，也以迟得为宜。
1998-01-22,female,女命,11,9-11点,http://mfsm.kvov.com/fx/1998-01-22/mfsmm-11-2.html,15,71%,本命 夫妻宫 坐守 禄存,姻缘运过门不入的遗憾常可能发生，墙外的人很难找到登配的人，以进入婚姻的窄门，而墙内之人想往外逃也难以找到门道。
1998-01-22,female,女命,11,9-11点,http://mfsm.kvov.com/fx/1998-01-22/mfsmm-11-2.html,16,71%,本命 父母宫 坐守 破军,刑克离家或过继他人，或不为父母关心。
1998-01-22,female,女命,11,9-11点,http://mfsm.kvov.com/fx/1998-01-22/mfsmm-11-2.html,17,71%,身宫 坐守 禄存,"慈祥厚道，和蔼可亲，品貌持重，信义卓著，聪明耿直，有机变，多学多能，行事稳健沉着，却稍有被动的倾向。
肥胖，有很强的经济观念，生性节俭，不喜浪费，一生财运颇佳。"
1998-01-22,female,女命,11,9-11点,http://mfsm.kvov.com/fx/1998-01-22/mfsmm-11-2.html,18,71%,本命 官禄宫 坐守 化禄,"在事业上或工作环境中人缘佳、因得人缘而得财。
在工作事业上忙碌中得财，正财。
求学运佳、学业成绩好，事业运佳。"
1998-01-22,female,女命,11,9-11点,http://mfsm.kvov.com/fx/1998-01-22/mfsmm-11-2.html,19,71%,本命 疾病宫 坐守 天相,性趣较强，女命易流落江湖、在社会上混的、或与男人接触比较多的行业。对年长者较有桃花问题，会有恋父母情结。
1998-01-22,female,女命,11,9-11点,http://mfsm.kvov.com/fx/1998-01-22/mfsmm-11-2.html,20,71%,本命 交友宫 坐守 武曲,交游不广，下属无力。
1998-01-22,female,女命,11,9-11点,http://mfsm.kvov.com/fx/1998-01-22/mfsmm-11-2.html,21,71%,本命 官禄宫 坐守 天同,事业必由白手创兴，纵有父业也难承继，须经历困难然后始事业有成，适宜经营美观或带享受色彩的行业。
1998-01-22,female,女命,11,9-11点,http://mfsm.kvov.com/fx/1998-01-22/mfsmm-11-2.html,22,71%,本命 财帛宫 坐守 天机,"机会常一瞬即逝，非注意把握，当机立断不可。
财帛有变动或波动，通常表现为财来去，难以积存，倾向于劳心求财。"
1998-01-22,female,女命,11,9-11点,http://mfsm.kvov.com/fx/1998-01-22/mfsmm-11-2.html,23,71%,本命 财帛宫 坐守 化科,理财能力佳，有计划性，上班领薪奉俸，或从事文教，收入较平稳，一辈子较不会为财所困，夫妻对待和睦。
1998-01-22,female,女命,11,9-11点,http://mfsm.kvov.com/fx/1998-01-22/mfsmm-11-2.html,24,71%,本命 迁移宫 坐守 太阳,不利祖业，离乡背井才能够发福。
1998-01-22,female,女命,11,9-11点,http://mfsm.kvov.com/fx/1998-01-22/mfsmm-11-2.html,25,71%,本命 财帛宫 坐守 天梁,一般不宜经商。从事商业活动，也以任职为宜，否则必生重大困难，有时且可能引起危机。或遗产承继，或藉长辈的声誉而得助力生财。有时又因长辈的人际关系而得事业生财，或有现成事业生财。先名后利。宜以服务为目的，不宜以求财为目的。志在服务者，财富自然充裕，若志在求财，则易渎职，反滋困扰是非。
1998-01-22,female,女命,11,9-11点,http://mfsm.kvov.com/fx/1998-01-22/mfsmm-11-2.html,26,71%,本命 迁移宫 坐守 巨门,需务实发展，减少抱怨之词。
1998-01-22,female,女命,11,9-11点,http://mfsm.kvov.com/fx/1998-01-22/mfsmm-11-2.html,27,71%,本命 官禄宫 坐守 化权,工作事业上较能展现才华，较能掌权，喜欢掌权，有领导管理才能，喜欢开创事业或开发新产品、新事业。
1998-01-22,female,女命,11,9-11点,http://mfsm.kvov.com/fx/1998-01-22/mfsmm-11-2.html,28,70%,"本命 财帛宫 坐守1个及以上 贪狼 巨门 破军 天梁 七杀 天机
本命 财帛宫 加会2个及以上 化忌 火星 铃星 地劫 地空 陀罗 擎羊",多为好赌之辈，可能血本无归。
1998-01-22,female,女命,11,9-11点,http://mfsm.kvov.com/fx/1998-01-22/mfsmm-11-2.html,29,70%,"身宫 独坐 禄存
身宫 不坐守 命宫",不易结婚，因为对婚姻感情太谨慎保守，不敢勇于尝试，缺乏自信，也可以说缺乏安全感、信赖感、紧敝心扉。
1998-01-22,female,女命,11,9-11点,http://mfsm.kvov.com/fx/1998-01-22/mfsmm-11-2.html,30,70%,"本命 申宫
本命 夫妻宫 坐守1个及以上 破军 禄存 化禄 化权 化科",夫妻免刑克。
1998-01-22,female,女命,11,9-11点,http://mfsm.kvov.com/fx/1998-01-22/mfsmm-11-2.html,31,69%,本命 申宫 坐守 天刑,宜僧道，否则孤刑，或父母兄弟不得全。
1998-01-22,female,女命,11,9-11点,http://mfsm.kvov.com/fx/1998-01-22/mfsmm-11-2.html,32,69%,本命 兄弟宫 加会 贪狼 铃星,横发。
1998-01-22,female,女命,11,9-11点,http://mfsm.kvov.com/fx/1998-01-22/mfsmm-11-2.html,33,67%,本命 田宅宫 坐守 天马,多移居、搬家，或居无定所，或买卖房屋较频。
1998-01-22,female,女命,11,9-11点,http://mfsm.kvov.com/fx/1998-01-22/mfsmm-11-2.html,34,67%,本命 子女宫 坐守 陀罗,会迟得子女。
1998-01-22,female,女命,11,9-11点,http://mfsm.kvov.com/fx/1998-01-22/mfsmm-11-2.html,35,67%,本命 夫妻宫 坐守 地空,会晚婚，知音难求。晚年可能孤独，配偶不在身边。
1998-01-22,female,女命,11,9-11点,http://mfsm.kvov.com/fx/1998-01-22/mfsmm-11-2.html,36,67%,本命 福德宫 空宫,希望能有段美好的婚姻感情，但是通常难以如愿，往往婚姻感情都需要付出很大的努力。
1998-01-22,female,女命,11,9-11点,http://mfsm.kvov.com/fx/1998-01-22/mfsmm-11-2.html,37,67%,本命 空宫,幼年多病，与双亲感情浅，一生当中会更改自己姓或名，离乡外赴等情形。
1998-01-22,female,女命,11,9-11点,http://mfsm.kvov.com/fx/1998-01-22/mfsmm-11-2.html,38,67%,本命 兄弟宫 坐守 擎羊,与兄弟姐妹缘份平淡，无助力，或在关键时刻被兄弟或朋友出买。
1998-01-22,female,女命,11,9-11点,http://mfsm.kvov.com/fx/1998-01-22/mfsmm-11-2.html,39,67%,本命 夫妻宫 空宫,眼光过高，总是很难遇到合适的人。老伴往往与年轻时的伴侣不同一人，无法从一而终。
1998-01-22,female,女命,11,9-11点,http://mfsm.kvov.com/fx/1998-01-22/mfsmm-11-2.html,40,67%,本命 夫妻宫 独坐 禄存,不易结婚，因为对婚姻感情太谨慎保守，不敢勇于尝试，缺乏自信，也可以说缺乏安全感、信赖感、紧敝心扉。
1998-01-22,female,女命,11,9-11点,http://mfsm.kvov.com/fx/1998-01-22/mfsmm-11-2.html,41,67%,本命 坐守 火星,面型上小下大，或上方下圆而带棱角，毛发多异生。
1998-01-22,female,女命,11,9-11点,http://mfsm.kvov.com/fx/1998-01-22/mfsmm-11-2.html,42,67%,本命 疾病宫 坐守 铃星,身体强壮少病。
1998-01-22,female,女命,11,9-11点,http://mfsm.kvov.com/fx/1998-01-22/mfsmm-11-2.html,43,66%,本命 加会3个及以上 化忌 火星 铃星 地劫 地空 陀罗 擎羊,兄弟姐妹体弱，或刑克分离，甚至无兄弟姐妹。
1998-01-22,female,女命,11,9-11点,http://mfsm.kvov.com/fx/1998-01-22/mfsmm-11-2.html,44,66%,本命 交友宫 加会3个及以上 文昌 文曲 左辅 右弼 天魁 天钺,可得朋友帮助。
1998-01-22,female,女命,11,9-11点,http://mfsm.kvov.com/fx/1998-01-22/mfsmm-11-2.html,45,66%,丁年出生,过于计较又严肃，缺乏幽默感，无法谈笑自如且有些自卑感，不然就是会掩饰真象而言过其实，加上疑心病重，所以很难付出真感情，也不容易有浪漫的感情际遇。
1998-01-22,female,女命,11,9-11点,http://mfsm.kvov.com/fx/1998-01-22/mfsmm-11-2.html,46,64%,本命 田宅宫 加会 左辅 右弼,住所附近多服务性机构，或多友好人群。
1998-01-22,female,女命,11,9-11点,http://mfsm.kvov.com/fx/1998-01-22/mfsmm-11-2.html,47,64%,本命 官禄宫 加会 地劫 地空,一般情况下宜从事较冷僻的行业，或奇兵突出，其营运手法出乎同行的意料之外，唯最忌志大才疏，则终身事业难以振作。
1998-01-22,female,女命,11,9-11点,http://mfsm.kvov.com/fx/1998-01-22/mfsmm-11-2.html,48,64%,本命 福德宫 加会 地劫 地空,兴趣爱好、生活习惯较为特殊。
1998-01-22,female,女命,11,9-11点,http://mfsm.kvov.com/fx/1998-01-22/mfsmm-11-2.html,49,64%,本命 子女宫 加会 文昌 文曲,子女聪明。
1998-01-22,female,女命,11,9-11点,http://mfsm.kvov.com/fx/1998-01-22/mfsmm-11-2.html,50,64%,本命 夫妻宫 坐守 解神,夫妻双方的心电感应强，相当有默契，很适合培养共同的兴趣及爱好，其配偶本身思虑缜密，聪明反应快，能预先了解问题在哪，进而解决困难。
1998-01-22,female,女命,11,9-11点,http://mfsm.kvov.com/fx/1998-01-22/mfsmm-11-2.html,51,64%,本命 田宅宫 坐守 天巫,能继承家里的产业。
1998-01-22,female,女命,11,9-11点,http://mfsm.kvov.com/fx/1998-01-22/mfsmm-11-2.html,52,64%,本命 坐守 天喜,容易吸引异性的注意。会早订婚，但并不一定早婚。
1998-01-22,female,女命,11,9-11点,http://mfsm.kvov.com/fx/1998-01-22/mfsmm-11-2.html,53,64%,本命 迁移宫 坐守 天月,易患水土不服。
1998-01-22,female,女命,11,9-11点,http://mfsm.kvov.com/fx/1998-01-22/mfsmm-11-2.html,54,62%,本命 加会 红鸾 天喜 天姚,易受异性欢迎。
1998-01-22,female,女命,11,9-11点,http://mfsm.kvov.com/fx/1998-01-22/mfsmm-11-2.html,55,61%,本命 加会2个及以上 红鸾 天喜 咸池 天姚 沐浴,"长相不赖，举止斯文得体，善于在有意无意间释放魅力，人缘好，能得到异性的青睐，处事的手腕圆滑，能接受新观念，即使不放电，也满容易得到异性的怜爱与包容。
由于思维细腻，第六感敏锐，才华洋溢，好高骛远，对于浪漫的爱情生活十分积极主动，也十分向往，善用智慧及创意才华来赚钱。
偏财运及横财运好，也十分喜欢钱财，会追求高收入以满足自己的生活品味及兴趣爱好。有完美主义的刚烈个性，很有企图心，拼劲十足，韧性很强，能够不畏困难完成使命，努力追求自我成就。"
1998-01-22,female,女命,11,9-11点,http://mfsm.kvov.com/fx/1998-01-22/mfsmm-11-2.html,56,61%,本命 加会2个及以上 化忌 地劫 地空 陀罗 擎羊,秀而不实福泽有损（富不全），或富贵只得其一，或富不很富，贵不很贵，或因富贵致祸，或人生有其他缺憾。
1998-01-22,female,女命,11,9-11点,http://mfsm.kvov.com/fx/1998-01-22/mfsmm-11-2.html,57,61%,本命 交友宫 加会2个及以上 火星 铃星 地劫 地空 陀罗 擎羊,多小人、破耗、纠纷、是非，易遭背弃与损害。
1998-01-22,female,女命,11,9-11点,http://mfsm.kvov.com/fx/1998-01-22/mfsmm-11-2.html,58,61%,本命 夫妻宫 加会2个及以上 红鸾 天喜 咸池 天姚 沐浴,有选择较潇洒花俏的对象倾向外，在对异性的感情方面，也会较感性和感情较丰富。
1998-01-22,female,女命,11,9-11点,http://mfsm.kvov.com/fx/1998-01-22/mfsmm-11-2.html,59,59%,本命 子女宫 坐守1个及以上 化忌 火星 铃星 地劫 地空 陀罗 擎羊,易与子女孤单刑克，时起争端。
1998-01-22,female,女命,11,9-11点,http://mfsm.kvov.com/fx/1998-01-22/mfsmm-11-2.html,60,59%,本命 财帛宫 坐守1个及以上 巨门 天梁 天机,财多由口舌竞争而得。
1998-01-22,female,女命,11,9-11点,http://mfsm.kvov.com/fx/1998-01-22/mfsmm-11-2.html,61,59%,身宫 坐守1个及以上 咸池 天姚 沐浴,自身有桃花的困扰。
1998-01-22,female,女命,11,9-11点,http://mfsm.kvov.com/fx/1998-01-22/mfsmm-11-2.html,62,59%,本命 田宅宫 坐守1个及以上 左辅 右弼,住所附近多服务性机构，或多友好人群。
1998-01-22,female,女命,11,9-11点,http://mfsm.kvov.com/fx/1998-01-22/mfsmm-11-2.html,63,59%,本命 坐守1个及以上 红鸾 天喜 咸池 天姚 沐浴,自身易有异性缘。
1998-01-22,female,女命,11,9-11点,http://mfsm.kvov.com/fx/1998-01-22/mfsmm-11-2.html,64,59%,本命 夫妻宫 坐守1个及以上 地劫 地空 陀罗 擎羊,家庭生活单调，夫妻关系较为冷漠。
1998-01-22,female,女命,11,9-11点,http://mfsm.kvov.com/fx/1998-01-22/mfsmm-11-2.html,65,59%,本命 夫妻宫 坐守1个及以上 火星 铃星 地劫 地空 陀罗 擎羊,配偶往往多有特殊个性或刚强，有主见，有时会增加婚姻的纠纷与争执，多多少少有些困扰。
1998-01-22,female,女命,11,9-11点,http://mfsm.kvov.com/fx/1998-01-22/mfsmm-11-2.html,66,59%,本命 财帛宫 坐守1个及以上 地劫 地空 天空 旬空,不适合做生意，容易资金短缺。在网上开店做生意反而合适，因为网店在卖出货物之后，要等到买家确认收货才能收到钱，这本身就是一种“资金拖延”。
1998-01-22,female,女命,11,9-11点,http://mfsm.kvov.com/fx/1998-01-22/mfsmm-11-2.html,67,59%,本命 迁移宫 坐守1个及以上 化忌 陀罗 擎羊,一般表示本人社交能力不强，也无法通过社交获得好处。
1998-01-22,female,女命,11,9-11点,http://mfsm.kvov.com/fx/1998-01-22/mfsmm-11-2.html,68,58%,本命 加会 天官,既具有领导才能，也拥有不俗的口才。能大大加强一个人的管理能力。
1998-01-22,female,女命,11,9-11点,http://mfsm.kvov.com/fx/1998-01-22/mfsmm-11-2.html,69,55%,"本命 加会1个及以上 火星 铃星
本命 三方四正不见 贪狼",秀而不实福泽有损（富不全），或富贵只得其一，或富不很富，贵不很贵，或因富贵致祸，或人生有其他缺憾。
1998-01-22,female,女命,11,9-11点,http://mfsm.kvov.com/fx/1998-01-22/mfsmm-11-2.html,70,54%,本命 福德宫 加会1个及以上 孤辰 寡宿,精神空虚，思想独立。
1998-01-22,female,女命,11,9-11点,http://mfsm.kvov.com/fx/1998-01-22/mfsmm-11-2.html,71,54%,本命 加会1个及以上 火星 铃星,一生容易从事体力、劳力的工作，自身体能也较佳，具爆发力。
1998-01-22,female,女命,11,9-11点,http://mfsm.kvov.com/fx/1998-01-22/mfsmm-11-2.html,72,50%,身宫 夫妻宫,家庭观念较重，对爱情敏感。星系组合吉者，夫妻感情好，对配偶非常关怀，体贴入微，可因婚姻获益；星系组合不好者，易被感情所困，易陷于单相思，感情苦恼，婚姻不美满。女命对夫家和娘家均关心。
1998-01-22,female,女命,13,11-13点,http://mfsm.kvov.com/fx/1998-01-22/mfsmm-13-2.html,1,81%,"本命 坐守 擎羊
本命 加会 左辅 右弼",有管理能力。
1998-01-22,female,女命,13,11-13点,http://mfsm.kvov.com/fx/1998-01-22/mfsmm-13-2.html,2,81%,"本命 夫妻宫 坐守 陀罗
本命 夫妻宫 加会 天魁 天钺",可免刑克。
1998-01-22,female,女命,13,11-13点,http://mfsm.kvov.com/fx/1998-01-22/mfsmm-13-2.html,3,80%,本命 坐守 天相 擎羊,易有桃花事件，防小人、刀伤。
1998-01-22,female,女命,13,11-13点,http://mfsm.kvov.com/fx/1998-01-22/mfsmm-13-2.html,4,78%,本命 未宫 坐守 擎羊,【擎羊入庙】权威出众、富贵声扬，具有领导统御能力。仍具有相当程度的凶性，所以亦可能为灾为祸。有惊人的冲劲与毅力，可以披荆斩棘、开山辟地，也能为自己开创出奇迹。
1998-01-22,female,女命,13,11-13点,http://mfsm.kvov.com/fx/1998-01-22/mfsmm-13-2.html,5,77%,"本命 坐守 天相
本命 加会2个及以下 文昌 文曲 左辅 右弼 天魁 天钺",没什么大作为。
1998-01-22,female,女命,13,11-13点,http://mfsm.kvov.com/fx/1998-01-22/mfsmm-13-2.html,6,75%,"本命 夫妻宫 坐守 贪狼
本命 夫妻宫 加会1个及以上 化忌 火星 铃星 地劫 地空 陀罗 擎羊",夫妻一般会有刑克，或离婚，或配偶死亡，需迟婚，且婚前曾经波折，然后才可以避免。
1998-01-22,female,女命,13,11-13点,http://mfsm.kvov.com/fx/1998-01-22/mfsmm-13-2.html,7,75%,"本命 交友宫 坐守 天机
本命 交友宫 加会1个及以上 红鸾 天喜 咸池 天姚 沐浴",亲近小人。
1998-01-22,female,女命,13,11-13点,http://mfsm.kvov.com/fx/1998-01-22/mfsmm-13-2.html,8,74%,本命 福德宫 加会 贪狼 廉贞,有色彩感，爱好艺术，喜运动或跳舞。
1998-01-22,female,女命,13,11-13点,http://mfsm.kvov.com/fx/1998-01-22/mfsmm-13-2.html,9,72%,"本命 迁移宫 坐守 破军
本命 迁移宫 三方四正不见 禄存 化禄",不利迁居异地生根，但却利流动各地以生财。
1998-01-22,female,女命,13,11-13点,http://mfsm.kvov.com/fx/1998-01-22/mfsmm-13-2.html,10,72%,"本命 迁移宫 坐守 紫微
本命 迁移宫 三方四正不见 左辅 右弼",不宜到外面发展，外出后易损失、孤立。
1998-01-22,female,女命,13,11-13点,http://mfsm.kvov.com/fx/1998-01-22/mfsmm-13-2.html,11,71%,本命 命宫 坐守 天相,"最佳僚幕人才。
有正义感，但可能较软弱。终身多从事一行职业，不见异思迁。"
1998-01-22,female,女命,13,11-13点,http://mfsm.kvov.com/fx/1998-01-22/mfsmm-13-2.html,12,71%,本命 兄弟宫 坐守 化忌,够朋友，重感情，执行力强，不宜和手足友辈之间有金钱交易。
1998-01-22,female,女命,13,11-13点,http://mfsm.kvov.com/fx/1998-01-22/mfsmm-13-2.html,13,71%,本命 迁移宫 坐守 紫微,在外地遇贵人，在外地有发展前途。
1998-01-22,female,女命,13,11-13点,http://mfsm.kvov.com/fx/1998-01-22/mfsmm-13-2.html,14,71%,本命 夫妻宫 坐守 贪狼,配偶多才多艺，贤能有助，情欲较浓。
1998-01-22,female,女命,13,11-13点,http://mfsm.kvov.com/fx/1998-01-22/mfsmm-13-2.html,15,71%,本命 兄弟宫 坐守 巨门,貌和神离，口舌纷争，兄弟四散各方，一般不宜与人合作事业。场面上朋友多，一深交即易涉及阴私，或竟因此致祸。
1998-01-22,female,女命,13,11-13点,http://mfsm.kvov.com/fx/1998-01-22/mfsmm-13-2.html,16,71%,本命 坐守 天相,"虽多正义感，但也可能流为软弱。
性情持重温和，眼神正大而清和。
终身从事一行职业，不易见异思迁，为最佳僚幕人才。"
1998-01-22,female,女命,13,11-13点,http://mfsm.kvov.com/fx/1998-01-22/mfsmm-13-2.html,17,71%,本命 父母宫 坐守 天梁,双亲有责任感，能够照顾自己，愿意为自己付出，同时也表示上级、长辈、老师对自己的提拔之力甚大。
1998-01-22,female,女命,13,11-13点,http://mfsm.kvov.com/fx/1998-01-22/mfsmm-13-2.html,18,71%,本命 父母宫 坐守 化权,得父母之庇荫，与父母意见较有代沟，较难沟通，父母威严，幼年有外来伤害，如外伤。
1998-01-22,female,女命,13,11-13点,http://mfsm.kvov.com/fx/1998-01-22/mfsmm-13-2.html,19,71%,本命 交友宫 坐守 天机,交友广阔，各阶层有朋友，多专业人才，或精于某一学术、技术者，然彼此较不信任对方，因此流动性快。
1998-01-22,female,女命,13,11-13点,http://mfsm.kvov.com/fx/1998-01-22/mfsmm-13-2.html,20,71%,本命 福德宫 坐守 七杀,心态上容易偏激，其理想多偏重于个人的利益，人生福气不重，内心无法平静。
1998-01-22,female,女命,13,11-13点,http://mfsm.kvov.com/fx/1998-01-22/mfsmm-13-2.html,21,71%,本命 财帛宫 坐守 天府,用钱非常有计划。
1998-01-22,female,女命,13,11-13点,http://mfsm.kvov.com/fx/1998-01-22/mfsmm-13-2.html,22,71%,本命 父母宫 坐守 天同,父母双全，无刑克，可以在双亲的庇阴下成长。
1998-01-22,female,女命,13,11-13点,http://mfsm.kvov.com/fx/1998-01-22/mfsmm-13-2.html,23,71%,本命 子女宫 坐守 化禄,"会因子女带财来，生子后，财富、食禄较显彰。
在外人缘好，异性缘佳。可借合作之力得财富。
自身比较花心。"
1998-01-22,female,女命,13,11-13点,http://mfsm.kvov.com/fx/1998-01-22/mfsmm-13-2.html,24,71%,本命 交友宫 坐守 化科,与朋友相处和睦，有风度、风情，相互关怀，朋友是我的贵人。
1998-01-22,female,女命,13,11-13点,http://mfsm.kvov.com/fx/1998-01-22/mfsmm-13-2.html,25,71%,本命 福德宫 坐守 武曲,为人节俭，爱惜钱财，劳心劳力，不懂享受，急燥固执、不开朗，早年较辛苦。
1998-01-22,female,女命,13,11-13点,http://mfsm.kvov.com/fx/1998-01-22/mfsmm-13-2.html,26,71%,本命 迁移宫 坐守 破军,必须靠专门技能起家。
1998-01-22,female,女命,13,11-13点,http://mfsm.kvov.com/fx/1998-01-22/mfsmm-13-2.html,27,71%,本命 夫妻宫 坐守 廉贞,夫妻和谐，但较不甜蜜，相敬如宾。
1998-01-22,female,女命,13,11-13点,http://mfsm.kvov.com/fx/1998-01-22/mfsmm-13-2.html,28,68%,"本命 坐守1个及以上 陀罗 擎羊
身宫 坐守1个及以上 陀罗 擎羊",有刑克。
1998-01-22,female,女命,13,11-13点,http://mfsm.kvov.com/fx/1998-01-22/mfsmm-13-2.html,29,67%,本命 夫妻宫 坐守 地空,会晚婚，知音难求。晚年可能孤独，配偶不在身边。
1998-01-22,female,女命,13,11-13点,http://mfsm.kvov.com/fx/1998-01-22/mfsmm-13-2.html,30,67%,本命 夫妻宫 坐守 陀罗,天生孤独命，易迟婚，或夫妻貌合神离。
1998-01-22,female,女命,13,11-13点,http://mfsm.kvov.com/fx/1998-01-22/mfsmm-13-2.html,31,67%,本命 独坐 天相,"面色青白，或青白带黄，面型为方脸，或微带圆。
一般均中等身材，中年以后体态可能转为肥胖。
眼光清澈明朗，神色慈和，相貌敦厚，五官端正，举止稳重。
禀性好抱不平，言语诚实，宽厚慨慷，故能济人之急，但感情容易冲动。"
1998-01-22,female,女命,13,11-13点,http://mfsm.kvov.com/fx/1998-01-22/mfsmm-13-2.html,32,67%,本命 坐守 擎羊,"带刑煞之气，易有伤残，所以宜军警、法律、外科医生，或为工程技术人员。
不宜经商，亦不宜文职、从政。"
1998-01-22,female,女命,13,11-13点,http://mfsm.kvov.com/fx/1998-01-22/mfsmm-13-2.html,33,67%,本命 福德宫 坐守 火星,忙碌少清闲，精神生活不安，少乐多忧。内心脾气大，在婚姻中，容易一言不合就生气，需要注意情绪控制。
1998-01-22,female,女命,13,11-13点,http://mfsm.kvov.com/fx/1998-01-22/mfsmm-13-2.html,34,67%,本命 夫妻宫 坐守 地劫,知音难求。晚年可能会孤独，配偶不在身边。
1998-01-22,female,女命,13,11-13点,http://mfsm.kvov.com/fx/1998-01-22/mfsmm-13-2.html,35,67%,身宫 坐守 擎羊,易有伤残，带刑煞之气，宜军警、法律、外科医生，工程技术人员，不宜经商，文职，从政。
1998-01-22,female,女命,13,11-13点,http://mfsm.kvov.com/fx/1998-01-22/mfsmm-13-2.html,36,66%,丁年出生,过于计较又严肃，缺乏幽默感，无法谈笑自如且有些自卑感，不然就是会掩饰真象而言过其实，加上疑心病重，所以很难付出真感情，也不容易有浪漫的感情际遇。
1998-01-22,female,女命,13,11-13点,http://mfsm.kvov.com/fx/1998-01-22/mfsmm-13-2.html,37,66%,本命 官禄宫 加会 地劫 地空 大耗,一生事业多破耗。
1998-01-22,female,女命,13,11-13点,http://mfsm.kvov.com/fx/1998-01-22/mfsmm-13-2.html,38,64%,本命 夫妻宫 加会 地劫 地空,夫妻或因为周遭因素不能常相聚。
1998-01-22,female,女命,13,11-13点,http://mfsm.kvov.com/fx/1998-01-22/mfsmm-13-2.html,39,64%,本命 夫妻宫 坐守 龙池,配偶较讲究情调，精神面需求较高。
1998-01-22,female,女命,13,11-13点,http://mfsm.kvov.com/fx/1998-01-22/mfsmm-13-2.html,40,64%,本命 财帛宫 加会 左辅 右弼,衣禄丰隆，可凭别人助力求财，可考虑独立经营。
1998-01-22,female,女命,13,11-13点,http://mfsm.kvov.com/fx/1998-01-22/mfsmm-13-2.html,41,64%,本命 官禄宫 加会 地劫 地空,一般情况下宜从事较冷僻的行业，或奇兵突出，其营运手法出乎同行的意料之外，唯最忌志大才疏，则终身事业难以振作。
1998-01-22,female,女命,13,11-13点,http://mfsm.kvov.com/fx/1998-01-22/mfsmm-13-2.html,42,64%,本命 福德宫 加会 火星 地空,灵感多、感悟多，也表示思想不随俗。
1998-01-22,female,女命,13,11-13点,http://mfsm.kvov.com/fx/1998-01-22/mfsmm-13-2.html,43,64%,本命 财帛宫 加会 天魁 天钺,有生财的机会，常常由于曲章制度的改变而带来。
1998-01-22,female,女命,13,11-13点,http://mfsm.kvov.com/fx/1998-01-22/mfsmm-13-2.html,44,64%,本命 加会 左辅 右弼,有先天助力，如易结交益友，易得下属助力，无须刻意寻找。
1998-01-22,female,女命,13,11-13点,http://mfsm.kvov.com/fx/1998-01-22/mfsmm-13-2.html,45,64%,本命 福德宫 坐守 旬空,度量大。
1998-01-22,female,女命,13,11-13点,http://mfsm.kvov.com/fx/1998-01-22/mfsmm-13-2.html,46,64%,本命 福德宫 加会 地劫 地空,兴趣爱好、生活习惯较为特殊。
1998-01-22,female,女命,13,11-13点,http://mfsm.kvov.com/fx/1998-01-22/mfsmm-13-2.html,47,64%,本命 子女宫 加会 文昌 文曲,子女聪明。
1998-01-22,female,女命,13,11-13点,http://mfsm.kvov.com/fx/1998-01-22/mfsmm-13-2.html,48,64%,本命 坐守 天虚,尖下巴。
1998-01-22,female,女命,13,11-13点,http://mfsm.kvov.com/fx/1998-01-22/mfsmm-13-2.html,49,61%,本命 夫妻宫 加会2个及以上 火星 铃星 地劫 地空 陀罗 擎羊,夫妻关系多半不佳，多口舌是非、争吵、冷战甚至会离异。
1998-01-22,female,女命,13,11-13点,http://mfsm.kvov.com/fx/1998-01-22/mfsmm-13-2.html,50,59%,本命 坐守1个及以上 地劫 地空 大耗,青少年贫困，破财不聚，多浪费消耗，事业发展艰难。
1998-01-22,female,女命,13,11-13点,http://mfsm.kvov.com/fx/1998-01-22/mfsmm-13-2.html,51,59%,本命 子女宫 坐守1个及以上 火星 铃星,子女多远离膝下。
1998-01-22,female,女命,13,11-13点,http://mfsm.kvov.com/fx/1998-01-22/mfsmm-13-2.html,52,59%,本命 夫妻宫 坐守1个及以上 龙池 凤阁,配偶较讲究情调，精神面需求较高。
1998-01-22,female,女命,13,11-13点,http://mfsm.kvov.com/fx/1998-01-22/mfsmm-13-2.html,53,59%,本命 夫妻宫 坐守1个及以上 火星 铃星 地劫 地空 陀罗 擎羊,配偶往往多有特殊个性或刚强，有主见，有时会增加婚姻的纠纷与争执，多多少少有些困扰。
1998-01-22,female,女命,13,11-13点,http://mfsm.kvov.com/fx/1998-01-22/mfsmm-13-2.html,54,59%,本命 夫妻宫 坐守1个及以上 地劫 地空 陀罗 擎羊,家庭生活单调，夫妻关系较为冷漠。
1998-01-22,female,女命,13,11-13点,http://mfsm.kvov.com/fx/1998-01-22/mfsmm-13-2.html,55,59%,本命 夫妻宫 坐守1个及以上 贪狼 破军 七杀,自身会倾向于选择比较有个性和较活跃型的人。
1998-01-22,female,女命,13,11-13点,http://mfsm.kvov.com/fx/1998-01-22/mfsmm-13-2.html,56,59%,本命 夫妻宫 坐守1个及以上 贪狼 巨门 破军 七杀 文昌 文曲 左辅 右弼 天魁 天钺 咸池 天姚,易有桃花。
1998-01-22,female,女命,13,11-13点,http://mfsm.kvov.com/fx/1998-01-22/mfsmm-13-2.html,57,59%,本命 福德宫 坐守1个及以上 天魁 天钺 化禄 化权 化科,一生常与富贵之人为友，多受助力，终身福厚得享，生活富裕，精神愉快，婚姻运强。
1998-01-22,female,女命,13,11-13点,http://mfsm.kvov.com/fx/1998-01-22/mfsmm-13-2.html,58,59%,本命 子女宫 坐守1个及以上 化忌 火星 铃星 地劫 地空 陀罗 擎羊,易与子女孤单刑克，时起争端。
1998-01-22,female,女命,13,11-13点,http://mfsm.kvov.com/fx/1998-01-22/mfsmm-13-2.html,59,59%,本命 福德宫 坐守1个及以上 龙池 凤阁,有骄傲、高洁、不随俗的特性。
1998-01-22,female,女命,13,11-13点,http://mfsm.kvov.com/fx/1998-01-22/mfsmm-13-2.html,60,59%,本命 官禄宫 坐守1个及以上 天魁 天钺,事业上多贵人，特别是上级、尊长的支持，凡遇困难都会逢凶化吉。
1998-01-22,female,女命,13,11-13点,http://mfsm.kvov.com/fx/1998-01-22/mfsmm-13-2.html,61,58%,本命 官禄宫 坐守 奏书,必擅文字。
1998-01-22,female,女命,13,11-13点,http://mfsm.kvov.com/fx/1998-01-22/mfsmm-13-2.html,62,54%,本命 加会1个及以上 左辅 右弼 天魁 天钺,能得朋友提携、相助之力。
1998-01-22,female,女命,13,11-13点,http://mfsm.kvov.com/fx/1998-01-22/mfsmm-13-2.html,63,50%,身宫 命宫,"主观强烈，不易受外在环境之影响，讨得这类人的欢心，需要极力讨好，做到对方感觉以自我为中心。
个性强，固执，坦率耿直，口硬心软，行事之功过大都自己承担，命运可能大好也可能大坏，一般来讲，平生较劳碌。
宫吉、三方吉拱，就能大好；宫凶、三方又凶则不稳定。"
1998-01-22,female,女命,15,13-15点,http://mfsm.kvov.com/fx/1998-01-22/mfsmm-15-2.html,1,84%,本命 兄弟宫 坐守 贪狼 廉贞,兄弟或知交反易生尤怨，故不以人合作事业为宜。
1998-01-22,female,女命,15,13-15点,http://mfsm.kvov.com/fx/1998-01-22/mfsmm-15-2.html,2,84%,本命 坐守 禄存 化忌,一生难顺，自己叛逆，反抗，领导和父母的坏脾气，遇到的兄弟、朋友、同事都是坏脾气。
1998-01-22,female,女命,15,13-15点,http://mfsm.kvov.com/fx/1998-01-22/mfsmm-15-2.html,3,82%,本命 午宫 坐守 巨门,不宜与人合作，也常迟婚。
1998-01-22,female,女命,15,13-15点,http://mfsm.kvov.com/fx/1998-01-22/mfsmm-15-2.html,4,82%,"本命 子女宫 坐守 天府
本命 加会2个及以上 火星 铃星 地劫 地空 陀罗 擎羊",自身和子女关系不良，子女［性情倔强］。
1998-01-22,female,女命,15,13-15点,http://mfsm.kvov.com/fx/1998-01-22/mfsmm-15-2.html,5,80%,"本命 坐守 禄存
本命 坐守1个及以上 火星 铃星 地劫 地空",巧艺安身，辛苦求财。
1998-01-22,female,女命,15,13-15点,http://mfsm.kvov.com/fx/1998-01-22/mfsmm-15-2.html,6,77%,本命 官禄宫 坐守 太阳 天德,职业宜与人排难解纷。
1998-01-22,female,女命,15,13-15点,http://mfsm.kvov.com/fx/1998-01-22/mfsmm-15-2.html,7,75%,"本命 坐守 禄存
本命 加会1个及以上 擎羊 陀罗 火星 铃星 地劫 地空",多形孤。
1998-01-22,female,女命,15,13-15点,http://mfsm.kvov.com/fx/1998-01-22/mfsmm-15-2.html,8,75%,"本命 坐守 巨门
本命 加会1个及以上 火星 铃星",易得罪人，小心火灾、车祸。
1998-01-22,female,女命,15,13-15点,http://mfsm.kvov.com/fx/1998-01-22/mfsmm-15-2.html,9,75%,"本命 坐守 巨门
本命 加会1个及以上 地劫 地空",与宗教术数缘深。
1998-01-22,female,女命,15,13-15点,http://mfsm.kvov.com/fx/1998-01-22/mfsmm-15-2.html,10,75%,"本命 坐守 巨门
本命 加会1个及以上 禄存 化禄",吉。
1998-01-22,female,女命,15,13-15点,http://mfsm.kvov.com/fx/1998-01-22/mfsmm-15-2.html,11,74%,"身宫 坐守 天梁
身宫 不坐守 命宫",稳重大方，不宜经商，自身有消灾解难的性质，所以终能雨过天晴，自身有灾能解决。
1998-01-22,female,女命,15,13-15点,http://mfsm.kvov.com/fx/1998-01-22/mfsmm-15-2.html,12,72%,"身宫 申宫 坐守 天刑
身宫 不坐守 命宫",宜僧道，否则孤刑，或父母兄弟不得全。
1998-01-22,female,女命,15,13-15点,http://mfsm.kvov.com/fx/1998-01-22/mfsmm-15-2.html,13,71%,本命 迁移宫 坐守 化科,外出平顺，多贵人扶助，风度佳，有风情，做事有计划性，顺利。
1998-01-22,female,女命,15,13-15点,http://mfsm.kvov.com/fx/1998-01-22/mfsmm-15-2.html,14,71%,本命 命宫 坐守 化忌,多疑任性，好管闲事，人际关系不佳，常与人起冲突，为人极易钻牛角尖，思想上易顽固不化，个性强善嫉妒，做事每易功败垂成。
1998-01-22,female,女命,15,13-15点,http://mfsm.kvov.com/fx/1998-01-22/mfsmm-15-2.html,15,71%,本命 福德宫 坐守 化权,喜欢享受，有福可享，敢花、较劳心劳力、难得清闲、自我主观意识强。
1998-01-22,female,女命,15,13-15点,http://mfsm.kvov.com/fx/1998-01-22/mfsmm-15-2.html,16,71%,本命 夫妻宫 坐守 化禄,"夫妇感情丰富、情深义重。
结婚后有食禄、财富更显彰。
借助配偶之力较能得食禄、财富。
姻缘早发，未必早婚，喜自由恋爱结婚。
与配偶缘深，配偶人缘好，只是未必貌美。"
1998-01-22,female,女命,15,13-15点,http://mfsm.kvov.com/fx/1998-01-22/mfsmm-15-2.html,17,71%,身宫 坐守 天同,"微胖丰满，眉清目秀，软弱，易有享受。
先贫后福，先无后有，人生有一段艰辛。"
1998-01-22,female,女命,15,13-15点,http://mfsm.kvov.com/fx/1998-01-22/mfsmm-15-2.html,18,71%,本命 子女宫 坐守 天府,和子女之间感情深厚，子女孝顺。
1998-01-22,female,女命,15,13-15点,http://mfsm.kvov.com/fx/1998-01-22/mfsmm-15-2.html,19,71%,本命 夫妻宫 坐守 太阴,婚姻浪漫，感情丰富，偶尔有些变化不足为奇，只怕桃花运走到时，就泛滥了。为人心思慎密(宜多交流)，你应满足他或她温柔的爱，那么再也没有比其更好的对象了。婚姻的相处不可淡漠，须多些热情。
1998-01-22,female,女命,15,13-15点,http://mfsm.kvov.com/fx/1998-01-22/mfsmm-15-2.html,20,71%,"本命 坐守 地劫
本命 加会1个及以上 火星 铃星",敢赚敢花，买空卖空。
1998-01-22,female,女命,15,13-15点,http://mfsm.kvov.com/fx/1998-01-22/mfsmm-15-2.html,21,71%,本命 迁移宫 坐守 天机,易出门离乡发展，但却不一定离乡定居，有时仅为从事工作，需要经常离家。
1998-01-22,female,女命,15,13-15点,http://mfsm.kvov.com/fx/1998-01-22/mfsmm-15-2.html,22,71%,本命 官禄宫 坐守 太阳,其一生必不守一业，除非所业系带极专门性质，或职业之涵盖面广、接触面广，如社会工作者，保险经纪等。
1998-01-22,female,女命,15,13-15点,http://mfsm.kvov.com/fx/1998-01-22/mfsmm-15-2.html,23,71%,本命 坐守 禄存,"有很强的经济观念，生性节俭，不喜浪费。
聪明耿直，有机变，多学多能，一生财运佳。
慈祥厚道和蔼可亲，品貌持重信义卓著，行事稳健沉着，有被动的倾向。"
1998-01-22,female,女命,15,13-15点,http://mfsm.kvov.com/fx/1998-01-22/mfsmm-15-2.html,24,71%,身宫 坐守 天梁,人生欠积极，较懒散、随便、拖延，有佛道信仰，谓之有善根，宜从事哲学方面的研究。
1998-01-22,female,女命,15,13-15点,http://mfsm.kvov.com/fx/1998-01-22/mfsmm-15-2.html,25,71%,本命 田宅宫 坐守 武曲,田宅受风水影响，壬年或大运为壬时需注意。
1998-01-22,female,女命,15,13-15点,http://mfsm.kvov.com/fx/1998-01-22/mfsmm-15-2.html,26,71%,本命 坐守 巨门,"为人师表，可为公关、播音人才，可从事外交或律师。
好表现自己，但如果学少精湛，其才不足以济其用，就变成不容易服人，因此招惹嫌忌。"
1998-01-22,female,女命,15,13-15点,http://mfsm.kvov.com/fx/1998-01-22/mfsmm-15-2.html,27,71%,本命 坐守 化忌,为人处事比较执着，一旦投入爱情就容易死心蹋地，不计一切的付出。
1998-01-22,female,女命,15,13-15点,http://mfsm.kvov.com/fx/1998-01-22/mfsmm-15-2.html,28,71%,本命 福德宫 坐守 天同,精神比较高尚，喜安享，不定性，懒散。
1998-01-22,female,女命,15,13-15点,http://mfsm.kvov.com/fx/1998-01-22/mfsmm-15-2.html,29,71%,本命 福德宫 坐守 天梁,思想清高，有名士风味而不得闲，盖必有待其排解之事发生，而致自身为虚名而奔忙。 甚深之佛道信仰，谓之有善根，宜从事哲学方面的研究。
1998-01-22,female,女命,15,13-15点,http://mfsm.kvov.com/fx/1998-01-22/mfsmm-15-2.html,30,69%,本命 兄弟宫 加会 贪狼 铃星,横发。
1998-01-22,female,女命,15,13-15点,http://mfsm.kvov.com/fx/1998-01-22/mfsmm-15-2.html,31,67%,本命 夫妻宫 坐守 地空,会晚婚，知音难求。晚年可能孤独，配偶不在身边。
1998-01-22,female,女命,15,13-15点,http://mfsm.kvov.com/fx/1998-01-22/mfsmm-15-2.html,32,67%,本命 兄弟宫 坐守 陀罗,兄弟姐妹对立不和，感情不睦，或缘分平淡少往来，无助力，或在关键时刻被兄弟或朋友出买。
1998-01-22,female,女命,15,13-15点,http://mfsm.kvov.com/fx/1998-01-22/mfsmm-15-2.html,33,67%,本命 独坐 巨门,"面色青黄，面型长方，或长圆，一般体态瘦小，或中等身材。
心性忠厚，但多疑，面目清秀，口才流利，有正义感，唯多学少精，且常无事奔忙，做事心性无定。"
1998-01-22,female,女命,15,13-15点,http://mfsm.kvov.com/fx/1998-01-22/mfsmm-15-2.html,34,67%,本命 坐守 地劫,"心高气傲、狐假虎威，想多做少，进退无逻辑的个性，是败事的前因，而非成事的条件。
行动时也草率为之，茫然无以为据，到处乱闯，偶有所成，随即败逃，波折难免。
未得先失或得而复失，不重视财物，未能理性对待财物、人生，凭直觉、感觉行事，想到就做，遇挫即收，无法记取失败的教训，因而有履战履败，履败履战的不怕死风骨，成功不易，聚财也难。"
1998-01-22,female,女命,15,13-15点,http://mfsm.kvov.com/fx/1998-01-22/mfsmm-15-2.html,35,67%,本命 交友宫 坐守 天马,朋友下属助力极短。
1998-01-22,female,女命,15,13-15点,http://mfsm.kvov.com/fx/1998-01-22/mfsmm-15-2.html,36,66%,本命 加会3个及以上 化忌 火星 铃星 地劫 地空 陀罗 擎羊,兄弟姐妹体弱，或刑克分离，甚至无兄弟姐妹。
1998-01-22,female,女命,15,13-15点,http://mfsm.kvov.com/fx/1998-01-22/mfsmm-15-2.html,37,66%,本命 交友宫 加会3个及以上 文昌 文曲 左辅 右弼 天魁 天钺,可得朋友帮助。
1998-01-22,female,女命,15,13-15点,http://mfsm.kvov.com/fx/1998-01-22/mfsmm-15-2.html,38,66%,本命 财帛宫 加会3个及以上 化忌 火星 铃星 地劫 地空 陀罗 擎羊,钱财必有大破败的情况，纵发一时之财，也会因财致祸，多财务纠纷，财不能久留。
1998-01-22,female,女命,15,13-15点,http://mfsm.kvov.com/fx/1998-01-22/mfsmm-15-2.html,39,66%,丁年出生,过于计较又严肃，缺乏幽默感，无法谈笑自如且有些自卑感，不然就是会掩饰真象而言过其实，加上疑心病重，所以很难付出真感情，也不容易有浪漫的感情际遇。
1998-01-22,female,女命,15,13-15点,http://mfsm.kvov.com/fx/1998-01-22/mfsmm-15-2.html,40,66%,本命 疾病宫 加会3个及以上 化忌 火星 铃星 地劫 地空 陀罗 擎羊,一生多病多灾，或受慢性病的折磨而难以治疗。
1998-01-22,female,女命,15,13-15点,http://mfsm.kvov.com/fx/1998-01-22/mfsmm-15-2.html,41,64%,本命 迁移宫 加会 地劫 地空,朋友交不长久，常变动；或与主管、老板缘薄。
1998-01-22,female,女命,15,13-15点,http://mfsm.kvov.com/fx/1998-01-22/mfsmm-15-2.html,42,64%,本命 子女宫 加会 文昌 文曲,子女聪明。
1998-01-22,female,女命,15,13-15点,http://mfsm.kvov.com/fx/1998-01-22/mfsmm-15-2.html,43,64%,本命 坐守 解神,相当的聪明，而且认真努力，心思细腻，对待他人相当的体贴及温柔，能逢凶化吉。本身具有消灾解厄，化险为夷的功能，意即当可能将要面临到无法预知的困难或危险时，突然会有一种心电感应，或是特殊的意念，因此逃过一场劫难。
1998-01-22,female,女命,15,13-15点,http://mfsm.kvov.com/fx/1998-01-22/mfsmm-15-2.html,44,64%,本命 迁移宫 坐守 天姚,往往拥有很好的人际关系，外缘好更不在话下，尤其常能得助于异性朋友。
1998-01-22,female,女命,15,13-15点,http://mfsm.kvov.com/fx/1998-01-22/mfsmm-15-2.html,45,64%,本命 福德宫 坐守 旬空,度量大。
1998-01-22,female,女命,15,13-15点,http://mfsm.kvov.com/fx/1998-01-22/mfsmm-15-2.html,46,64%,本命 官禄宫 加会 地劫 地空,一般情况下宜从事较冷僻的行业，或奇兵突出，其营运手法出乎同行的意料之外，唯最忌志大才疏，则终身事业难以振作。
1998-01-22,female,女命,15,13-15点,http://mfsm.kvov.com/fx/1998-01-22/mfsmm-15-2.html,47,64%,本命 坐守 咸池,自身感情很丰富，比较风流，重视物质上的生活，贪图美色，最爱吃喝玩乐的事情，因此容易挥霍钱财，又不思进取，而坐吃山空。会因为色而带来问题、烦恼，甚至是破财。
1998-01-22,female,女命,15,13-15点,http://mfsm.kvov.com/fx/1998-01-22/mfsmm-15-2.html,48,64%,本命 官禄宫 加会 天魁 天钺,事业上多贵人，特别是上级、尊长的支持，凡遇困难都会逢凶化吉。
1998-01-22,female,女命,15,13-15点,http://mfsm.kvov.com/fx/1998-01-22/mfsmm-15-2.html,49,63%,"本命 坐守1个及以上 贪狼 廉贞 红鸾 天喜 咸池 天姚 沐浴
本命 加会1个及以上 禄存 化禄",有创造力，可以拥有独特的创意，可通过从事艺术类的工作而发达。
1998-01-22,female,女命,15,13-15点,http://mfsm.kvov.com/fx/1998-01-22/mfsmm-15-2.html,50,61%,本命 加会2个及以上 红鸾 天喜 咸池 天姚 沐浴,"长相不赖，举止斯文得体，善于在有意无意间释放魅力，人缘好，能得到异性的青睐，处事的手腕圆滑，能接受新观念，即使不放电，也满容易得到异性的怜爱与包容。
由于思维细腻，第六感敏锐，才华洋溢，好高骛远，对于浪漫的爱情生活十分积极主动，也十分向往，善用智慧及创意才华来赚钱。
偏财运及横财运好，也十分喜欢钱财，会追求高收入以满足自己的生活品味及兴趣爱好。有完美主义的刚烈个性，很有企图心，拼劲十足，韧性很强，能够不畏困难完成使命，努力追求自我成就。"
1998-01-22,female,女命,15,13-15点,http://mfsm.kvov.com/fx/1998-01-22/mfsmm-15-2.html,51,61%,本命 加会2个及以上 化忌 地劫 地空 陀罗 擎羊,秀而不实福泽有损（富不全），或富贵只得其一，或富不很富，贵不很贵，或因富贵致祸，或人生有其他缺憾。
1998-01-22,female,女命,15,13-15点,http://mfsm.kvov.com/fx/1998-01-22/mfsmm-15-2.html,52,61%,本命 夫妻宫 加会2个及以上 火星 铃星 地劫 地空 陀罗 擎羊,夫妻关系多半不佳，多口舌是非、争吵、冷战甚至会离异。
1998-01-22,female,女命,15,13-15点,http://mfsm.kvov.com/fx/1998-01-22/mfsmm-15-2.html,53,61%,本命 夫妻宫 加会2个及以上 红鸾 天喜 咸池 天姚 沐浴,有选择较潇洒花俏的对象倾向外，在对异性的感情方面，也会较感性和感情较丰富。
1998-01-22,female,女命,15,13-15点,http://mfsm.kvov.com/fx/1998-01-22/mfsmm-15-2.html,54,61%,本命 交友宫 加会2个及以上 火星 铃星 地劫 地空 陀罗 擎羊,多小人、破耗、纠纷、是非，易遭背弃与损害。
1998-01-22,female,女命,15,13-15点,http://mfsm.kvov.com/fx/1998-01-22/mfsmm-15-2.html,55,61%,本命 午宫,容易少了冲动或过于理智，有如运球于篮下，却始终无法进球；但是冲动的后果，却是怨声连连，相互之间有如桎梏与锁链!
1998-01-22,female,女命,15,13-15点,http://mfsm.kvov.com/fx/1998-01-22/mfsmm-15-2.html,56,60%,本命 财帛宫 加会 红鸾 天喜,宜经营以异性为顾客的有关行业求财。
1998-01-22,female,女命,15,13-15点,http://mfsm.kvov.com/fx/1998-01-22/mfsmm-15-2.html,57,60%,本命 田宅宫 加会 龙池 凤阁,房屋美观、清洁。
1998-01-22,female,女命,15,13-15点,http://mfsm.kvov.com/fx/1998-01-22/mfsmm-15-2.html,58,60%,"本命 官禄宫 坐守1个及以上 火星 铃星
本命 官禄宫 三方四正不见 紫微 贪狼",事业上劳多功少，待遇菲薄，环境恶劣，多转职，虽有工作较难长久。
1998-01-22,female,女命,15,13-15点,http://mfsm.kvov.com/fx/1998-01-22/mfsmm-15-2.html,59,60%,本命 加会 红鸾 天姚,自身桃花重。
1998-01-22,female,女命,15,13-15点,http://mfsm.kvov.com/fx/1998-01-22/mfsmm-15-2.html,60,59%,本命 福德宫 坐守1个及以上 化忌 陀罗 擎羊 天刑,多烦恼纠纷，福薄不安。
1998-01-22,female,女命,15,13-15点,http://mfsm.kvov.com/fx/1998-01-22/mfsmm-15-2.html,61,59%,本命 夫妻宫 坐守1个及以上 火星 铃星 地劫 地空 陀罗 擎羊,配偶往往多有特殊个性或刚强，有主见，有时会增加婚姻的纠纷与争执，多多少少有些困扰。
1998-01-22,female,女命,15,13-15点,http://mfsm.kvov.com/fx/1998-01-22/mfsmm-15-2.html,62,59%,本命 官禄宫 坐守1个及以上 火星 铃星,多波折，往往经艰苦而才能底定事业。
1998-01-22,female,女命,15,13-15点,http://mfsm.kvov.com/fx/1998-01-22/mfsmm-15-2.html,63,59%,本命 坐守1个及以上 红鸾 天喜 咸池 天姚 沐浴,自身易有异性缘。
1998-01-22,female,女命,15,13-15点,http://mfsm.kvov.com/fx/1998-01-22/mfsmm-15-2.html,64,59%,本命 父母宫 坐守1个及以上 陀罗 擎羊,幼年刑伤，父母不全，先克父后克母。
1998-01-22,female,女命,15,13-15点,http://mfsm.kvov.com/fx/1998-01-22/mfsmm-15-2.html,65,59%,本命 福德宫 坐守1个及以上 天魁 天钺 化禄 化权 化科,一生常与富贵之人为友，多受助力，终身福厚得享，生活富裕，精神愉快，婚姻运强。
1998-01-22,female,女命,15,13-15点,http://mfsm.kvov.com/fx/1998-01-22/mfsmm-15-2.html,66,59%,本命 夫妻宫 坐守1个及以上 天梁 天同 天机 太阴,自身会倾向于选择外表和个性属于较温和的人。
1998-01-22,female,女命,15,13-15点,http://mfsm.kvov.com/fx/1998-01-22/mfsmm-15-2.html,67,59%,本命 坐守1个及以上 地劫 地空,能有一再尝试的心理，可为杰出人才。
1998-01-22,female,女命,15,13-15点,http://mfsm.kvov.com/fx/1998-01-22/mfsmm-15-2.html,68,59%,本命 财帛宫 坐守1个及以上 地劫 地空 天空 旬空,不适合做生意，容易资金短缺。在网上开店做生意反而合适，因为网店在卖出货物之后，要等到买家确认收货才能收到钱，这本身就是一种“资金拖延”。
1998-01-22,female,女命,15,13-15点,http://mfsm.kvov.com/fx/1998-01-22/mfsmm-15-2.html,69,59%,本命 父母宫 坐守1个及以上 火星 铃星 陀罗 擎羊,父母之一有疾病在身。
1998-01-22,female,女命,15,13-15点,http://mfsm.kvov.com/fx/1998-01-22/mfsmm-15-2.html,70,59%,本命 夫妻宫 坐守1个及以上 地劫 地空 陀罗 擎羊,家庭生活单调，夫妻关系较为冷漠。
1998-01-22,female,女命,15,13-15点,http://mfsm.kvov.com/fx/1998-01-22/mfsmm-15-2.html,71,58%,本命 福德宫 坐守 长生,思想、内涵可以通过不断思考而成长。
1998-01-22,female,女命,15,13-15点,http://mfsm.kvov.com/fx/1998-01-22/mfsmm-15-2.html,72,55%,"本命 加会1个及以上 火星 铃星
本命 三方四正不见 贪狼",秀而不实福泽有损（富不全），或富贵只得其一，或富不很富，贵不很贵，或因富贵致祸，或人生有其他缺憾。
1998-01-22,female,女命,15,13-15点,http://mfsm.kvov.com/fx/1998-01-22/mfsmm-15-2.html,73,54%,本命 福德宫 加会1个及以上 孤辰 寡宿,精神空虚，思想独立。
1998-01-22,female,女命,15,13-15点,http://mfsm.kvov.com/fx/1998-01-22/mfsmm-15-2.html,74,54%,本命 加会1个及以上 火星 铃星,一生容易从事体力、劳力的工作，自身体能也较佳，具爆发力。
1998-01-22,female,女命,15,13-15点,http://mfsm.kvov.com/fx/1998-01-22/mfsmm-15-2.html,75,50%,身宫 福德宫,"有钱花在自己身上，满足于娱乐，比较爱享受，享福，注重生活品质，可能会有些缺乏积极进取，努力奋斗的精神，可能会承袭祖上余荫之生活方式，不愿去做改变。
或一生辛劳，过着闷闷不乐的生活；或有钱不会花，为守财奴；或能知足常乐。"
1998-01-22,female,女命,17,15-17点,http://mfsm.kvov.com/fx/1998-01-22/mfsmm-17-2.html,1,82%,"本命 坐守 紫微
本命 加会2个及以上 地劫 地空 天空 旬空 华盖",出世之士，但仅指精神方面，并不一定出家为僧。在现代社会，亦可以是一个精研宗教和哲学的博士，或是一位精通五行的导师。
1998-01-22,female,女命,17,15-17点,http://mfsm.kvov.com/fx/1998-01-22/mfsmm-17-2.html,2,82%,"本命 坐守 七杀
本命 加会2个及以上 化忌 火星 铃星 地劫 地空 陀罗 擎羊",大起大落，防暴发暴败，纵然有一时发达也难长久，结局大多不佳。
1998-01-22,female,女命,17,15-17点,http://mfsm.kvov.com/fx/1998-01-22/mfsmm-17-2.html,3,82%,"本命 坐守 紫微
本命 加会2个及以上 化忌 擎羊 陀罗 火星 铃星 地劫 地空",耳朵软，易听谗言是非。
1998-01-22,female,女命,17,15-17点,http://mfsm.kvov.com/fx/1998-01-22/mfsmm-17-2.html,4,82%,本命 巳宫 坐守 七杀,常得贵人提携，事业青云直上，而能成富贵。
1998-01-22,female,女命,17,15-17点,http://mfsm.kvov.com/fx/1998-01-22/mfsmm-17-2.html,5,82%,"本命 财帛宫 坐守 武曲
本命 财帛宫 加会2个及以上 化忌 地劫 地空 陀罗 擎羊",钱财必有大破败的情况，纵发一时之财，也会因财致祸，多财务纠纷，财不能久留。
1998-01-22,female,女命,17,15-17点,http://mfsm.kvov.com/fx/1998-01-22/mfsmm-17-2.html,6,81%,"本命 财帛宫 坐守 武曲
本命 财帛宫 加会 龙池 凤阁",以金属工艺兴家。
1998-01-22,female,女命,17,15-17点,http://mfsm.kvov.com/fx/1998-01-22/mfsmm-17-2.html,7,81%,"本命 坐守 紫微
本命 加会 龙池 凤阁",有才艺，尤其是工艺手艺方面。
1998-01-22,female,女命,17,15-17点,http://mfsm.kvov.com/fx/1998-01-22/mfsmm-17-2.html,8,80%,本命 迁移宫 坐守 天府 火星,出门遇意外损伤，尤其是遇上交通意外。
1998-01-22,female,女命,17,15-17点,http://mfsm.kvov.com/fx/1998-01-22/mfsmm-17-2.html,9,80%,"本命 坐守 七杀
本命 坐守1个及以上 火星 铃星 地劫 地空 陀罗 擎羊",一生多灾多难，带疾、伤残则能长寿。
1998-01-22,female,女命,17,15-17点,http://mfsm.kvov.com/fx/1998-01-22/mfsmm-17-2.html,10,80%,本命 坐守 七杀 陀罗,性固执善妒，举止不定，易遭暗面横逆。
1998-01-22,female,女命,17,15-17点,http://mfsm.kvov.com/fx/1998-01-22/mfsmm-17-2.html,11,79%,"本命 加会 贪狼
本命 加会1个及以上 火星 铃星
本命 加会1个及以上 陀罗 擎羊
本命 加会2个及以下 文昌 文曲 左辅 右弼 天魁 天钺",横发后立即横破。
1998-01-22,female,女命,17,15-17点,http://mfsm.kvov.com/fx/1998-01-22/mfsmm-17-2.html,12,79%,"本命 坐守 紫微
本命 加会 天福",能享福。
1998-01-22,female,女命,17,15-17点,http://mfsm.kvov.com/fx/1998-01-22/mfsmm-17-2.html,13,78%,"本命 坐守 紫微
本命 加会2个及以下 文昌 文曲 左辅 右弼 天魁 天钺 禄存 化禄
本命 三方四正不见 地劫 地空 天空",[在野孤君]进退失据，不肯低头服小，因而造成自己的坎坷。
1998-01-22,female,女命,17,15-17点,http://mfsm.kvov.com/fx/1998-01-22/mfsmm-17-2.html,14,77%,本命 坐守 七杀 龙池,老年耳聋。
1998-01-22,female,女命,17,15-17点,http://mfsm.kvov.com/fx/1998-01-22/mfsmm-17-2.html,15,76%,本命 加会 武曲 七杀 天厨,可经营饮食业。
1998-01-22,female,女命,17,15-17点,http://mfsm.kvov.com/fx/1998-01-22/mfsmm-17-2.html,16,75%,"本命 财帛宫 坐守 武曲
本命 财帛宫 加会1个及以上 陀罗 擎羊",白手成家，需防败光。
1998-01-22,female,女命,17,15-17点,http://mfsm.kvov.com/fx/1998-01-22/mfsmm-17-2.html,17,75%,"本命 坐守 七杀
本命 加会1个及以上 文昌 文曲 龙池 凤阁 天才",在技艺上有聪明才智。
1998-01-22,female,女命,17,15-17点,http://mfsm.kvov.com/fx/1998-01-22/mfsmm-17-2.html,18,75%,"本命 坐守 七杀
本命 加会1个及以上 化忌 火星 铃星 地劫 地空 陀罗 擎羊",人生必有缺陷，或不能富贵，或配偶刑克分离，或无子女，或有女而无子，或多疾病。如果六亲无缺，身体健康，则往往不能富贵。
1998-01-22,female,女命,17,15-17点,http://mfsm.kvov.com/fx/1998-01-22/mfsmm-17-2.html,19,75%,"本命 财帛宫 坐守 贪狼
本命 财帛宫 加会1个及以上 天刑 天虚 天月",可从事与医药有关的工作者。
1998-01-22,female,女命,17,15-17点,http://mfsm.kvov.com/fx/1998-01-22/mfsmm-17-2.html,20,75%,"本命 财帛宫 坐守 贪狼
本命 财帛宫 加会1个及以上 廉贞 红鸾 天喜 咸池 天姚 沐浴",会因美色而破财遭灾，宜赚娱乐之财、异性之财，或经营娱乐行业，以求趋避。
1998-01-22,female,女命,17,15-17点,http://mfsm.kvov.com/fx/1998-01-22/mfsmm-17-2.html,21,74%,本命 父母宫 加会 太阳 太阴,祖产败退，克父母。
1998-01-22,female,女命,17,15-17点,http://mfsm.kvov.com/fx/1998-01-22/mfsmm-17-2.html,22,74%,本命 命宫 加会 贪狼 廉贞,有色彩感，爱好艺术，喜运动或跳舞。
1998-01-22,female,女命,17,15-17点,http://mfsm.kvov.com/fx/1998-01-22/mfsmm-17-2.html,23,73%,"本命 财帛宫 坐守 破碎
本命 财帛宫 坐守1个及以上 武曲 天府 太阴 禄存 化禄",削弱财气，得一笔钱财的同时，也必损耗一部分。
1998-01-22,female,女命,17,15-17点,http://mfsm.kvov.com/fx/1998-01-22/mfsmm-17-2.html,24,73%,"本命 加会 贪狼
本命 加会1个及以上 火星 铃星
本命 加会1个及以上 陀罗 擎羊",爆发之后产生竞争，伏下暴败之机，必须及时采取保守方针，放弃与对手竞争，然后才可趋吉避凶。
1998-01-22,female,女命,17,15-17点,http://mfsm.kvov.com/fx/1998-01-22/mfsmm-17-2.html,25,71%,本命 迁移宫 坐守 天府,出外有贵人，发展安定，能稳步发展。
1998-01-22,female,女命,17,15-17点,http://mfsm.kvov.com/fx/1998-01-22/mfsmm-17-2.html,26,71%,身宫 坐守 破军,"能者多劳，能攻不能守，脾气暴燥，正直刚烈，遇困难能表现出领导才能与开创的魄力。
一生事业变动大，经商者多由旧事业翻出新的局面，多双重事业，或兼差兼职，或经常负担额外的工作。
擅开创而不擅守成的性格，创业安定之际，也时生改变局面之心，常易在转折点受到挫折。
先有破坏而后建设，自身的危难多，每易尾大不掉，陷于困境而不能自拔。"
1998-01-22,female,女命,17,15-17点,http://mfsm.kvov.com/fx/1998-01-22/mfsmm-17-2.html,27,71%,本命 疾病宫 坐守 化禄,脾气好，幼年多灾病、难善、过房吃别人家水、米、或给神明当儿子，有解厄之功。
1998-01-22,female,女命,17,15-17点,http://mfsm.kvov.com/fx/1998-01-22/mfsmm-17-2.html,28,71%,本命 官禄宫 坐守 廉贞,"较重视事业，在任何环境中都较易执掌权威（多室内职务），工作性质、地点、环境较复杂。
宜公职，军警、司法等，民企则偏于电器业。"
1998-01-22,female,女命,17,15-17点,http://mfsm.kvov.com/fx/1998-01-22/mfsmm-17-2.html,29,71%,本命 兄弟宫 坐守 化科,与兄弟姊妹有缘，相处和睦，兄弟姊妹可为自己的贵人。一生贵人多，异性缘佳。
1998-01-22,female,女命,17,15-17点,http://mfsm.kvov.com/fx/1998-01-22/mfsmm-17-2.html,30,71%,本命 夫妻宫 坐守 天相,配偶有正义感，乐于助人。
1998-01-22,female,女命,17,15-17点,http://mfsm.kvov.com/fx/1998-01-22/mfsmm-17-2.html,31,71%,本命 财帛宫 坐守 贪狼,生性浪费，一生破耗不小，财运起伏，多为经商，宜从事冒险或投机事业，或者同时经营多种事业，财路上能得到异性帮助。
1998-01-22,female,女命,17,15-17点,http://mfsm.kvov.com/fx/1998-01-22/mfsmm-17-2.html,32,71%,本命 官禄宫 坐守 破军,宜注意新产品，新技术，或从事冒险性行业。
1998-01-22,female,女命,17,15-17点,http://mfsm.kvov.com/fx/1998-01-22/mfsmm-17-2.html,33,71%,本命 坐守 七杀,"多白手兴家，崛起于草莽，或身无分文转瞬却腰缠万贯，或功成名就之中却又一朝暴败，钱财散尽。
经商从公皆可，经商宜以经营实业，若投机有倾家荡产之危险。
多从事开创性的行业具危险性之工作，如建筑业、重工业、生产业、机械、车辆、运输、医师、格斗武术、运动员、警察、军人、证券、金融、外销、公司老板、实业家等。"
1998-01-22,female,女命,17,15-17点,http://mfsm.kvov.com/fx/1998-01-22/mfsmm-17-2.html,34,71%,本命 子女宫 坐守 巨门,长子难养，多损头胎，以迟得为宜。子女口才好，内向，有代沟，顽固，思想相背。
1998-01-22,female,女命,17,15-17点,http://mfsm.kvov.com/fx/1998-01-22/mfsmm-17-2.html,35,71%,本命 疾病宫 坐守 太阴,"易有肾、泌尿生殖器、腰腹疾患。虚亏、鼓胀、脚肿、湿气、脾胃、阴萎、泻痢、小肠湿热之症。也因肾脏不健全，常致眼睛昏花。太阴主肾、泌尿生殖器、腰及下腹之疾患。
症状：腰痛、腹痛、喉干、舌苔增多、生理不调、腹冷、咳嗽、耳鸣、脚肢无力、早泄、多尿、视力衰退等。
女性得妇科病。"
1998-01-22,female,女命,17,15-17点,http://mfsm.kvov.com/fx/1998-01-22/mfsmm-17-2.html,36,71%,本命 财帛宫 坐守 武曲,求财，必先有事业然后有钱财，利经商，从事专业，缺少父荫，须藉一己之力开创，擅长以钱赚钱，一般很少会安于任职。
1998-01-22,female,女命,17,15-17点,http://mfsm.kvov.com/fx/1998-01-22/mfsmm-17-2.html,37,71%,"本命 坐守 陀罗
本命 加会1个及以上 火星 铃星",易破财，易受骗。
1998-01-22,female,女命,17,15-17点,http://mfsm.kvov.com/fx/1998-01-22/mfsmm-17-2.html,38,71%,本命 父母宫 坐守 禄存,思想有激发力，行动往往犹豫不决。
1998-01-22,female,女命,17,15-17点,http://mfsm.kvov.com/fx/1998-01-22/mfsmm-17-2.html,39,71%,本命 子女宫 坐守 化忌,有亏欠子女的感受，有溺爱子女之象，与子女缘份较薄或得子较晚，或生产较不顺之象，较不宜合作，需注意意外。
1998-01-22,female,女命,17,15-17点,http://mfsm.kvov.com/fx/1998-01-22/mfsmm-17-2.html,40,71%,本命 疾病宫 坐守 化权,易有意外伤害，如碰伤、撞伤、跌伤；表现欲强，喜出风头，脾气刚烈，不易随和。
1998-01-22,female,女命,17,15-17点,http://mfsm.kvov.com/fx/1998-01-22/mfsmm-17-2.html,41,71%,本命 坐守 紫微,"有气派，有领导力，爱发号施令。有调解力，有竞争力。有自尊心，而且性格强烈。
性格上便容易表现得恃才傲物，好恶随心，倘若所会照的是煞曜而非吉曜，则有爱之欲其生、恶之欲其死的偏激。但处于逆境之吋，却能忍受内心的痛苦，不肯表露。"
1998-01-22,female,女命,17,15-17点,http://mfsm.kvov.com/fx/1998-01-22/mfsmm-17-2.html,42,70%,"本命 财帛宫 坐守1个及以上 贪狼 巨门 破军 天梁 七杀 天机
本命 财帛宫 加会2个及以上 化忌 火星 铃星 地劫 地空 陀罗 擎羊",多为好赌之辈，可能血本无归。
1998-01-22,female,女命,17,15-17点,http://mfsm.kvov.com/fx/1998-01-22/mfsmm-17-2.html,43,69%,"本命 加会 贪狼
本命 加会1个及以上 化忌 陀罗 擎羊",多感情复杂之纠纷。
1998-01-22,female,女命,17,15-17点,http://mfsm.kvov.com/fx/1998-01-22/mfsmm-17-2.html,44,69%,"本命 加会 贪狼
本命 加会1个及以上 陀罗 擎羊",不宜投机，有也易横发横破。
1998-01-22,female,女命,17,15-17点,http://mfsm.kvov.com/fx/1998-01-22/mfsmm-17-2.html,45,67%,本命 福德宫 坐守 擎羊,心性急燥，一生操心不宁，多劳，多牢骚，外表老成易显老，内涵不足，嫉妒心强。
1998-01-22,female,女命,17,15-17点,http://mfsm.kvov.com/fx/1998-01-22/mfsmm-17-2.html,46,67%,本命 福德宫 空宫,希望能有段美好的婚姻感情，但是通常难以如愿，往往婚姻感情都需要付出很大的努力。
1998-01-22,female,女命,17,15-17点,http://mfsm.kvov.com/fx/1998-01-22/mfsmm-17-2.html,47,67%,本命 福德宫 坐守 地劫,多悲观，多空想，劳多成少，理想与现实脱节，进取心不强，凡事易中途而废。在婚姻或感情中，就很容易出现感情淡薄，或是觉得另一半不如期待的情况。
1998-01-22,female,女命,17,15-17点,http://mfsm.kvov.com/fx/1998-01-22/mfsmm-17-2.html,48,67%,本命 夫妻宫 坐守 左辅,能成为伴侣的往往是人生的某个阶段中，对你有助力的人，但两人的观念有颇多待磨合之处，容易背道而驰，很容易有第三者介入，也很可能会二婚。
1998-01-22,female,女命,17,15-17点,http://mfsm.kvov.com/fx/1998-01-22/mfsmm-17-2.html,49,67%,本命 夫妻宫 坐守 地空,会晚婚，知音难求。晚年可能孤独，配偶不在身边。
1998-01-22,female,女命,17,15-17点,http://mfsm.kvov.com/fx/1998-01-22/mfsmm-17-2.html,50,67%,本命 迁移宫 坐守 火星,多长途寂寞，青少年时孤单自立，婚姻关系易受创伤。
1998-01-22,female,女命,17,15-17点,http://mfsm.kvov.com/fx/1998-01-22/mfsmm-17-2.html,51,66%,本命 财帛宫 加会3个及以上 化忌 火星 铃星 地劫 地空 陀罗 擎羊,钱财必有大破败的情况，纵发一时之财，也会因财致祸，多财务纠纷，财不能久留。
1998-01-22,female,女命,17,15-17点,http://mfsm.kvov.com/fx/1998-01-22/mfsmm-17-2.html,52,66%,本命 交友宫 加会3个及以上 文昌 文曲 左辅 右弼 天魁 天钺,可得朋友帮助。
1998-01-22,female,女命,17,15-17点,http://mfsm.kvov.com/fx/1998-01-22/mfsmm-17-2.html,53,66%,丁年出生,过于计较又严肃，缺乏幽默感，无法谈笑自如且有些自卑感，不然就是会掩饰真象而言过其实，加上疑心病重，所以很难付出真感情，也不容易有浪漫的感情际遇。
1998-01-22,female,女命,17,15-17点,http://mfsm.kvov.com/fx/1998-01-22/mfsmm-17-2.html,54,64%,本命 加会 天魁 天钺,有学识，高学历，端庄，一生多助人，也多得众人相助，能逢凶化吉，遇难呈祥。
1998-01-22,female,女命,17,15-17点,http://mfsm.kvov.com/fx/1998-01-22/mfsmm-17-2.html,55,64%,本命 福德宫 加会 地劫 地空,兴趣爱好、生活习惯较为特殊。
1998-01-22,female,女命,17,15-17点,http://mfsm.kvov.com/fx/1998-01-22/mfsmm-17-2.html,56,64%,本命 坐守 龙池,有才华、能力好、乐观聪明、重视物质上的生活、容易自傲自满。
1998-01-22,female,女命,17,15-17点,http://mfsm.kvov.com/fx/1998-01-22/mfsmm-17-2.html,57,64%,本命 坐守 天厨,得政府或企业之恩惠、津贴。
1998-01-22,female,女命,17,15-17点,http://mfsm.kvov.com/fx/1998-01-22/mfsmm-17-2.html,58,64%,本命 坐守 天哭,尖下巴。
1998-01-22,female,女命,17,15-17点,http://mfsm.kvov.com/fx/1998-01-22/mfsmm-17-2.html,59,64%,本命 福德宫 加会 火星 地空,灵感多、感悟多，也表示思想不随俗。
1998-01-22,female,女命,17,15-17点,http://mfsm.kvov.com/fx/1998-01-22/mfsmm-17-2.html,60,64%,本命 夫妻宫 加会 地劫 地空,夫妻或因为周遭因素不能常相聚。
1998-01-22,female,女命,17,15-17点,http://mfsm.kvov.com/fx/1998-01-22/mfsmm-17-2.html,61,61%,本命 迁移宫 加会2个及以上 左辅 右弼 天魁 天钺,工作职业，外出多得贵人扶助，逢凶化吉，而发财。动中每得贵人扶助，逢凶化吉。
1998-01-22,female,女命,17,15-17点,http://mfsm.kvov.com/fx/1998-01-22/mfsmm-17-2.html,62,61%,本命 巳宫,爱动脑，聪明勤劳，一生奔波，喜动不喜静，身心都动，喜行中庸之道，做事须经计谋劳心而获成功。
1998-01-22,female,女命,17,15-17点,http://mfsm.kvov.com/fx/1998-01-22/mfsmm-17-2.html,63,61%,本命 交友宫 加会2个及以上 左辅 右弼 天魁 天钺 化禄 化权 化科,得正直之友，助力大，并得下属拥护。
1998-01-22,female,女命,17,15-17点,http://mfsm.kvov.com/fx/1998-01-22/mfsmm-17-2.html,64,60%,本命 加会 龙池 凤阁,聪明，易学习才艺。
1998-01-22,female,女命,17,15-17点,http://mfsm.kvov.com/fx/1998-01-22/mfsmm-17-2.html,65,60%,本命 财帛宫 加会 龙池 凤阁,拥有技艺的优点，故主［由艺术技巧起家］，可从事和艺术有关的工作，如绘画、陶瓷、摄影等。可以凭专门技艺以求财。
1998-01-22,female,女命,17,15-17点,http://mfsm.kvov.com/fx/1998-01-22/mfsmm-17-2.html,66,60%,本命 官禄宫 加会 龙池 凤阁,有专业才能。
1998-01-22,female,女命,17,15-17点,http://mfsm.kvov.com/fx/1998-01-22/mfsmm-17-2.html,67,59%,本命 夫妻宫 坐守1个及以上 地劫 地空 陀罗 擎羊,家庭生活单调，夫妻关系较为冷漠。
1998-01-22,female,女命,17,15-17点,http://mfsm.kvov.com/fx/1998-01-22/mfsmm-17-2.html,68,59%,本命 夫妻宫 坐守1个及以上 火星 铃星 地劫 地空 陀罗 擎羊,配偶往往多有特殊个性或刚强，有主见，有时会增加婚姻的纠纷与争执，多多少少有些困扰。
1998-01-22,female,女命,17,15-17点,http://mfsm.kvov.com/fx/1998-01-22/mfsmm-17-2.html,69,59%,本命 官禄宫 坐守1个及以上 天魁 天钺,事业上多贵人，特别是上级、尊长的支持，凡遇困难都会逢凶化吉。
1998-01-22,female,女命,17,15-17点,http://mfsm.kvov.com/fx/1998-01-22/mfsmm-17-2.html,70,59%,本命 子女宫 坐守1个及以上 红鸾 天喜,女多子少。
1998-01-22,female,女命,17,15-17点,http://mfsm.kvov.com/fx/1998-01-22/mfsmm-17-2.html,71,59%,本命 福德宫 坐守1个及以上 地劫 地空,思想独特。
1998-01-22,female,女命,17,15-17点,http://mfsm.kvov.com/fx/1998-01-22/mfsmm-17-2.html,72,59%,本命 福德宫 坐守1个及以上 化忌 陀罗 擎羊 天刑,多烦恼纠纷，福薄不安。
1998-01-22,female,女命,17,15-17点,http://mfsm.kvov.com/fx/1998-01-22/mfsmm-17-2.html,73,59%,本命 夫妻宫 坐守1个及以上 贪狼 巨门 破军 七杀 文昌 文曲 左辅 右弼 天魁 天钺 咸池 天姚,易有桃花。
1998-01-22,female,女命,17,15-17点,http://mfsm.kvov.com/fx/1998-01-22/mfsmm-17-2.html,74,59%,本命 子女宫 坐守1个及以上 化忌 火星 铃星 地劫 地空 陀罗 擎羊,易与子女孤单刑克，时起争端。
1998-01-22,female,女命,17,15-17点,http://mfsm.kvov.com/fx/1998-01-22/mfsmm-17-2.html,75,54%,本命 加会1个及以上 龙池 凤阁,有骄傲、高洁、不随俗的特性。
1998-01-22,female,女命,17,15-17点,http://mfsm.kvov.com/fx/1998-01-22/mfsmm-17-2.html,76,54%,本命 加会1个及以上 火星 铃星,一生容易从事体力、劳力的工作，自身体能也较佳，具爆发力。
1998-01-22,female,女命,17,15-17点,http://mfsm.kvov.com/fx/1998-01-22/mfsmm-17-2.html,77,54%,本命 加会1个及以上 左辅 右弼 天魁 天钺,能得朋友提携、相助之力。
1998-01-22,female,女命,17,15-17点,http://mfsm.kvov.com/fx/1998-01-22/mfsmm-17-2.html,78,50%,身宫 官禄宫,事业心较重之人，一生行事以追求事业成就为目标，热衷于名位，对事业执着，有责任心、事业心，重视荣誉，有野心，做事能力强。
1998-01-22,female,女命,19,17-19点,http://mfsm.kvov.com/fx/1998-01-22/mfsmm-19-2.html,1,84%,本命 财帛宫 坐守 天同 太阴,财源丰厚。
1998-01-22,female,女命,19,17-19点,http://mfsm.kvov.com/fx/1998-01-22/mfsmm-19-2.html,2,84%,本命 坐守 天机 化科,"利计划，不利实行，能成为僚幕。
偏向于理工、术数、计算机，研习数理、理工科较好，喜欢追随潮流，有[附骥]的性质，例如时常有机会跟知名度高的人过往，因此自身便也具有相当知名度。"
1998-01-22,female,女命,19,17-19点,http://mfsm.kvov.com/fx/1998-01-22/mfsmm-19-2.html,3,82%,"本命 坐守 天机
本命 加会2个及以上 擎羊 陀罗 火星 铃星 地劫 地空",性格油滑。
1998-01-22,female,女命,19,17-19点,http://mfsm.kvov.com/fx/1998-01-22/mfsmm-19-2.html,4,82%,本命 辰宫 坐守 天机,喜爱清谈，说话舌辩天下无敌，而且所谈的内容，也不是人人都懂得的。
1998-01-22,female,女命,19,17-19点,http://mfsm.kvov.com/fx/1998-01-22/mfsmm-19-2.html,5,82%,"本命 父母宫 坐守 紫微
本命 父母宫 加会2个及以上 文昌 文曲 左辅 右弼",父母对你虽严，但感情良好，且教养妥善，能得益，彼此有点代沟，唯仍有良好的沟通。
1998-01-22,female,女命,19,17-19点,http://mfsm.kvov.com/fx/1998-01-22/mfsmm-19-2.html,6,81%,"本命 田宅宫 坐守 擎羊
本命 田宅宫 加会 左辅 右弼",经济先好后坏，退祖之论。
1998-01-22,female,女命,19,17-19点,http://mfsm.kvov.com/fx/1998-01-22/mfsmm-19-2.html,7,80%,"本命 财帛宫 坐守 天同
本命 财帛宫 坐守1个及以上 火星 铃星",有祖业也必散尽，然后才能够自身创兴。
1998-01-22,female,女命,19,17-19点,http://mfsm.kvov.com/fx/1998-01-22/mfsmm-19-2.html,8,80%,"本命 财帛宫 坐守 太阴
本命 财帛宫 坐守1个及以上 禄存 化禄",富裕。
1998-01-22,female,女命,19,17-19点,http://mfsm.kvov.com/fx/1998-01-22/mfsmm-19-2.html,9,80%,本命 财帛宫 坐守 太阴 火星,理财走偏锋，急于生财，方法具争论性。
1998-01-22,female,女命,19,17-19点,http://mfsm.kvov.com/fx/1998-01-22/mfsmm-19-2.html,10,77%,本命 坐守 天机 阴煞,心思不定，多劳多虑而少实际效果。
1998-01-22,female,女命,19,17-19点,http://mfsm.kvov.com/fx/1998-01-22/mfsmm-19-2.html,11,75%,"本命 子女宫 坐守 贪狼
本命 子女宫 加会1个及以上 火星 铃星",两代感情起初融洽，至后来却冷如冰炭，子女不一定会暴发。
1998-01-22,female,女命,19,17-19点,http://mfsm.kvov.com/fx/1998-01-22/mfsmm-19-2.html,12,75%,"本命 坐守 天梁
本命 加会1个及以上 禄存 化禄",不易为人敬服，多招怨恨是非，虽能发财却多困难忧虑。
1998-01-22,female,女命,19,17-19点,http://mfsm.kvov.com/fx/1998-01-22/mfsmm-19-2.html,13,75%,"本命 辰宫
本命 夫妻宫 坐守 红鸾",可得很不错的另一伴，其配偶本身很有魅力，也注重生活上的情趣，人际关系好，受大家的喜爱。
1998-01-22,female,女命,19,17-19点,http://mfsm.kvov.com/fx/1998-01-22/mfsmm-19-2.html,14,75%,"本命 坐守 天梁
本命 加会1个及以上 化忌 擎羊 陀罗 火星 铃星 天刑","人生有不平凡的际遇。
有灾难，能凭本身的力量去加以化解，不过危险重重。"
1998-01-22,female,女命,19,17-19点,http://mfsm.kvov.com/fx/1998-01-22/mfsmm-19-2.html,15,75%,"本命 坐守 化科
本命 加会1个及以上 禄存 化禄","科名在命数中躔，卓越才华远近传。
一跃过登三汲浪，衣冠济楚侍君前。"
1998-01-22,female,女命,19,17-19点,http://mfsm.kvov.com/fx/1998-01-22/mfsmm-19-2.html,16,75%,"本命 坐守 天梁
本命 加会1个及以上 擎羊 天刑",多官司或是非，因病动手术。
1998-01-22,female,女命,19,17-19点,http://mfsm.kvov.com/fx/1998-01-22/mfsmm-19-2.html,17,75%,"本命 福德宫 坐守 禄存
本命 加会1个及以上 化忌 地劫 地空",易因躁进躁出，或野心太大而遭致损失。
1998-01-22,female,女命,19,17-19点,http://mfsm.kvov.com/fx/1998-01-22/mfsmm-19-2.html,18,75%,"本命 坐守 天机
本命 加会1个及以上 火星 铃星",心思变动不定，脾气暴燥，有技艺之人。
1998-01-22,female,女命,19,17-19点,http://mfsm.kvov.com/fx/1998-01-22/mfsmm-19-2.html,19,75%,"本命 坐守 天机
本命 加会1个及以上 地劫 地空 天空",多空想。
1998-01-22,female,女命,19,17-19点,http://mfsm.kvov.com/fx/1998-01-22/mfsmm-19-2.html,20,75%,"本命 坐守 天机
本命 加会1个及以上 地劫 地空",与宗教术数缘深。
1998-01-22,female,女命,19,17-19点,http://mfsm.kvov.com/fx/1998-01-22/mfsmm-19-2.html,21,75%,"本命 财帛宫 坐守 天同
本命 财帛宫 加会1个及以上 地劫 地空",自身开创事业破败，能东山复起，结局富裕。
1998-01-22,female,女命,19,17-19点,http://mfsm.kvov.com/fx/1998-01-22/mfsmm-19-2.html,22,74%,本命 财帛宫 加会 禄存 化禄,财能积储。
1998-01-22,female,女命,19,17-19点,http://mfsm.kvov.com/fx/1998-01-22/mfsmm-19-2.html,23,72%,"本命 交友宫 坐守 破军
本命 交友宫 三方四正不见 禄存 化禄",友人或下属基本不利。
1998-01-22,female,女命,19,17-19点,http://mfsm.kvov.com/fx/1998-01-22/mfsmm-19-2.html,24,71%,本命 夫妻宫 坐守 巨门,配偶疑心重，较优柔寡断，因为对方而感到辛苦。占有欲强，常易因嫉妒生口角，故年龄差距宜大。女命以配年长之夫为宜，男命也宜与比自己大一两年之妻，则夫妻易于彼此迁就，此为趋避之道。如果婚姻对象是自己比对方年长，则易相克不和。
1998-01-22,female,女命,19,17-19点,http://mfsm.kvov.com/fx/1998-01-22/mfsmm-19-2.html,25,71%,本命 夫妻宫 坐守 化忌,"夫妻缘份较薄，潜在意识里，对配偶有所亏欠想珍惜、弥补他(她)，替他(她)分忧解劳，在意配偶。
初恋不易结合，结婚过程较会有不顺现象，晚婚为宜，早婚会为对方付出较多。"
1998-01-22,female,女命,19,17-19点,http://mfsm.kvov.com/fx/1998-01-22/mfsmm-19-2.html,26,71%,本命 坐守 天梁,"体态虽不算丰厚圆满，但行藏举止自然有一段厚重之气，稳重大方。
不宜经商，自身有消灾解难的性质，所以终能雨过天晴。"
1998-01-22,female,女命,19,17-19点,http://mfsm.kvov.com/fx/1998-01-22/mfsmm-19-2.html,27,71%,本命 福德宫 坐守 禄存,一生福厚，福份深，口福衣禄皆丰，荫财，自私，偏财多，懂得钱滚钱。
1998-01-22,female,女命,19,17-19点,http://mfsm.kvov.com/fx/1998-01-22/mfsmm-19-2.html,28,71%,本命 夫妻宫 坐守 太阳,你的他或她喜欢照顾人，又好面子，这是婚姻维系的关键。
1998-01-22,female,女命,19,17-19点,http://mfsm.kvov.com/fx/1998-01-22/mfsmm-19-2.html,29,71%,本命 交友宫 坐守 破军,容易结交小人，不仅朋友无助力，还会因友破财，或事业钱财因下属不忠而遭破败。
1998-01-22,female,女命,19,17-19点,http://mfsm.kvov.com/fx/1998-01-22/mfsmm-19-2.html,30,71%,本命 财帛宫 坐守 化权,有钱，赚钱的意念强，喜欢掌握钱财，擅经营钱财，用钱来赚钱，属较敢赚钱型。
1998-01-22,female,女命,19,17-19点,http://mfsm.kvov.com/fx/1998-01-22/mfsmm-19-2.html,31,71%,本命 命宫 坐守 化科,"聪明、博学，一学即知，重声誉、爱面子、肯助人，乐善好施，男有风度、女有风情，与人相处和睦。
一生主平顺，做事较有计划性，有科甲、功名。"
1998-01-22,female,女命,19,17-19点,http://mfsm.kvov.com/fx/1998-01-22/mfsmm-19-2.html,32,71%,本命 命宫 坐守 天梁,"有点孤克、懒散、随便、拖延，人生欠积极，有佛道信仰。
宜从事哲学方面的研究。"
1998-01-22,female,女命,19,17-19点,http://mfsm.kvov.com/fx/1998-01-22/mfsmm-19-2.html,33,71%,本命 父母宫 坐守 紫微,"父母有威权，驾御自己，管理自己，所采用的教养方法，倾向严厉。
到底是能够教养成才，还是因过度管教严厉，以致伤害了命造的心灵，导致关系破裂，便要视所会的吉曜凶曜性质而定。"
1998-01-22,female,女命,19,17-19点,http://mfsm.kvov.com/fx/1998-01-22/mfsmm-19-2.html,34,71%,本命 财帛宫 坐守 天同,衣食无虑，看淡钱财。先苦后甜，事业财富由零开始，白手成家，薄资起家。利于经营零售生意。
1998-01-22,female,女命,19,17-19点,http://mfsm.kvov.com/fx/1998-01-22/mfsmm-19-2.html,35,71%,本命 坐守 天机,"机变灵活，可以譬喻为谋士或军师。
聪明敏睿，处事有条理，善于学习，多才多艺，反应敏捷，八面玲珑。有好动脑筋成为智囊的品格，擅长分析与策划，兼且有专门技能，这都是谋臣与军师的特性。
好操心，过份思虑，不能坚持计划，计划进行到一个阶段，由于过虑的缘故，已经想到要变动计划。
性急、易怒，甚至因性急而败事，所以要宜培养耐性，控制自己。多学不实，见异思迁，欲望过高。
不宜经商，特別是不宜创业，只宜从事策划性的僚幕工作，否则经营开创之时，容易因脑筋动得太快，思虑走入牛角尖而患得患失，不能坚持方针招致失败。"
1998-01-22,female,女命,19,17-19点,http://mfsm.kvov.com/fx/1998-01-22/mfsmm-19-2.html,36,71%,本命 财帛宫 坐守 化禄,有财，喜欢赚钱，并忙碌着赚钱，可得人缘之财。
1998-01-22,female,女命,19,17-19点,http://mfsm.kvov.com/fx/1998-01-22/mfsmm-19-2.html,37,68%,"本命 父母宫 坐守1个及以上 陀罗 擎羊
本命 父母宫 坐守1个及以上 巨门 武曲 破军 七杀 太阳 太阴 化忌 火星 铃星 地劫 地空 天刑",或双亲离异，或双亲之一早亡。
1998-01-22,female,女命,19,17-19点,http://mfsm.kvov.com/fx/1998-01-22/mfsmm-19-2.html,38,67%,"身宫 坐守 寡宿
身宫 不坐守 命宫",自身多是天生孤独命。
1998-01-22,female,女命,19,17-19点,http://mfsm.kvov.com/fx/1998-01-22/mfsmm-19-2.html,39,67%,本命 福德宫 独坐 禄存,易因过度享受，或理财不当而常常吃紧。
1998-01-22,female,女命,19,17-19点,http://mfsm.kvov.com/fx/1998-01-22/mfsmm-19-2.html,40,67%,本命 福德宫 空宫,希望能有段美好的婚姻感情，但是通常难以如愿，往往婚姻感情都需要付出很大的努力。
1998-01-22,female,女命,19,17-19点,http://mfsm.kvov.com/fx/1998-01-22/mfsmm-19-2.html,41,67%,本命 夫妻宫 坐守 地空,会晚婚，知音难求。晚年可能孤独，配偶不在身边。
1998-01-22,female,女命,19,17-19点,http://mfsm.kvov.com/fx/1998-01-22/mfsmm-19-2.html,42,66%,丁年出生,过于计较又严肃，缺乏幽默感，无法谈笑自如且有些自卑感，不然就是会掩饰真象而言过其实，加上疑心病重，所以很难付出真感情，也不容易有浪漫的感情际遇。
1998-01-22,female,女命,19,17-19点,http://mfsm.kvov.com/fx/1998-01-22/mfsmm-19-2.html,43,66%,本命 交友宫 加会3个及以上 文昌 文曲 左辅 右弼 天魁 天钺,可得朋友帮助。
1998-01-22,female,女命,19,17-19点,http://mfsm.kvov.com/fx/1998-01-22/mfsmm-19-2.html,44,66%,本命 疾病宫 加会3个及以上 化忌 火星 铃星 地劫 地空 陀罗 擎羊,一生多病多灾，或受慢性病的折磨而难以治疗。
1998-01-22,female,女命,19,17-19点,http://mfsm.kvov.com/fx/1998-01-22/mfsmm-19-2.html,45,64%,本命 坐守 阴煞,潜在的、不明显的小人及隐忧，初期较难发现问题的所在，往往会在不经意时，发生一些莫名其妙的事情，令人措手不及。其本身个性猜疑及嫉妒心重，常怀疑东怀疑西，内心难以平静，因此可以多接触宗教，让自己的心灵有所寄托。
1998-01-22,female,女命,19,17-19点,http://mfsm.kvov.com/fx/1998-01-22/mfsmm-19-2.html,46,64%,本命 官禄宫 加会 地劫 地空,一般情况下宜从事较冷僻的行业，或奇兵突出，其营运手法出乎同行的意料之外，唯最忌志大才疏，则终身事业难以振作。
1998-01-22,female,女命,19,17-19点,http://mfsm.kvov.com/fx/1998-01-22/mfsmm-19-2.html,47,64%,本命 田宅宫 加会 左辅 右弼,住所附近多服务性机构，或多友好人群。
1998-01-22,female,女命,19,17-19点,http://mfsm.kvov.com/fx/1998-01-22/mfsmm-19-2.html,48,64%,本命 夫妻宫 坐守 孤辰,另一伴的观念理念容易有出入，常造成彼此互相不谅解，也容易因工作或其他因素而分隔两地。配偶本身不容易敞开自己的心房，而造成沟通不良。
1998-01-22,female,女命,19,17-19点,http://mfsm.kvov.com/fx/1998-01-22/mfsmm-19-2.html,49,64%,本命 夫妻宫 坐守 天空,晚婚。配偶本身想法有创意，往往可得到不错的见解。
1998-01-22,female,女命,19,17-19点,http://mfsm.kvov.com/fx/1998-01-22/mfsmm-19-2.html,50,64%,本命 夫妻宫 坐守 三台,配偶较重名利，物质欲望高。可能是天生孤独命。
1998-01-22,female,女命,19,17-19点,http://mfsm.kvov.com/fx/1998-01-22/mfsmm-19-2.html,51,64%,本命 子女宫 加会 文昌 文曲,子女聪明。
1998-01-22,female,女命,19,17-19点,http://mfsm.kvov.com/fx/1998-01-22/mfsmm-19-2.html,52,64%,本命 田宅宫 坐守 大耗,不继祖业。
1998-01-22,female,女命,19,17-19点,http://mfsm.kvov.com/fx/1998-01-22/mfsmm-19-2.html,53,61%,本命 加会2个及以上 红鸾 天喜 咸池 天姚 沐浴,"长相不赖，举止斯文得体，善于在有意无意间释放魅力，人缘好，能得到异性的青睐，处事的手腕圆滑，能接受新观念，即使不放电，也满容易得到异性的怜爱与包容。
由于思维细腻，第六感敏锐，才华洋溢，好高骛远，对于浪漫的爱情生活十分积极主动，也十分向往，善用智慧及创意才华来赚钱。
偏财运及横财运好，也十分喜欢钱财，会追求高收入以满足自己的生活品味及兴趣爱好。有完美主义的刚烈个性，很有企图心，拼劲十足，韧性很强，能够不畏困难完成使命，努力追求自我成就。"
1998-01-22,female,女命,19,17-19点,http://mfsm.kvov.com/fx/1998-01-22/mfsmm-19-2.html,54,61%,本命 夫妻宫 加会2个及以上 火星 铃星 地劫 地空 陀罗 擎羊,夫妻关系多半不佳，多口舌是非、争吵、冷战甚至会离异。
1998-01-22,female,女命,19,17-19点,http://mfsm.kvov.com/fx/1998-01-22/mfsmm-19-2.html,55,61%,本命 交友宫 加会2个及以上 左辅 右弼 天魁 天钺 化禄 化权 化科,得正直之友，助力大，并得下属拥护。
1998-01-22,female,女命,19,17-19点,http://mfsm.kvov.com/fx/1998-01-22/mfsmm-19-2.html,56,61%,本命 迁移宫 加会2个及以上 左辅 右弼 天魁 天钺,工作职业，外出多得贵人扶助，逢凶化吉，而发财。动中每得贵人扶助，逢凶化吉。
1998-01-22,female,女命,19,17-19点,http://mfsm.kvov.com/fx/1998-01-22/mfsmm-19-2.html,57,61%,本命 夫妻宫 加会2个及以上 红鸾 天喜 咸池 天姚 沐浴,有选择较潇洒花俏的对象倾向外，在对异性的感情方面，也会较感性和感情较丰富。
1998-01-22,female,女命,19,17-19点,http://mfsm.kvov.com/fx/1998-01-22/mfsmm-19-2.html,58,59%,本命 夫妻宫 坐守1个及以上 孤辰 寡宿,一生中易有一段时间因感情不合或工作关系，而与配偶分房或分居。
1998-01-22,female,女命,19,17-19点,http://mfsm.kvov.com/fx/1998-01-22/mfsmm-19-2.html,59,59%,本命 福德宫 坐守1个及以上 咸池 天姚 沐浴,自身必有桃花的困扰。
1998-01-22,female,女命,19,17-19点,http://mfsm.kvov.com/fx/1998-01-22/mfsmm-19-2.html,60,59%,本命 夫妻宫 坐守1个及以上 八座 三台,配偶较重名利，物质欲望高。
1998-01-22,female,女命,19,17-19点,http://mfsm.kvov.com/fx/1998-01-22/mfsmm-19-2.html,61,59%,本命 官禄宫 坐守1个及以上 地劫 地空,事业外华内虚，进退失据，不安于受薪，或不甘心经营现成事业，勉强求变，结果反而陷入困境。
1998-01-22,female,女命,19,17-19点,http://mfsm.kvov.com/fx/1998-01-22/mfsmm-19-2.html,62,59%,本命 父母宫 坐守1个及以上 火星 铃星 陀罗 擎羊,父母之一有疾病在身。
1998-01-22,female,女命,19,17-19点,http://mfsm.kvov.com/fx/1998-01-22/mfsmm-19-2.html,63,59%,本命 夫妻宫 坐守1个及以上 火星 铃星 地劫 地空 陀罗 擎羊,配偶往往多有特殊个性或刚强，有主见，有时会增加婚姻的纠纷与争执，多多少少有些困扰。
1998-01-22,female,女命,19,17-19点,http://mfsm.kvov.com/fx/1998-01-22/mfsmm-19-2.html,64,59%,本命 夫妻宫 坐守1个及以上 贪狼 巨门 破军 七杀 文昌 文曲 左辅 右弼 天魁 天钺 咸池 天姚,易有桃花。
1998-01-22,female,女命,19,17-19点,http://mfsm.kvov.com/fx/1998-01-22/mfsmm-19-2.html,65,59%,本命 父母宫 坐守1个及以上 陀罗 擎羊,幼年刑伤，父母不全，先克父后克母。
1998-01-22,female,女命,19,17-19点,http://mfsm.kvov.com/fx/1998-01-22/mfsmm-19-2.html,66,55%,"本命 加会1个及以上 火星 铃星
本命 三方四正不见 贪狼",秀而不实福泽有损（富不全），或富贵只得其一，或富不很富，贵不很贵，或因富贵致祸，或人生有其他缺憾。
1998-01-22,female,女命,19,17-19点,http://mfsm.kvov.com/fx/1998-01-22/mfsmm-19-2.html,67,54%,本命 加会1个及以上 火星 铃星,一生容易从事体力、劳力的工作，自身体能也较佳，具爆发力。
1998-01-22,female,女命,19,17-19点,http://mfsm.kvov.com/fx/1998-01-22/mfsmm-19-2.html,68,54%,本命 福德宫 加会1个及以上 孤辰 寡宿,精神空虚，思想独立。
1998-01-22,female,女命,19,17-19点,http://mfsm.kvov.com/fx/1998-01-22/mfsmm-19-2.html,69,50%,身宫 迁移宫,"易受环境变化的影响，容易有职业或居住环境的变动。
社会活动空间、交游广，能适应多变的环境，一生命运变化大，身心较忙碌，难得清闲，喜外出游荡。"
1998-01-22,female,女命,21,19-21点,http://mfsm.kvov.com/fx/1998-01-22/mfsmm-21-2.html,1,75%,"本命 财帛宫 坐守 贪狼
本命 财帛宫 加会1个及以上 天刑 天虚 天月",可从事与医药有关的工作者。
1998-01-22,female,女命,21,19-21点,http://mfsm.kvov.com/fx/1998-01-22/mfsmm-21-2.html,2,75%,"本命 官禄宫 坐守 破军
本命 官禄宫 加会1个及以上 火星 铃星",往往于困苦艰难中突发，突发之后，如不亲为，或贪心无厌，则易归于失败。
1998-01-22,female,女命,21,19-21点,http://mfsm.kvov.com/fx/1998-01-22/mfsmm-21-2.html,3,75%,"本命 坐守 七杀
本命 加会1个及以上 化忌 火星 铃星 地劫 地空 陀罗 擎羊",人生必有缺陷，或不能富贵，或配偶刑克分离，或无子女，或有女而无子，或多疾病。如果六亲无缺，身体健康，则往往不能富贵。
1998-01-22,female,女命,21,19-21点,http://mfsm.kvov.com/fx/1998-01-22/mfsmm-21-2.html,4,75%,"本命 财帛宫 坐守 贪狼
本命 财帛宫 加会1个及以上 廉贞 红鸾 天喜 咸池 天姚 沐浴",会因美色而破财遭灾，宜赚娱乐之财、异性之财，或经营娱乐行业，以求趋避。
1998-01-22,female,女命,21,19-21点,http://mfsm.kvov.com/fx/1998-01-22/mfsmm-21-2.html,5,75%,"本命 坐守 七杀
本命 加会1个及以上 文昌 文曲 龙池 凤阁 天才",在技艺上有聪明才智。
1998-01-22,female,女命,21,19-21点,http://mfsm.kvov.com/fx/1998-01-22/mfsmm-21-2.html,6,75%,"本命 坐守 七杀
本命 命宫 加会1个及以上 大耗 地劫 地空","一生必有一次重大挫折。
如从事实业，能恢复元气，绝对不宜投机，易生破败，如投机很有可能一蹶不振无东山复起的机会。
从商，能善任手下工作人员。"
1998-01-22,female,女命,21,19-21点,http://mfsm.kvov.com/fx/1998-01-22/mfsmm-21-2.html,7,74%,本命 父母宫 加会 太阳 太阴,祖产败退，克父母。
1998-01-22,female,女命,21,19-21点,http://mfsm.kvov.com/fx/1998-01-22/mfsmm-21-2.html,8,74%,本命 命宫 加会 贪狼 廉贞,有色彩感，爱好艺术，喜运动或跳舞。
1998-01-22,female,女命,21,19-21点,http://mfsm.kvov.com/fx/1998-01-22/mfsmm-21-2.html,9,74%,本命 福德宫 加会 贪狼 廉贞,有色彩感，爱好艺术，喜运动或跳舞。
1998-01-22,female,女命,21,19-21点,http://mfsm.kvov.com/fx/1998-01-22/mfsmm-21-2.html,10,72%,"本命 坐守 武曲
本命 三方四正不见 禄存 化禄",可能事业有成，但财源易受限或得财辛苦、或财多耗损，不易利存，或为受薪阶级。
1998-01-22,female,女命,21,19-21点,http://mfsm.kvov.com/fx/1998-01-22/mfsmm-21-2.html,11,72%,本命 加会 左辅 右弼 天魁 天钺,贵多于代表富。
1998-01-22,female,女命,21,19-21点,http://mfsm.kvov.com/fx/1998-01-22/mfsmm-21-2.html,12,71%,本命 疾病宫 坐守 太阴,"易有肾、泌尿生殖器、腰腹疾患。虚亏、鼓胀、脚肿、湿气、脾胃、阴萎、泻痢、小肠湿热之症。也因肾脏不健全，常致眼睛昏花。太阴主肾、泌尿生殖器、腰及下腹之疾患。
症状：腰痛、腹痛、喉干、舌苔增多、生理不调、腹冷、咳嗽、耳鸣、脚肢无力、早泄、多尿、视力衰退等。
女性得妇科病。"
1998-01-22,female,女命,21,19-21点,http://mfsm.kvov.com/fx/1998-01-22/mfsmm-21-2.html,13,71%,本命 迁移宫 坐守 天府,出外有贵人，发展安定，能稳步发展。
1998-01-22,female,女命,21,19-21点,http://mfsm.kvov.com/fx/1998-01-22/mfsmm-21-2.html,14,71%,本命 坐守 七杀,"多白手兴家，崛起于草莽，或身无分文转瞬却腰缠万贯，或功成名就之中却又一朝暴败，钱财散尽。
经商从公皆可，经商宜以经营实业，若投机有倾家荡产之危险。
多从事开创性的行业具危险性之工作，如建筑业、重工业、生产业、机械、车辆、运输、医师、格斗武术、运动员、警察、军人、证券、金融、外销、公司老板、实业家等。"
1998-01-22,female,女命,21,19-21点,http://mfsm.kvov.com/fx/1998-01-22/mfsmm-21-2.html,15,71%,本命 田宅宫 坐守 天机,田宅受风水影响较大。
1998-01-22,female,女命,21,19-21点,http://mfsm.kvov.com/fx/1998-01-22/mfsmm-21-2.html,16,71%,本命 坐守 武曲,决断明快，短虑，性刚孤克，不利婚姻，易迟婚否则生离死别，轻则夫妻聚少离多，或夫妻不睦；重则夫妻离散。女命有男子气概，会有妇夺夫权之象。
1998-01-22,female,女命,21,19-21点,http://mfsm.kvov.com/fx/1998-01-22/mfsmm-21-2.html,17,71%,本命 兄弟宫 坐守 化权,兄弟姊妹比我能干，兄弟姊妹间有争执、摩擦。
1998-01-22,female,女命,21,19-21点,http://mfsm.kvov.com/fx/1998-01-22/mfsmm-21-2.html,18,71%,本命 兄弟宫 坐守 天同,兄弟和好，有煞也多表面和好，能结交中下层的朋友，唯无太多实际助力。
1998-01-22,female,女命,21,19-21点,http://mfsm.kvov.com/fx/1998-01-22/mfsmm-21-2.html,19,71%,本命 财帛宫 坐守 贪狼,生性浪费，一生破耗不小，财运起伏，多为经商，宜从事冒险或投机事业，或者同时经营多种事业，财路上能得到异性帮助。
1998-01-22,female,女命,21,19-21点,http://mfsm.kvov.com/fx/1998-01-22/mfsmm-21-2.html,20,71%,本命 官禄宫 坐守 破军,宜注意新产品，新技术，或从事冒险性行业。
1998-01-22,female,女命,21,19-21点,http://mfsm.kvov.com/fx/1998-01-22/mfsmm-21-2.html,21,71%,本命 疾病宫 坐守 化禄,脾气好，幼年多灾病、难善、过房吃别人家水、米、或给神明当儿子，有解厄之功。
1998-01-22,female,女命,21,19-21点,http://mfsm.kvov.com/fx/1998-01-22/mfsmm-21-2.html,22,71%,本命 子女宫 坐守 巨门,长子难养，多损头胎，以迟得为宜。子女口才好，内向，有代沟，顽固，思想相背。
1998-01-22,female,女命,21,19-21点,http://mfsm.kvov.com/fx/1998-01-22/mfsmm-21-2.html,23,71%,本命 田宅宫 坐守 禄存,家产多，祖业昌荣。
1998-01-22,female,女命,21,19-21点,http://mfsm.kvov.com/fx/1998-01-22/mfsmm-21-2.html,24,71%,本命 田宅宫 坐守 化科,住宅舒适，不喜搬家，居家朴实，家中整洁、舒爽、高雅，相处和睦，家庭温暖，互相关怀。
1998-01-22,female,女命,21,19-21点,http://mfsm.kvov.com/fx/1998-01-22/mfsmm-21-2.html,25,71%,本命 财帛宫 坐守 廉贞,一生对金钱之追逐欲强，财不易守，宜多流动，故宜经商，取流动之财。
1998-01-22,female,女命,21,19-21点,http://mfsm.kvov.com/fx/1998-01-22/mfsmm-21-2.html,26,71%,本命 子女宫 坐守 化忌,有亏欠子女的感受，有溺爱子女之象，与子女缘份较薄或得子较晚，或生产较不顺之象，较不宜合作，需注意意外。
1998-01-22,female,女命,21,19-21点,http://mfsm.kvov.com/fx/1998-01-22/mfsmm-21-2.html,27,71%,本命 夫妻宫 坐守 天相,配偶有正义感，乐于助人。
1998-01-22,female,女命,21,19-21点,http://mfsm.kvov.com/fx/1998-01-22/mfsmm-21-2.html,28,71%,本命 官禄宫 坐守 紫微,能独当一面，不一定可以自行经营，或成为领袖，仅代表独立工作，或负责部门工作。
1998-01-22,female,女命,21,19-21点,http://mfsm.kvov.com/fx/1998-01-22/mfsmm-21-2.html,29,70%,"本命 财帛宫 坐守1个及以上 贪狼 巨门 破军 天梁 七杀 天机
本命 财帛宫 加会2个及以上 化忌 火星 铃星 地劫 地空 陀罗 擎羊",多为好赌之辈，可能血本无归。
1998-01-22,female,女命,21,19-21点,http://mfsm.kvov.com/fx/1998-01-22/mfsmm-21-2.html,30,69%,"本命 加会 贪狼
本命 加会1个及以上 陀罗 擎羊",不宜投机，有也易横发横破。
1998-01-22,female,女命,21,19-21点,http://mfsm.kvov.com/fx/1998-01-22/mfsmm-21-2.html,31,69%,"本命 坐守 卯宫
本命 迁移宫 天梁 太阳","宜于从事学术研究、法律工作、服务社会的行业。
富贵。"
1998-01-22,female,女命,21,19-21点,http://mfsm.kvov.com/fx/1998-01-22/mfsmm-21-2.html,32,69%,"本命 加会 贪狼
本命 加会1个及以上 化忌 陀罗 擎羊",多感情复杂之纠纷。
1998-01-22,female,女命,21,19-21点,http://mfsm.kvov.com/fx/1998-01-22/mfsmm-21-2.html,33,68%,"本命 坐守1个及以上 贪狼 七杀
身宫 坐守1个及以上 贪狼 七杀",男多有窃盗，女多有不正之情，不易有婚姻。
1998-01-22,female,女命,21,19-21点,http://mfsm.kvov.com/fx/1998-01-22/mfsmm-21-2.html,34,67%,本命 夫妻宫 坐守 地空,会晚婚，知音难求。晚年可能孤独，配偶不在身边。
1998-01-22,female,女命,21,19-21点,http://mfsm.kvov.com/fx/1998-01-22/mfsmm-21-2.html,35,67%,本命 夫妻宫 坐守 火星,"二人皆刚强好胜，应发挥陀罗之任劳任怨的精神，多包容隐忍。
男命配偶泼辣，不善家务，缺乏女性温柔。
女命配偶大方，不拘小节，暴燥无理，人际关系欠佳，应以柔克刚。"
1998-01-22,female,女命,21,19-21点,http://mfsm.kvov.com/fx/1998-01-22/mfsmm-21-2.html,36,67%,本命 官禄宫 坐守 擎羊,为工程科技人员。
1998-01-22,female,女命,21,19-21点,http://mfsm.kvov.com/fx/1998-01-22/mfsmm-21-2.html,37,67%,本命 坐守 左辅,瘦长，黄白色。
1998-01-22,female,女命,21,19-21点,http://mfsm.kvov.com/fx/1998-01-22/mfsmm-21-2.html,38,67%,本命 福德宫 空宫,希望能有段美好的婚姻感情，但是通常难以如愿，往往婚姻感情都需要付出很大的努力。
1998-01-22,female,女命,21,19-21点,http://mfsm.kvov.com/fx/1998-01-22/mfsmm-21-2.html,39,66%,丁年出生,过于计较又严肃，缺乏幽默感，无法谈笑自如且有些自卑感，不然就是会掩饰真象而言过其实，加上疑心病重，所以很难付出真感情，也不容易有浪漫的感情际遇。
1998-01-22,female,女命,21,19-21点,http://mfsm.kvov.com/fx/1998-01-22/mfsmm-21-2.html,40,66%,本命 财帛宫 双夹 恩光 天贵,名利双收，财由名而来。
1998-01-22,female,女命,21,19-21点,http://mfsm.kvov.com/fx/1998-01-22/mfsmm-21-2.html,41,64%,本命 加会 天魁 天钺,有学识，高学历，端庄，一生多助人，也多得众人相助，能逢凶化吉，遇难呈祥。
1998-01-22,female,女命,21,19-21点,http://mfsm.kvov.com/fx/1998-01-22/mfsmm-21-2.html,42,64%,本命 财帛宫 加会 左辅 右弼,衣禄丰隆，可凭别人助力求财，可考虑独立经营。
1998-01-22,female,女命,21,19-21点,http://mfsm.kvov.com/fx/1998-01-22/mfsmm-21-2.html,43,64%,本命 迁移宫 加会 地劫 地空,朋友交不长久，常变动；或与主管、老板缘薄。
1998-01-22,female,女命,21,19-21点,http://mfsm.kvov.com/fx/1998-01-22/mfsmm-21-2.html,44,64%,"本命 加会 天马
本命 加会1个及以上 地劫 地空",再富也终贫。
1998-01-22,female,女命,21,19-21点,http://mfsm.kvov.com/fx/1998-01-22/mfsmm-21-2.html,45,64%,本命 福德宫 加会 火星 地空,灵感多、感悟多，也表示思想不随俗。
1998-01-22,female,女命,21,19-21点,http://mfsm.kvov.com/fx/1998-01-22/mfsmm-21-2.html,46,64%,本命 福德宫 加会 地劫 地空,兴趣爱好、生活习惯较为特殊。
1998-01-22,female,女命,21,19-21点,http://mfsm.kvov.com/fx/1998-01-22/mfsmm-21-2.html,47,64%,本命 加会 左辅 右弼,有先天助力，如易结交益友，易得下属助力，无须刻意寻找。
1998-01-22,female,女命,21,19-21点,http://mfsm.kvov.com/fx/1998-01-22/mfsmm-21-2.html,48,61%,本命 加会2个及以上 化忌 地劫 地空 陀罗 擎羊,秀而不实福泽有损（富不全），或富贵只得其一，或富不很富，贵不很贵，或因富贵致祸，或人生有其他缺憾。
1998-01-22,female,女命,21,19-21点,http://mfsm.kvov.com/fx/1998-01-22/mfsmm-21-2.html,49,61%,本命 夫妻宫 加会2个及以上 火星 铃星 地劫 地空 陀罗 擎羊,夫妻关系多半不佳，多口舌是非、争吵、冷战甚至会离异。
1998-01-22,female,女命,21,19-21点,http://mfsm.kvov.com/fx/1998-01-22/mfsmm-21-2.html,50,60%,本命 财帛宫 加会 恩光 天贵,能受人提拔而得财。
1998-01-22,female,女命,21,19-21点,http://mfsm.kvov.com/fx/1998-01-22/mfsmm-21-2.html,51,59%,本命 福德宫 坐守1个及以上 陀罗 天空,不畏挫折，挥霍，灵感佳。
1998-01-22,female,女命,21,19-21点,http://mfsm.kvov.com/fx/1998-01-22/mfsmm-21-2.html,52,59%,本命 福德宫 坐守1个及以上 龙池 凤阁,有骄傲、高洁、不随俗的特性。
1998-01-22,female,女命,21,19-21点,http://mfsm.kvov.com/fx/1998-01-22/mfsmm-21-2.html,53,59%,本命 子女宫 坐守1个及以上 化忌 火星 铃星 地劫 地空 陀罗 擎羊,易与子女孤单刑克，时起争端。
1998-01-22,female,女命,21,19-21点,http://mfsm.kvov.com/fx/1998-01-22/mfsmm-21-2.html,54,59%,本命 夫妻宫 坐守1个及以上 地劫 地空 陀罗 擎羊,家庭生活单调，夫妻关系较为冷漠。
1998-01-22,female,女命,21,19-21点,http://mfsm.kvov.com/fx/1998-01-22/mfsmm-21-2.html,55,59%,本命 福德宫 坐守1个及以上 化忌 陀罗 擎羊 天刑,多烦恼纠纷，福薄不安。
1998-01-22,female,女命,21,19-21点,http://mfsm.kvov.com/fx/1998-01-22/mfsmm-21-2.html,56,59%,本命 夫妻宫 坐守1个及以上 火星 铃星 地劫 地空 陀罗 擎羊,配偶往往多有特殊个性或刚强，有主见，有时会增加婚姻的纠纷与争执，多多少少有些困扰。
1998-01-22,female,女命,21,19-21点,http://mfsm.kvov.com/fx/1998-01-22/mfsmm-21-2.html,57,59%,本命 坐守1个及以上 地劫 地空 大耗,青少年贫困，破财不聚，多浪费消耗，事业发展艰难。
1998-01-22,female,女命,21,19-21点,http://mfsm.kvov.com/fx/1998-01-22/mfsmm-21-2.html,58,57%,"身宫 加会1个及以上 龙池 凤阁
身宫 不坐守 命宫",有骄傲、高洁、不随俗的特性。
1998-01-22,female,女命,21,19-21点,http://mfsm.kvov.com/fx/1998-01-22/mfsmm-21-2.html,59,54%,本命 加会1个及以上 左辅 右弼 天魁 天钺,能得朋友提携、相助之力。
1998-01-22,female,女命,21,19-21点,http://mfsm.kvov.com/fx/1998-01-22/mfsmm-21-2.html,60,54%,本命 加会1个及以上 龙池 凤阁,有骄傲、高洁、不随俗的特性。
1998-01-22,female,女命,21,19-21点,http://mfsm.kvov.com/fx/1998-01-22/mfsmm-21-2.html,61,50%,身宫 财帛宫,"价值观偏重钱财，重视金钱的运用，具有经济头脑，精打细算，善于理财，行事以赚钱为目标，有受经济左右行为的现象。讨得这类人的欢心，需要多给使用钱的权利。
一般不缺钱用，从商者居多，或成大富翁，或一生为钱财奔劳过着艰辛的生活。"
1998-01-22,female,女命,23,21-23点,http://mfsm.kvov.com/fx/1998-01-22/mfsmm-23-2.html,1,84%,本命 坐守 天同 天梁,往来于达官贵人间，且常受这些【贵人】暗中帮助。
1998-01-22,female,女命,23,21-23点,http://mfsm.kvov.com/fx/1998-01-22/mfsmm-23-2.html,2,84%,本命 交友宫 坐守 紫微 破军,可交得能力比自身强的畏友。对于下属则往往无法驾御，也容易招下属不满。
1998-01-22,female,女命,23,21-23点,http://mfsm.kvov.com/fx/1998-01-22/mfsmm-23-2.html,3,84%,本命 财帛宫 坐守 太阴 化禄,宜从事商业活动，以专业求财较佳。
1998-01-22,female,女命,23,21-23点,http://mfsm.kvov.com/fx/1998-01-22/mfsmm-23-2.html,4,84%,本命 夫妻宫 坐守 巨门 化忌,配偶唠叨，小气，与人不合，或分居离异。
1998-01-22,female,女命,23,21-23点,http://mfsm.kvov.com/fx/1998-01-22/mfsmm-23-2.html,5,84%,本命 坐守 天梁 天同,内圆外方，品德高尚，心性温和，善良，一生利业聪明。
1998-01-22,female,女命,23,21-23点,http://mfsm.kvov.com/fx/1998-01-22/mfsmm-23-2.html,6,82%,"本命 坐守 天同
本命 加会2个及以上 化忌 火星 铃星 地劫 地空 陀罗 擎羊",必先历艰危然后发福，或一生少坐享其成的机遇。
1998-01-22,female,女命,23,21-23点,http://mfsm.kvov.com/fx/1998-01-22/mfsmm-23-2.html,7,82%,"本命 寅宫
本命 官禄宫 坐守 天机",事业必费心机，事业必成，创业之力薄弱，宜承继父业发展，也宜入大机构，在现成局面下发展，如果经商，则宜注意商标声誉，必自有一套人生哲学来解释自己惰性。
1998-01-22,female,女命,23,21-23点,http://mfsm.kvov.com/fx/1998-01-22/mfsmm-23-2.html,8,82%,"本命 寅宫
本命 夫妻宫 坐守 巨门",夫妻争吵是非多。
1998-01-22,female,女命,23,21-23点,http://mfsm.kvov.com/fx/1998-01-22/mfsmm-23-2.html,9,80%,"本命 坐守 天梁
本命 坐守1个及以上 地劫 地空 天空",思想难为常人所理解。
1998-01-22,female,女命,23,21-23点,http://mfsm.kvov.com/fx/1998-01-22/mfsmm-23-2.html,10,80%,"本命 财帛宫 坐守 太阴
本命 财帛宫 坐守1个及以上 禄存 化禄",富裕。
1998-01-22,female,女命,23,21-23点,http://mfsm.kvov.com/fx/1998-01-22/mfsmm-23-2.html,11,80%,本命 交友宫 坐守 紫微 擎羊,"和朋友不和，是非纷争，尤其是有“赐恩反遭怨报”、“手下无义”之克应。
如更有火星铃星，因此引起的伤害和损失更大。
如果和地空地劫大耗相会，则朋友或下属不义，侵吞自身的利益。"
1998-01-22,female,女命,23,21-23点,http://mfsm.kvov.com/fx/1998-01-22/mfsmm-23-2.html,12,80%,"本命 夫妻宫 坐守 巨门
本命 夫妻宫 坐守1个及以上 天刑 天姚",通常对感情不专一，爱管闲事。
1998-01-22,female,女命,23,21-23点,http://mfsm.kvov.com/fx/1998-01-22/mfsmm-23-2.html,13,78%,本命 寅宫 坐守 火星,男命亨通，女命贞节。
1998-01-22,female,女命,23,21-23点,http://mfsm.kvov.com/fx/1998-01-22/mfsmm-23-2.html,14,77%,本命 坐守 天梁 天官,声望清贵。
1998-01-22,female,女命,23,21-23点,http://mfsm.kvov.com/fx/1998-01-22/mfsmm-23-2.html,15,77%,本命 坐守 天梁 天空,言不能起行。
1998-01-22,female,女命,23,21-23点,http://mfsm.kvov.com/fx/1998-01-22/mfsmm-23-2.html,16,75%,"本命 坐守 天梁
本命 加会1个及以上 擎羊 天刑",多官司或是非，因病动手术。
1998-01-22,female,女命,23,21-23点,http://mfsm.kvov.com/fx/1998-01-22/mfsmm-23-2.html,17,75%,"本命 坐守 天梁
本命 加会1个及以上 化忌 擎羊 陀罗 火星 铃星 天刑","人生有不平凡的际遇。
有灾难，能凭本身的力量去加以化解，不过危险重重。"
1998-01-22,female,女命,23,21-23点,http://mfsm.kvov.com/fx/1998-01-22/mfsmm-23-2.html,18,75%,"本命 坐守 天梁
本命 加会1个及以上 禄存 化禄",不易为人敬服，多招怨恨是非，虽能发财却多困难忧虑。
1998-01-22,female,女命,23,21-23点,http://mfsm.kvov.com/fx/1998-01-22/mfsmm-23-2.html,19,75%,"本命 坐守 天同
本命 加会1个及以上 火星 铃星",多逆境。
1998-01-22,female,女命,23,21-23点,http://mfsm.kvov.com/fx/1998-01-22/mfsmm-23-2.html,20,74%,"本命 官禄宫 坐守 天机
本命 官禄宫 不坐守 化权",基本性质为事业变动，一生中事业多变，不守一业，可能终其一生，转职转业百数十趟，以致岁月蹉跎，不但中晚年难有多成，而且潦倒不堪，故需要注意事业运的发展，于早年便该力求稳定，减少不必要的变化。不过，有此星系在事业宫者，想转工转业时，自然有一千一万个理由，不得不变。
1998-01-22,female,女命,23,21-23点,http://mfsm.kvov.com/fx/1998-01-22/mfsmm-23-2.html,21,74%,"本命 坐守 天同
本命 不坐守 化忌",有音乐方面的才能或喜爱优美的事物。
1998-01-22,female,女命,23,21-23点,http://mfsm.kvov.com/fx/1998-01-22/mfsmm-23-2.html,22,74%,"本命 父母宫 坐守 武曲
本命 父母宫 不坐守 天府",与父母刑克。
1998-01-22,female,女命,23,21-23点,http://mfsm.kvov.com/fx/1998-01-22/mfsmm-23-2.html,23,74%,本命 财帛宫 加会 禄存 化禄,财能积储。
1998-01-22,female,女命,23,21-23点,http://mfsm.kvov.com/fx/1998-01-22/mfsmm-23-2.html,24,73%,"本命 坐守 天空
本命 坐守1个及以上 红鸾 天喜",平易近人，女命可能人缘太好，会惹起困扰。
1998-01-22,female,女命,23,21-23点,http://mfsm.kvov.com/fx/1998-01-22/mfsmm-23-2.html,25,72%,"本命 交友宫 坐守 破军
本命 交友宫 三方四正不见 禄存 化禄",友人或下属基本不利。
1998-01-22,female,女命,23,21-23点,http://mfsm.kvov.com/fx/1998-01-22/mfsmm-23-2.html,26,71%,本命 夫妻宫 坐守 化忌,"夫妻缘份较薄，潜在意识里，对配偶有所亏欠想珍惜、弥补他(她)，替他(她)分忧解劳，在意配偶。
初恋不易结合，结婚过程较会有不顺现象，晚婚为宜，早婚会为对方付出较多。"
1998-01-22,female,女命,23,21-23点,http://mfsm.kvov.com/fx/1998-01-22/mfsmm-23-2.html,27,71%,本命 命宫 坐守 天同,体态丰满，眉清目秀，眼神仁慈。
1998-01-22,female,女命,23,21-23点,http://mfsm.kvov.com/fx/1998-01-22/mfsmm-23-2.html,28,71%,身宫 坐守 化忌,多疑任性，好管闲事，人际关系不佳，常与人起冲突，为人极易钻牛角尖，思想上易顽固不化，个性强善嫉妒，做事每易功败垂成。
1998-01-22,female,女命,23,21-23点,http://mfsm.kvov.com/fx/1998-01-22/mfsmm-23-2.html,29,71%,本命 子女宫 坐守 廉贞,多与子女两代感情浓厚，有隔膜也能互相谅解。
1998-01-22,female,女命,23,21-23点,http://mfsm.kvov.com/fx/1998-01-22/mfsmm-23-2.html,30,71%,本命 夫妻宫 坐守 巨门,配偶疑心重，较优柔寡断，因为对方而感到辛苦。占有欲强，常易因嫉妒生口角，故年龄差距宜大。女命以配年长之夫为宜，男命也宜与比自己大一两年之妻，则夫妻易于彼此迁就，此为趋避之道。如果婚姻对象是自己比对方年长，则易相克不和。
1998-01-22,female,女命,23,21-23点,http://mfsm.kvov.com/fx/1998-01-22/mfsmm-23-2.html,31,71%,本命 交友宫 坐守 紫微,吉曜吉化愈多，左辅、右弼、天魁、天钺、文昌、文曲、禄存、化禄、化权、化科齐备，主下属甚强，甚有才能，下属虽拥护自己，但是却由于自己远不如他们，故他们实际却是看轻命造，命造的意愿或决定，每每为下属所抵制，或是自身要接受下属的安排。这种关系下，自己既无领导之能，下属亦因上司能力不如已，而感不甘心。在朋友关系方面，紫微会诸吉，亦如原文所言，得宽厚诚实之友。
1998-01-22,female,女命,23,21-23点,http://mfsm.kvov.com/fx/1998-01-22/mfsmm-23-2.html,32,71%,本命 坐守 天同,"一般均微胖丰满，虽丰满而仍眉清目秀。
软弱，善化凶，易有享受，先贫后福，先无后有，往往需要经历艰辛。"
1998-01-22,female,女命,23,21-23点,http://mfsm.kvov.com/fx/1998-01-22/mfsmm-23-2.html,33,71%,本命 交友宫 坐守 破军,容易结交小人，不仅朋友无助力，还会因友破财，或事业钱财因下属不忠而遭破败。
1998-01-22,female,女命,23,21-23点,http://mfsm.kvov.com/fx/1998-01-22/mfsmm-23-2.html,34,71%,本命 福德宫 坐守 太阳,自尊心强，荣誉感重。
1998-01-22,female,女命,23,21-23点,http://mfsm.kvov.com/fx/1998-01-22/mfsmm-23-2.html,35,71%,本命 财帛宫 坐守 化禄,有财，喜欢赚钱，并忙碌着赚钱，可得人缘之财。
1998-01-22,female,女命,23,21-23点,http://mfsm.kvov.com/fx/1998-01-22/mfsmm-23-2.html,36,71%,本命 命宫 坐守 天梁,"有点孤克、懒散、随便、拖延，人生欠积极，有佛道信仰。
宜从事哲学方面的研究。"
1998-01-22,female,女命,23,21-23点,http://mfsm.kvov.com/fx/1998-01-22/mfsmm-23-2.html,37,71%,本命 命宫 坐守 化权,"性刚、自负、任性、霸道，主观意识较强，处事有原则性。
喜欢掌权，有才华、专业技能、具领导格局。"
1998-01-22,female,女命,23,21-23点,http://mfsm.kvov.com/fx/1998-01-22/mfsmm-23-2.html,38,71%,本命 坐守 天梁,"体态虽不算丰厚圆满，但行藏举止自然有一段厚重之气，稳重大方。
不宜经商，自身有消灾解难的性质，所以终能雨过天晴。"
1998-01-22,female,女命,23,21-23点,http://mfsm.kvov.com/fx/1998-01-22/mfsmm-23-2.html,39,71%,本命 官禄宫 坐守 化科,在工作事业上擅於计划，工作平顺、稳定较喜安定，有贵人扶助，求学过程平顺，有功名。
1998-01-22,female,女命,23,21-23点,http://mfsm.kvov.com/fx/1998-01-22/mfsmm-23-2.html,40,71%,本命 官禄宫 坐守 禄存,一般只宜经营现成事业，或作受薪阶级，不作富论。
1998-01-22,female,女命,23,21-23点,http://mfsm.kvov.com/fx/1998-01-22/mfsmm-23-2.html,41,71%,本命 官禄宫 坐守 天机,从事行业带不稳定性质为宜，零售业无固定客户，为其一例，此外如运输、交通、旅游、传播等行业，也带不稳定色彩。
1998-01-22,female,女命,23,21-23点,http://mfsm.kvov.com/fx/1998-01-22/mfsmm-23-2.html,42,67%,本命 夫妻宫 坐守 地空,会晚婚，知音难求。晚年可能孤独，配偶不在身边。
1998-01-22,female,女命,23,21-23点,http://mfsm.kvov.com/fx/1998-01-22/mfsmm-23-2.html,43,67%,本命 坐守 火星,面型上小下大，或上方下圆而带棱角，毛发多异生。
1998-01-22,female,女命,23,21-23点,http://mfsm.kvov.com/fx/1998-01-22/mfsmm-23-2.html,44,67%,本命 疾病宫 坐守 铃星,身体强壮少病。
1998-01-22,female,女命,23,21-23点,http://mfsm.kvov.com/fx/1998-01-22/mfsmm-23-2.html,45,66%,本命 交友宫 加会3个及以上 文昌 文曲 左辅 右弼 天魁 天钺,可得朋友帮助。
1998-01-22,female,女命,23,21-23点,http://mfsm.kvov.com/fx/1998-01-22/mfsmm-23-2.html,46,66%,丁年出生,过于计较又严肃，缺乏幽默感，无法谈笑自如且有些自卑感，不然就是会掩饰真象而言过其实，加上疑心病重，所以很难付出真感情，也不容易有浪漫的感情际遇。
1998-01-22,female,女命,23,21-23点,http://mfsm.kvov.com/fx/1998-01-22/mfsmm-23-2.html,47,64%,本命 子女宫 加会 文昌 文曲,子女聪明。
1998-01-22,female,女命,23,21-23点,http://mfsm.kvov.com/fx/1998-01-22/mfsmm-23-2.html,48,64%,身宫 坐守 天姚,自身性喜风流，多疑惑，美姿容。
1998-01-22,female,女命,23,21-23点,http://mfsm.kvov.com/fx/1998-01-22/mfsmm-23-2.html,49,64%,本命 夫妻宫 坐守 八座,自身多是天生孤独命。
1998-01-22,female,女命,23,21-23点,http://mfsm.kvov.com/fx/1998-01-22/mfsmm-23-2.html,50,64%,本命 坐守 天月,不喜欢与人争，安份守己，但有时过于消极没有活力，容易无病呻吟，要特别留意。
1998-01-22,female,女命,23,21-23点,http://mfsm.kvov.com/fx/1998-01-22/mfsmm-23-2.html,51,64%,本命 夫妻宫 坐守 天姚,在婚前有很多接触异性的机会，往往难以一次恋爱就成功，通常是多次恋爱后方能取得伴侣。
1998-01-22,female,女命,23,21-23点,http://mfsm.kvov.com/fx/1998-01-22/mfsmm-23-2.html,52,64%,本命 坐守 孤辰,个小。自身多是天生孤独命。个性独立自主，防卫心过重，不容易与人亲近，也不轻言相信他人，对事情的判断能力好，聪明且见解独道，不过，有时容易固执己见，本身与六亲的缘份也较为淡薄。
1998-01-22,female,女命,23,21-23点,http://mfsm.kvov.com/fx/1998-01-22/mfsmm-23-2.html,53,64%,本命 财帛宫 加会 天魁 天钺,有生财的机会，常常由于曲章制度的改变而带来。
1998-01-22,female,女命,23,21-23点,http://mfsm.kvov.com/fx/1998-01-22/mfsmm-23-2.html,54,64%,本命 坐守 三台,人相貌体态威仪可观。
1998-01-22,female,女命,23,21-23点,http://mfsm.kvov.com/fx/1998-01-22/mfsmm-23-2.html,55,64%,本命 坐守 天空,思想独特超脱，不易为人理，有时为空想。
1998-01-22,female,女命,23,21-23点,http://mfsm.kvov.com/fx/1998-01-22/mfsmm-23-2.html,56,64%,本命 坐守 红鸾,容易吸引异性的注意，易于早婚。
1998-01-22,female,女命,23,21-23点,http://mfsm.kvov.com/fx/1998-01-22/mfsmm-23-2.html,57,64%,本命 田宅宫 坐守 天厨,得政府或企业之恩惠、津贴。
1998-01-22,female,女命,23,21-23点,http://mfsm.kvov.com/fx/1998-01-22/mfsmm-23-2.html,58,64%,本命 福德宫 加会 地劫 地空,兴趣爱好、生活习惯较为特殊。
1998-01-22,female,女命,23,21-23点,http://mfsm.kvov.com/fx/1998-01-22/mfsmm-23-2.html,59,63%,"本命 坐守1个及以上 贪狼 廉贞 红鸾 天喜 咸池 天姚 沐浴
本命 加会1个及以上 禄存 化禄",有创造力，可以拥有独特的创意，可通过从事艺术类的工作而发达。
1998-01-22,female,女命,23,21-23点,http://mfsm.kvov.com/fx/1998-01-22/mfsmm-23-2.html,60,61%,本命 交友宫 加会2个及以上 左辅 右弼 天魁 天钺 化禄 化权 化科,得正直之友，助力大，并得下属拥护。
1998-01-22,female,女命,23,21-23点,http://mfsm.kvov.com/fx/1998-01-22/mfsmm-23-2.html,61,61%,本命 夫妻宫 加会2个及以上 红鸾 天喜 咸池 天姚 沐浴,有选择较潇洒花俏的对象倾向外，在对异性的感情方面，也会较感性和感情较丰富。
1998-01-22,female,女命,23,21-23点,http://mfsm.kvov.com/fx/1998-01-22/mfsmm-23-2.html,62,61%,本命 寅宫,爱动脑，聪明勤劳，一生奔波，喜动不喜静，身心都动，喜行中庸之道，做事须经计谋劳心而获成功。
1998-01-22,female,女命,23,21-23点,http://mfsm.kvov.com/fx/1998-01-22/mfsmm-23-2.html,63,60%,本命 田宅宫 加会 龙池 凤阁,房屋美观、清洁。
1998-01-22,female,女命,23,21-23点,http://mfsm.kvov.com/fx/1998-01-22/mfsmm-23-2.html,64,59%,本命 坐守1个及以上 红鸾 天喜 咸池 天姚 沐浴,自身易有异性缘。
1998-01-22,female,女命,23,21-23点,http://mfsm.kvov.com/fx/1998-01-22/mfsmm-23-2.html,65,59%,身宫 坐守1个及以上 咸池 天姚 沐浴,自身有桃花的困扰。
1998-01-22,female,女命,23,21-23点,http://mfsm.kvov.com/fx/1998-01-22/mfsmm-23-2.html,66,59%,本命 夫妻宫 坐守1个及以上 八座 三台,配偶较重名利，物质欲望高。
1998-01-22,female,女命,23,21-23点,http://mfsm.kvov.com/fx/1998-01-22/mfsmm-23-2.html,67,59%,本命 财帛宫 坐守1个及以上 地劫 地空 天空 旬空,不适合做生意，容易资金短缺。在网上开店做生意反而合适，因为网店在卖出货物之后，要等到买家确认收货才能收到钱，这本身就是一种“资金拖延”。
1998-01-22,female,女命,23,21-23点,http://mfsm.kvov.com/fx/1998-01-22/mfsmm-23-2.html,68,59%,本命 夫妻宫 坐守1个及以上 贪狼 巨门 破军 七杀 文昌 文曲 左辅 右弼 天魁 天钺 咸池 天姚,易有桃花。
1998-01-22,female,女命,23,21-23点,http://mfsm.kvov.com/fx/1998-01-22/mfsmm-23-2.html,69,59%,本命 夫妻宫 坐守1个及以上 火星 铃星 地劫 地空 陀罗 擎羊,配偶往往多有特殊个性或刚强，有主见，有时会增加婚姻的纠纷与争执，多多少少有些困扰。
1998-01-22,female,女命,23,21-23点,http://mfsm.kvov.com/fx/1998-01-22/mfsmm-23-2.html,70,59%,本命 夫妻宫 坐守1个及以上 地劫 地空 陀罗 擎羊,家庭生活单调，夫妻关系较为冷漠。
1998-01-22,female,女命,23,21-23点,http://mfsm.kvov.com/fx/1998-01-22/mfsmm-23-2.html,71,58%,本命 田宅宫 坐守 长生,可增置产业。
1998-01-22,female,女命,23,21-23点,http://mfsm.kvov.com/fx/1998-01-22/mfsmm-23-2.html,72,58%,本命 夫妻宫 坐守 病符,有多疑的意思，也会疑心生暗鬼，而去偷查另一半的简讯或手机通话记录，就因为这种猜忌与不安全感，最后很可能逼得另一半弄假成真。
1998-01-22,female,女命,23,21-23点,http://mfsm.kvov.com/fx/1998-01-22/mfsmm-23-2.html,73,55%,"本命 加会1个及以上 火星 铃星
本命 三方四正不见 贪狼",秀而不实福泽有损（富不全），或富贵只得其一，或富不很富，贵不很贵，或因富贵致祸，或人生有其他缺憾。
1998-01-22,female,女命,23,21-23点,http://mfsm.kvov.com/fx/1998-01-22/mfsmm-23-2.html,74,54%,本命 福德宫 加会1个及以上 孤辰 寡宿,精神空虚，思想独立。
1998-01-22,female,女命,23,21-23点,http://mfsm.kvov.com/fx/1998-01-22/mfsmm-23-2.html,75,54%,本命 加会1个及以上 火星 铃星,一生容易从事体力、劳力的工作，自身体能也较佳，具爆发力。
1998-01-22,female,女命,23,21-23点,http://mfsm.kvov.com/fx/1998-01-22/mfsmm-23-2.html,76,50%,身宫 夫妻宫,家庭观念较重，对爱情敏感。星系组合吉者，夫妻感情好，对配偶非常关怀，体贴入微，可因婚姻获益；星系组合不好者，易被感情所困，易陷于单相思，感情苦恼，婚姻不美满。女命对夫家和娘家均关心。
1998-01-22,female,女命,24,23-24点,http://mfsm.kvov.com/fx/1998-01-22/mfsmm-24-2.html,1,82%,"本命 官禄宫 坐守 武曲
本命 官禄宫 加会2个及以上 化忌 地劫 地空 陀罗 擎羊",功名无望。
1998-01-22,female,女命,24,23-24点,http://mfsm.kvov.com/fx/1998-01-22/mfsmm-24-2.html,2,82%,"本命 坐守 廉贞
本命 财帛宫 加会2个及以上 化忌 火星 铃星 地劫 地空 陀罗 擎羊",无偏财，不宜彩券，遭窃，因赌而输。
1998-01-22,female,女命,24,23-24点,http://mfsm.kvov.com/fx/1998-01-22/mfsmm-24-2.html,3,82%,"本命 官禄宫 坐守 武曲
本命 官禄宫 加会 天马
本命 官禄宫 三方四正不见 禄存 化禄",流动生财。
1998-01-22,female,女命,24,23-24点,http://mfsm.kvov.com/fx/1998-01-22/mfsmm-24-2.html,4,82%,"本命 财帛宫 坐守 贪狼
本命 财帛宫 加会2个及以上 地劫 地空 陀罗 擎羊 大耗",以不投机为宜，否则倾家。不从事投机，则仅代表事业上有极大竞争，或计划常因客观环境影响而生变化，虽受一时损失，容易东山复起。
1998-01-22,female,女命,24,23-24点,http://mfsm.kvov.com/fx/1998-01-22/mfsmm-24-2.html,5,82%,"本命 坐守 七杀
本命 加会2个及以上 擎羊 陀罗 火星 铃星 地劫 地空",眼神威而锐。
1998-01-22,female,女命,24,23-24点,http://mfsm.kvov.com/fx/1998-01-22/mfsmm-24-2.html,6,82%,"本命 坐守 七杀
本命 加会2个及以上 化忌 火星 铃星 地劫 地空 陀罗 擎羊",大起大落，防暴发暴败，纵然有一时发达也难长久，结局大多不佳。
1998-01-22,female,女命,24,23-24点,http://mfsm.kvov.com/fx/1998-01-22/mfsmm-24-2.html,7,80%,本命 官禄宫 坐守 破军 陀罗,职业多变。
1998-01-22,female,女命,24,23-24点,http://mfsm.kvov.com/fx/1998-01-22/mfsmm-24-2.html,8,80%,"本命 官禄宫 坐守 破军
本命 官禄宫 坐守1个及以上 陀罗 擎羊",若无一技防身，则必终生不能有为，以致晚年困苦。
1998-01-22,female,女命,24,23-24点,http://mfsm.kvov.com/fx/1998-01-22/mfsmm-24-2.html,9,80%,"本命 官禄宫 坐守 破军
本命 官禄宫 坐守1个及以上 火星 铃星 地劫 地空 陀罗 擎羊",宜以工程技术起家，从商者必多挫折，纵能化险为夷，也劳心伤神。
1998-01-22,female,女命,24,23-24点,http://mfsm.kvov.com/fx/1998-01-22/mfsmm-24-2.html,10,80%,本命 官禄宫 坐守 武曲 陀罗,因金钱问题而闹出纠纷、麻烦。
1998-01-22,female,女命,24,23-24点,http://mfsm.kvov.com/fx/1998-01-22/mfsmm-24-2.html,11,76%,本命 加会 武曲 七杀 天厨,可经营饮食业。
1998-01-22,female,女命,24,23-24点,http://mfsm.kvov.com/fx/1998-01-22/mfsmm-24-2.html,12,75%,"本命 坐守 廉贞
本命 加会1个及以上 文昌 文曲 化科 龙池 凤阁 天才",好礼义。
1998-01-22,female,女命,24,23-24点,http://mfsm.kvov.com/fx/1998-01-22/mfsmm-24-2.html,13,75%,"本命 坐守 七杀
本命 命宫 加会1个及以上 大耗 地劫 地空","一生必有一次重大挫折。
如从事实业，能恢复元气，绝对不宜投机，易生破败，如投机很有可能一蹶不振无东山复起的机会。
从商，能善任手下工作人员。"
1998-01-22,female,女命,24,23-24点,http://mfsm.kvov.com/fx/1998-01-22/mfsmm-24-2.html,14,75%,"本命 迁移宫 坐守 天府
本命 迁移宫 加会1个及以上 禄存 化禄",出行得福，在外发展得利益。
1998-01-22,female,女命,24,23-24点,http://mfsm.kvov.com/fx/1998-01-22/mfsmm-24-2.html,15,75%,"本命 坐守 七杀
本命 加会1个及以上 化忌 火星 铃星 地劫 地空 陀罗 擎羊",人生必有缺陷，或不能富贵，或配偶刑克分离，或无子女，或有女而无子，或多疾病。如果六亲无缺，身体健康，则往往不能富贵。
1998-01-22,female,女命,24,23-24点,http://mfsm.kvov.com/fx/1998-01-22/mfsmm-24-2.html,16,75%,"本命 财帛宫 坐守 贪狼
本命 财帛宫 加会1个及以上 廉贞 红鸾 天喜 咸池 天姚 沐浴",会因美色而破财遭灾，宜赚娱乐之财、异性之财，或经营娱乐行业，以求趋避。
1998-01-22,female,女命,24,23-24点,http://mfsm.kvov.com/fx/1998-01-22/mfsmm-24-2.html,17,75%,"本命 坐守 廉贞
本命 加会1个及以上 陀罗 擎羊",身体多伤灾，或与人争斗受伤。
1998-01-22,female,女命,24,23-24点,http://mfsm.kvov.com/fx/1998-01-22/mfsmm-24-2.html,18,75%,"本命 坐守 七杀
本命 加会1个及以上 文昌 文曲 龙池 凤阁 天才",在技艺上有聪明才智。
1998-01-22,female,女命,24,23-24点,http://mfsm.kvov.com/fx/1998-01-22/mfsmm-24-2.html,19,74%,本命 父母宫 加会 太阳 太阴,祖产败退，克父母。
1998-01-22,female,女命,24,23-24点,http://mfsm.kvov.com/fx/1998-01-22/mfsmm-24-2.html,20,74%,本命 命宫 加会 贪狼 廉贞,有色彩感，爱好艺术，喜运动或跳舞。
1998-01-22,female,女命,24,23-24点,http://mfsm.kvov.com/fx/1998-01-22/mfsmm-24-2.html,21,73%,"本命 坐守1个及以上 贪狼 廉贞 红鸾 天喜 咸池 天姚 沐浴
本命 夫妻宫 加会 地劫 地空","会因配偶或本身外遇而蒙受损失。
通常是惯性外遇，一生中可能重复发生，直至家败人散。"
1998-01-22,female,女命,24,23-24点,http://mfsm.kvov.com/fx/1998-01-22/mfsmm-24-2.html,22,71%,本命 官禄宫 坐守 破军,宜注意新产品，新技术，或从事冒险性行业。
1998-01-22,female,女命,24,23-24点,http://mfsm.kvov.com/fx/1998-01-22/mfsmm-24-2.html,23,71%,本命 子女宫 坐守 巨门,长子难养，多损头胎，以迟得为宜。子女口才好，内向，有代沟，顽固，思想相背。
1998-01-22,female,女命,24,23-24点,http://mfsm.kvov.com/fx/1998-01-22/mfsmm-24-2.html,24,71%,本命 官禄宫 坐守 武曲,适宜武职，即军人、警察及其他刑法纪律部队，经商，可从事营业工作，推销商品和推销各种服务。
1998-01-22,female,女命,24,23-24点,http://mfsm.kvov.com/fx/1998-01-22/mfsmm-24-2.html,25,71%,本命 疾病宫 坐守 化禄,脾气好，幼年多灾病、难善、过房吃别人家水、米、或给神明当儿子，有解厄之功。
1998-01-22,female,女命,24,23-24点,http://mfsm.kvov.com/fx/1998-01-22/mfsmm-24-2.html,26,71%,身宫 坐守 七杀,"多白手兴家，崛起于草莽，或身无分文转瞬却腰缠万贯，或功成名就之中却又一朝暴败，钱财散尽。
经商从公皆可，经商宜以经营实业，若投机有倾家荡产之危险。
多从事开创性的行业具危险性之工作，如建筑业、重工业、生产业、机械、车辆、运输、医师、格斗武术、运动员、警察、军人、证券、金融、外销、公司老板、实业家等。"
1998-01-22,female,女命,24,23-24点,http://mfsm.kvov.com/fx/1998-01-22/mfsmm-24-2.html,27,71%,本命 坐守 七杀,"多白手兴家，崛起于草莽，或身无分文转瞬却腰缠万贯，或功成名就之中却又一朝暴败，钱财散尽。
经商从公皆可，经商宜以经营实业，若投机有倾家荡产之危险。
多从事开创性的行业具危险性之工作，如建筑业、重工业、生产业、机械、车辆、运输、医师、格斗武术、运动员、警察、军人、证券、金融、外销、公司老板、实业家等。"
1998-01-22,female,女命,24,23-24点,http://mfsm.kvov.com/fx/1998-01-22/mfsmm-24-2.html,28,71%,本命 疾病宫 坐守 化科,聪明、幽默、风趣、风度、脾气好，健康上无大灾大难，能逢凶化吉，化险为夷，身材匀称，爱打扮。
1998-01-22,female,女命,24,23-24点,http://mfsm.kvov.com/fx/1998-01-22/mfsmm-24-2.html,29,71%,本命 夫妻宫 坐守 天相,配偶有正义感，乐于助人。
1998-01-22,female,女命,24,23-24点,http://mfsm.kvov.com/fx/1998-01-22/mfsmm-24-2.html,30,71%,本命 财帛宫 坐守 紫微,财缘稳定，属正当之财，一生不愁钱财。
1998-01-22,female,女命,24,23-24点,http://mfsm.kvov.com/fx/1998-01-22/mfsmm-24-2.html,31,71%,本命 迁移宫 坐守 天府,出外有贵人，发展安定，能稳步发展。
1998-01-22,female,女命,24,23-24点,http://mfsm.kvov.com/fx/1998-01-22/mfsmm-24-2.html,32,71%,本命 交友宫 坐守 太阳,"为下属、为朋友，做过好事，也得不到多谢，回报更不必论了，反而遭到怪责和埋怨。
朋友众多，下属众多，自身亦对他们有所帮助，只是不得好感。"
1998-01-22,female,女命,24,23-24点,http://mfsm.kvov.com/fx/1998-01-22/mfsmm-24-2.html,33,71%,本命 疾病宫 坐守 太阴,"易有肾、泌尿生殖器、腰腹疾患。虚亏、鼓胀、脚肿、湿气、脾胃、阴萎、泻痢、小肠湿热之症。也因肾脏不健全，常致眼睛昏花。太阴主肾、泌尿生殖器、腰及下腹之疾患。
症状：腰痛、腹痛、喉干、舌苔增多、生理不调、腹冷、咳嗽、耳鸣、脚肢无力、早泄、多尿、视力衰退等。
女性得妇科病。"
1998-01-22,female,女命,24,23-24点,http://mfsm.kvov.com/fx/1998-01-22/mfsmm-24-2.html,34,71%,本命 命宫 坐守 廉贞,多言，眼神露光，眼眉露骨，两颧露棱。
1998-01-22,female,女命,24,23-24点,http://mfsm.kvov.com/fx/1998-01-22/mfsmm-24-2.html,35,71%,本命 田宅宫 坐守 化权,有不动产，不管有无祖产，喜购不动产，且房饰较喜摆阔，在家里喜掌权与家人有争执。
1998-01-22,female,女命,24,23-24点,http://mfsm.kvov.com/fx/1998-01-22/mfsmm-24-2.html,36,71%,本命 田宅宫 坐守 天同,白手兴家，可以置业。没有祖业承继，但却可以自置物业。
1998-01-22,female,女命,24,23-24点,http://mfsm.kvov.com/fx/1998-01-22/mfsmm-24-2.html,37,71%,本命 子女宫 坐守 化忌,有亏欠子女的感受，有溺爱子女之象，与子女缘份较薄或得子较晚，或生产较不顺之象，较不宜合作，需注意意外。
1998-01-22,female,女命,24,23-24点,http://mfsm.kvov.com/fx/1998-01-22/mfsmm-24-2.html,38,71%,本命 交友宫 坐守 禄存,劳碌。一生只是较辛苦、奔波。
1998-01-22,female,女命,24,23-24点,http://mfsm.kvov.com/fx/1998-01-22/mfsmm-24-2.html,39,71%,本命 坐守 廉贞,"重感情，欠理智，有风度，有可能任情放纵，幽默，可是内心却主观极强，不易对人迁就。
有美术的爱好，特别倾向于书画。
在交际场合中略带幽默，不可见他轻松幽默就以为在公事上好说话，实际上很可能有一派[公事公办]的脾气。
宜从事建筑行业。"
1998-01-22,female,女命,24,23-24点,http://mfsm.kvov.com/fx/1998-01-22/mfsmm-24-2.html,40,71%,本命 财帛宫 坐守 贪狼,生性浪费，一生破耗不小，财运起伏，多为经商，宜从事冒险或投机事业，或者同时经营多种事业，财路上能得到异性帮助。
1998-01-22,female,女命,24,23-24点,http://mfsm.kvov.com/fx/1998-01-22/mfsmm-24-2.html,41,70%,"本命 财帛宫 坐守1个及以上 贪狼 巨门 破军 天梁 七杀 天机
本命 财帛宫 加会2个及以上 化忌 火星 铃星 地劫 地空 陀罗 擎羊",多为好赌之辈，可能血本无归。
1998-01-22,female,女命,24,23-24点,http://mfsm.kvov.com/fx/1998-01-22/mfsmm-24-2.html,42,69%,"本命 加会 贪狼
本命 加会1个及以上 化忌 陀罗 擎羊",多感情复杂之纠纷。
1998-01-22,female,女命,24,23-24点,http://mfsm.kvov.com/fx/1998-01-22/mfsmm-24-2.html,43,69%,"本命 加会 贪狼
本命 加会1个及以上 陀罗 擎羊",不宜投机，有也易横发横破。
1998-01-22,female,女命,24,23-24点,http://mfsm.kvov.com/fx/1998-01-22/mfsmm-24-2.html,44,68%,"本命 坐守1个及以上 贪狼 七杀
身宫 坐守1个及以上 贪狼 七杀",男多有窃盗，女多有不正之情，不易有婚姻。
1998-01-22,female,女命,24,23-24点,http://mfsm.kvov.com/fx/1998-01-22/mfsmm-24-2.html,45,67%,本命 夫妻宫 坐守 地空,会晚婚，知音难求。晚年可能孤独，配偶不在身边。
1998-01-22,female,女命,24,23-24点,http://mfsm.kvov.com/fx/1998-01-22/mfsmm-24-2.html,46,67%,本命 夫妻宫 坐守 天魁,配偶长相不错，体贴有责任感，人际关系好，外缘佳，常受到贵人的帮助。不过，中晚年后夫妻容易有隔阂，因而感情受到波折。自身异性缘佳，常常受到异性或配偶的帮助。
1998-01-22,female,女命,24,23-24点,http://mfsm.kvov.com/fx/1998-01-22/mfsmm-24-2.html,47,67%,本命 迁移宫 坐守 擎羊,为人直爽，但会得罪人，必然遭到他人的记恨。
1998-01-22,female,女命,24,23-24点,http://mfsm.kvov.com/fx/1998-01-22/mfsmm-24-2.html,48,67%,本命 官禄宫 坐守 陀罗,宜从事工艺、工程，不宜经商，常陷于胶着状态，不但事业发展缓慢，而且往往有名无实，权力被挂空，有时也代表事业反覆，难安居、坐享其成。
1998-01-22,female,女命,24,23-24点,http://mfsm.kvov.com/fx/1998-01-22/mfsmm-24-2.html,49,67%,本命 夫妻宫 坐守 天马,自身热情而愿意为爱情牺牲奉献，有服侍之精神而且不辞劳苦。
1998-01-22,female,女命,24,23-24点,http://mfsm.kvov.com/fx/1998-01-22/mfsmm-24-2.html,50,67%,本命 夫妻宫 坐守 地劫,知音难求。晚年可能会孤独，配偶不在身边。
1998-01-22,female,女命,24,23-24点,http://mfsm.kvov.com/fx/1998-01-22/mfsmm-24-2.html,51,67%,本命 福德宫 独坐 火星,独守性燥、忧虑、不安，劳力辛勤。
1998-01-22,female,女命,24,23-24点,http://mfsm.kvov.com/fx/1998-01-22/mfsmm-24-2.html,52,67%,本命 福德宫 空宫,希望能有段美好的婚姻感情，但是通常难以如愿，往往婚姻感情都需要付出很大的努力。
1998-01-22,female,女命,24,23-24点,http://mfsm.kvov.com/fx/1998-01-22/mfsmm-24-2.html,53,67%,本命 夫妻宫 坐守 右弼,较有私情、单恋，婚前易同时有两位异性出现。也可能婚后易有外遇，或再婚的情况。
1998-01-22,female,女命,24,23-24点,http://mfsm.kvov.com/fx/1998-01-22/mfsmm-24-2.html,54,67%,本命 福德宫 坐守 火星,忙碌少清闲，精神生活不安，少乐多忧。内心脾气大，在婚姻中，容易一言不合就生气，需要注意情绪控制。
1998-01-22,female,女命,24,23-24点,http://mfsm.kvov.com/fx/1998-01-22/mfsmm-24-2.html,55,64%,本命 官禄宫 加会 地劫 地空,一般情况下宜从事较冷僻的行业，或奇兵突出，其营运手法出乎同行的意料之外，唯最忌志大才疏，则终身事业难以振作。
1998-01-22,female,女命,24,23-24点,http://mfsm.kvov.com/fx/1998-01-22/mfsmm-24-2.html,56,64%,"本命 迁移宫 加会 天马
本命 迁移宫 加会1个及以上 禄存 化禄",经商，劳碌，运气好，被人赏识的机会多。
1998-01-22,female,女命,24,23-24点,http://mfsm.kvov.com/fx/1998-01-22/mfsmm-24-2.html,57,64%,本命 财帛宫 坐守 蜚廉,虽能得财但多枝节，宜以刑法是非求财。
1998-01-22,female,女命,24,23-24点,http://mfsm.kvov.com/fx/1998-01-22/mfsmm-24-2.html,58,64%,本命 官禄宫 加会 天魁 天钺,事业上多贵人，特别是上级、尊长的支持，凡遇困难都会逢凶化吉。
1998-01-22,female,女命,24,23-24点,http://mfsm.kvov.com/fx/1998-01-22/mfsmm-24-2.html,59,64%,本命 福德宫 加会 火星 地空,灵感多、感悟多，也表示思想不随俗。
1998-01-22,female,女命,24,23-24点,http://mfsm.kvov.com/fx/1998-01-22/mfsmm-24-2.html,60,64%,本命 迁移宫 加会 地劫 地空,朋友交不长久，常变动；或与主管、老板缘薄。
1998-01-22,female,女命,24,23-24点,http://mfsm.kvov.com/fx/1998-01-22/mfsmm-24-2.html,61,64%,本命 财帛宫 坐守 旬空,财运会因自己而耽误。
1998-01-22,female,女命,24,23-24点,http://mfsm.kvov.com/fx/1998-01-22/mfsmm-24-2.html,62,64%,本命 夫妻宫 坐守 天巫,夫妻关系良好，遇到问题困难，都能相互帮助解决，另一半的工作能力强，有不错的成就。
1998-01-22,female,女命,24,23-24点,http://mfsm.kvov.com/fx/1998-01-22/mfsmm-24-2.html,63,64%,本命 夫妻宫 加会 地劫 地空,夫妻或因为周遭因素不能常相聚。
1998-01-22,female,女命,24,23-24点,http://mfsm.kvov.com/fx/1998-01-22/mfsmm-24-2.html,64,64%,本命 子女宫 加会 文昌 文曲,子女聪明。
1998-01-22,female,女命,24,23-24点,http://mfsm.kvov.com/fx/1998-01-22/mfsmm-24-2.html,65,64%,本命 坐守 华盖,喜探索神秘事物，大都有宗教信仰。
1998-01-22,female,女命,24,23-24点,http://mfsm.kvov.com/fx/1998-01-22/mfsmm-24-2.html,66,64%,本命 坐守 破碎,多形孤。
1998-01-22,female,女命,24,23-24点,http://mfsm.kvov.com/fx/1998-01-22/mfsmm-24-2.html,67,61%,本命 夫妻宫 加会2个及以上 火星 铃星 地劫 地空 陀罗 擎羊,夫妻关系多半不佳，多口舌是非、争吵、冷战甚至会离异。
1998-01-22,female,女命,24,23-24点,http://mfsm.kvov.com/fx/1998-01-22/mfsmm-24-2.html,68,61%,本命 迁移宫 加会2个及以上 左辅 右弼 天魁 天钺,工作职业，外出多得贵人扶助，逢凶化吉，而发财。动中每得贵人扶助，逢凶化吉。
1998-01-22,female,女命,24,23-24点,http://mfsm.kvov.com/fx/1998-01-22/mfsmm-24-2.html,69,61%,本命 加会2个及以上 化忌 地劫 地空 陀罗 擎羊,秀而不实福泽有损（富不全），或富贵只得其一，或富不很富，贵不很贵，或因富贵致祸，或人生有其他缺憾。
1998-01-22,female,女命,24,23-24点,http://mfsm.kvov.com/fx/1998-01-22/mfsmm-24-2.html,70,60%,本命 财帛宫 加会 龙池 凤阁,拥有技艺的优点，故主［由艺术技巧起家］，可从事和艺术有关的工作，如绘画、陶瓷、摄影等。可以凭专门技艺以求财。
1998-01-22,female,女命,24,23-24点,http://mfsm.kvov.com/fx/1998-01-22/mfsmm-24-2.html,71,60%,本命 加会 龙池 凤阁,聪明，易学习才艺。
1998-01-22,female,女命,24,23-24点,http://mfsm.kvov.com/fx/1998-01-22/mfsmm-24-2.html,72,60%,本命 官禄宫 加会 龙池 凤阁,有专业才能。
1998-01-22,female,女命,24,23-24点,http://mfsm.kvov.com/fx/1998-01-22/mfsmm-24-2.html,73,59%,本命 夫妻宫 坐守1个及以上 地劫 地空 陀罗 擎羊,家庭生活单调，夫妻关系较为冷漠。
1998-01-22,female,女命,24,23-24点,http://mfsm.kvov.com/fx/1998-01-22/mfsmm-24-2.html,74,59%,本命 财帛宫 坐守1个及以上 地劫 地空 天空 旬空,不适合做生意，容易资金短缺。在网上开店做生意反而合适，因为网店在卖出货物之后，要等到买家确认收货才能收到钱，这本身就是一种“资金拖延”。
1998-01-22,female,女命,24,23-24点,http://mfsm.kvov.com/fx/1998-01-22/mfsmm-24-2.html,75,59%,本命 子女宫 坐守1个及以上 火星 铃星,子女多远离膝下。
1998-01-22,female,女命,24,23-24点,http://mfsm.kvov.com/fx/1998-01-22/mfsmm-24-2.html,76,59%,本命 迁移宫 坐守1个及以上 化忌 陀罗 擎羊,一般表示本人社交能力不强，也无法通过社交获得好处。
1998-01-22,female,女命,24,23-24点,http://mfsm.kvov.com/fx/1998-01-22/mfsmm-24-2.html,77,59%,本命 父母宫 坐守1个及以上 地劫 地空 天空,性格受双亲影响小，自己对双亲的教育有抗拒性，会孝养父母，与父母缘份不深，与父母分居少于住在一起。
1998-01-22,female,女命,24,23-24点,http://mfsm.kvov.com/fx/1998-01-22/mfsmm-24-2.html,78,59%,本命 福德宫 坐守1个及以上 火星 铃星,虽能享福，但急躁，好投机。
1998-01-22,female,女命,24,23-24点,http://mfsm.kvov.com/fx/1998-01-22/mfsmm-24-2.html,79,59%,本命 子女宫 坐守1个及以上 化忌 火星 铃星 地劫 地空 陀罗 擎羊,易与子女孤单刑克，时起争端。
1998-01-22,female,女命,24,23-24点,http://mfsm.kvov.com/fx/1998-01-22/mfsmm-24-2.html,80,54%,本命 加会1个及以上 龙池 凤阁,有骄傲、高洁、不随俗的特性。
1998-01-22,female,女命,24,23-24点,http://mfsm.kvov.com/fx/1998-01-22/mfsmm-24-2.html,81,54%,本命 加会1个及以上 左辅 右弼 天魁 天钺,能得朋友提携、相助之力。
1998-01-22,female,女命,24,23-24点,http://mfsm.kvov.com/fx/1998-01-22/mfsmm-24-2.html,82,50%,身宫 命宫,"主观强烈，不易受外在环境之影响，讨得这类人的欢心，需要极力讨好，做到对方感觉以自我为中心。
个性强，固执，坦率耿直，口硬心软，行事之功过大都自己承担，命运可能大好也可能大坏，一般来讲，平生较劳碌。
宫吉、三方吉拱，就能大好；宫凶、三方又凶则不稳定。"
